record_id,project_name,owner,county,city,status,interested_party_type,seo_slug,slug_length,included,bucket,canonical_category,canonical_url,lastmod,description_chars,has_award,seo_flag,reason,needs_review
rec021Bfejnb7Q85r,Land Surveying Services - Demolition of Vacant OUSD Properties ,Oakland Unified School District,Alameda,Oakland,Closed,professional services,land-surveying-services-demolition-of-vacant-ousd-properties-oakland-unified-school-district,92,no,,,,2026-04-11T10:36:22-07:00,335,no,,closed_stale_no_results,no
rec02qsK477gwFAfW,UCSF Health Helen Diller Hospital – Window Treatment,University of California San Francisco,San Francisco,San Francisco,Closed,construction,ucsf-health-helen-diller-hospital-window-treatment-university-of-california-san-francisco,89,yes,results,construction,https://www.bidthebay.com/construction-project-details/ucsf-health-helen-diller-hospital-window-treatment-university-of-california-san-francisco/r/rec02qsK477gwFAfW,2026-08-21T10:23:37-07:00,360,no,,recently_closed,no
rec03HtKFOQdV19Jl,Old White Hill Grade Stabilization Project,County of Marin,Marin,Fairfax,Closed,construction,old-white-hill-grade-stabilization-project-county-of-marin,58,yes,results,construction,https://www.bidthebay.com/construction-project-details/old-white-hill-grade-stabilization-project-county-of-marin/r/rec03HtKFOQdV19Jl,2026-08-11T08:33:15-07:00,473,yes,,award_results,no
rec04vk2HQWCudCKt,Various Locations Pavement Renovation No. 89 and Sewer Replacement,San Francisco Public Works,San Francisco,San Francisco,Closed,construction,various-locations-pavement-renovation-no-89-and-sewer-replacement-san-francisco-department-of-public-works,106,yes,results,construction,https://www.bidthebay.com/construction-project-details/various-locations-pavement-renovation-no-89-and-sewer-replacement-san-francisco-department-of-public-works/r/rec04vk2HQWCudCKt,2026-09-07T11:37:33-07:00,202,no,,recently_closed,no
rec0Btg2tndu4TSU2,Gavilan Joint Community College District Architecture Services,Gavilan Joint Community College District,Santa Clara,Gilroy,Closed,professional services,gavilan-joint-community-college-district-architecture-services-gavilan-joint-community-college-district,103,no,,,,2026-04-23T03:33:19-07:00,449,no,,closed_stale_no_results,no
rec0ExvyAFeTL50DZ,Paving Improvement Project Phase 2 - Montclaire Elementary School,Cupertino Union School District,Santa Clara,Los Altos,Closed,construction,paving-improvement-project-phase-2-montclaire-elementary-school-cupertino-union-school-district,95,no,,,,2026-04-11T10:36:22-07:00,197,no,,closed_stale_no_results,no
rec0I9HyZXPxt259v,Farragut Elementary School Electrical Repair Project,City of Vallejo,Solano,Vallejo,Closed,construction,farragut-elementary-school-electrical-repair-project-city-of-vallejo,68,yes,results,construction,https://www.bidthebay.com/construction-project-details/farragut-elementary-school-electrical-repair-project-city-of-vallejo/r/rec0I9HyZXPxt259v,2026-06-04T00:13:52-07:00,550,no,,recently_closed,no
rec0LaJGJEgZqnwzU,Epoxy Flooring Maintenance and Repair Services,California Department of State Hospitals,Napa,Napa ,Closed,construction,epoxy-flooring-maintenance-and-repair-services-department-of-state-hospitals,76,yes,results,construction,https://www.bidthebay.com/construction-project-details/epoxy-flooring-maintenance-and-repair-services-department-of-state-hospitals/r/rec0LaJGJEgZqnwzU,2026-09-07T11:37:47-07:00,369,no,,recently_closed,no
rec0NgRpF9XjBsGBE,Locksmith and Door Replacement Services,California Department of Transportation (Caltrans),Alameda; Contra Costa; San Francisco; Santa Clara,"Alameda, Contra Costa, San Francisco, Santa Clara",Closed,construction,locksmith-and-door-replacement-services-cal-trans-district-4,60,no,,,,2026-09-07T15:49:52-07:00,293,no,,closed_stale_no_results,no
rec0Nxx8ym5mWpgW2,Corte Madera Intergenerational Center - Tenant Improvement Project ,Town of Corte Madera,Marin,Corte Madera,Closed,construction,corte-madera-intergenerational-center-tenant-improvement-project-town-of-corte-madera,85,yes,results,construction,https://www.bidthebay.com/construction-project-details/corte-madera-intergenerational-center-tenant-improvement-project-town-of-corte-madera/r/rec0Nxx8ym5mWpgW2,2026-05-14T08:35:13-07:00,519,yes,,award_results,no
rec0RIybIQcbALmDX,Flooring Services,Contra Costa County Housing Authority,Contra Costa,Various Cities,Closed,construction,flooring-services-housing-authority-of-the-county-of-contra-costa,65,yes,results,construction,https://www.bidthebay.com/construction-project-details/flooring-services-housing-authority-of-the-county-of-contra-costa/r/rec0RIybIQcbALmDX,2026-09-07T11:37:33-07:00,293,no,,recently_closed,no
rec0Re6o4N81HaFIB,PH MU Exterior Ramp Replacement,University of California San Francisco ,San Francisco,San Francisco,Closed,professional services,ph-mu-exterior-ramp-replacement-university-of-california-san-francisco,70,yes,results,professional services,https://www.bidthebay.com/professional-services-project-details/ph-mu-exterior-ramp-replacement-university-of-california-san-francisco/r/rec0Re6o4N81HaFIB,2026-07-09T00:02:34-07:00,197,no,,recently_closed,no
rec0T9l8xm26JGkmG,Maintenance Route 92,City of Hayward,Alameda,Hayward,Closed,construction,maintenance-route-92-city-of-hayward,36,yes,results,construction,https://www.bidthebay.com/construction-project-details/maintenance-route-92-city-of-hayward/r/rec0T9l8xm26JGkmG,2026-09-05T20:45:17-07:00,1268,yes,,award_results,no
rec0Ujd5wGN4ABV1y,Architectural Design Review Services,City of Cupertino ,Santa Clara,Cupertino,Closed,professional services,architectural-design-review-services-city-of-cupertino,54,yes,results,professional services,https://www.bidthebay.com/professional-services-project-details/architectural-design-review-services-city-of-cupertino/r/rec0Ujd5wGN4ABV1y,2026-07-20T01:40:27-07:00,1335,no,,recently_closed,no
rec0Z5n2ULBeA1Rxw,Derek Silva Renovation Early Bid Trades,City and County of San Francisco,San Francisco,San Francisco,Closed,construction,derek-silva-renovation-early-bid-trades-city-and-county-of-san-francisco,72,yes,results,construction,https://www.bidthebay.com/construction-project-details/derek-silva-renovation-early-bid-trades-city-and-county-of-san-francisco/r/rec0Z5n2ULBeA1Rxw,2026-08-11T06:53:22-07:00,136,no,,recently_closed,no
rec0bQ5c9uOduZ2FG,Stoneridge Court Sewer Repair,City of Oakland,Alameda,Oakland,Closed,construction,stoneridge-court-sewer-repair-city-of-oakland,45,no,,,,2026-03-31T11:44:58-07:00,691,no,,closed_stale_no_results,no
rec0f53hhuKP3lJQ0,On-Call Pavement Design Consulting Services,City of San Ramon,Contra Costa,San Ramon,Closed,professional services,on-call-pavement-design-consulting-services-city-of-san-ramon,61,no,,,,2026-03-31T11:24:46-07:00,188,no,,closed_stale_no_results,no
rec0g5jRJ0j0oDBFQ,HSIP Traffic Safety Improvement Project,City of Milpitas,Santa Clara,Milpitas ,Closed,professional services,hsip-traffic-safety-improvement-project-city-of-milpitas,56,yes,results,professional services,https://www.bidthebay.com/professional-services-project-details/hsip-traffic-safety-improvement-project-city-of-milpitas/r/rec0g5jRJ0j0oDBFQ,2026-05-08T17:04:14-07:00,250,no,,recently_closed,no
rec0gCLn7xibkRvxe,Cesar Chavez Language Academy (CCLA) Exterior Paint Project,Santa Rosa City Schools,Sonoma,Santa Rosa,Closed,construction,cesar-chavez-language-academy-ccla-exterior-paint-project-santa-rosa-city-schools,81,no,,,,2026-04-11T10:36:22-07:00,123,no,,closed_stale_no_results,no
rec0hS8KRKlRJX2DQ,Electric Substation Equipment Painting,City of Palo Alto,Santa Clara,Palo Alto,Closed,construction,electric-substation-equipment-painting-city-of-palo-alto,56,yes,results,construction,https://www.bidthebay.com/construction-project-details/electric-substation-equipment-painting-city-of-palo-alto/r/rec0hS8KRKlRJX2DQ,2026-08-21T10:50:05-07:00,1768,yes,,award_results,no
rec0k4faxOsiOUI5j,Stevenson Bridge Road Bridge Construction Management,Solano County,Solano,Various Cities,Closed,professional services,stevenson-bridge-road-bridge-construction-management-solano-county,66,yes,results,professional services,https://www.bidthebay.com/professional-services-project-details/stevenson-bridge-road-bridge-construction-management-solano-county/r/rec0k4faxOsiOUI5j,2026-06-26T08:33:06-07:00,744,no,,recently_closed,no
rec0k6EYwWGsaptcM,Project Delivery Partners for the Parking Access and Revenue Control System (PARCS) Replacement Project,San Francisco International Airport,San Mateo,San Francisco,Closed,construction; professional services,project-delivery-partners-for-the-parking-access-and-revenue-control-system-parcs-replacement-project-san-francisco-international-airport-sfo,141,no,,,,2026-09-07T10:43:39-07:00,326,no,,closed_stale_no_results,no
rec0n3jazXaxyAuFn,Sports Center and Quinlan Community Center Roof Replacement Project,City of Cupertino,Santa Clara,Cupertino ,Closed,construction,sports-center-and-quinlan-community-center-roof-replacement-project-city-of-cupertino,85,yes,results,construction,https://www.bidthebay.com/construction-project-details/sports-center-and-quinlan-community-center-roof-replacement-project-city-of-cupertino/r/rec0n3jazXaxyAuFn,2026-03-24T07:29:08-07:00,419,yes,,award_results,no
rec0nWNuFw5JlBUjs,"Sand, Rock, and Gravel Material",City of Palo Alto,Santa Clara,Palo Alto,Closed,construction,sand-rock-and-gravel-material-city-of-palo-alto,47,yes,results,construction,https://www.bidthebay.com/construction-project-details/sand-rock-and-gravel-material-city-of-palo-alto/r/rec0nWNuFw5JlBUjs,2026-07-20T01:21:28-07:00,1138,yes,,award_results,no
rec0sd3DXtsOj2a0M,Lopes Road and Water Pipeline Reconstruction Project,City of Fairfield,Solano,Fairfield,Closed,construction,lopes-road-and-water-pipeline-reconstruction-project-city-of-fairfield,70,yes,results,construction,https://www.bidthebay.com/construction-project-details/lopes-road-and-water-pipeline-reconstruction-project-city-of-fairfield/r/rec0sd3DXtsOj2a0M,2026-07-14T04:36:56-07:00,1174,yes,,award_results,no
rec0wrTqeoUTe1xhK,Bridge Deck and Joints Repair,California Department of Transportation (Caltrans),Contra Costa; Solano,Martinez / Benicia,Closed,construction,bridge-deck-and-joints-repair-cal-trans-district-4,50,yes,results,construction,https://www.bidthebay.com/construction-project-details/bridge-deck-and-joints-repair-cal-trans-district-4/r/rec0wrTqeoUTe1xhK,2026-09-07T15:49:52-07:00,192,no,,recently_closed,no
rec0xL8S8uyoqZqEt,SCUSD Pool Upgrades Project Wilcox High School,Santa Clara Unified School District,Santa Clara,Santa Clara,Closed,construction,scusd-pool-upgrades-project-wilcox-high-school-santa-clara-unified-school-district,82,yes,results,construction,https://www.bidthebay.com/construction-project-details/scusd-pool-upgrades-project-wilcox-high-school-santa-clara-unified-school-district/r/rec0xL8S8uyoqZqEt,2026-06-03T04:51:03-07:00,410,yes,,award_results,no
rec0ydRB7BYGjJMLn,"Wastewater Enterprise Elevator Maintenance, Repair, and Modernization 2026-2030",San Francisco Public Utilities Commission,San Francisco,San Francisco ,Closed,construction,wastewater-enterprise-elevator-maintenance-repair-and-modernization-2026-2030-san-francisco-public-utilities-commission,119,yes,results,construction,https://www.bidthebay.com/construction-project-details/wastewater-enterprise-elevator-maintenance-repair-and-modernization-2026-2030-san-francisco-public-utilities-commission/r/rec0ydRB7BYGjJMLn,2026-06-27T20:31:44-07:00,307,no,,recently_closed,no
rec0zSmmC4g1cPDWS,Vichy ES Portable Classrooms and Parking Lot,Napa Valley Unified School District,Napa,Napa,Closed,construction,vichy-es-portable-classrooms-and-parking-lot-napa-valley-unified-school-district,80,yes,results,construction,https://www.bidthebay.com/construction-project-details/vichy-es-portable-classrooms-and-parking-lot-napa-valley-unified-school-district/r/rec0zSmmC4g1cPDWS,2026-05-27T11:03:04-07:00,87,yes,,award_results,no
rec13kiLd3sVCsX9P,Laguna Treatment Plant Annex Boiler 1 & 2 Replacements,City of Santa Rosa,Sonoma,Santa Rosa,Closed,construction,laguna-treatment-plant-annex-boiler-1-2-replacements-city-of-santa-rosa,71,yes,results,construction,https://www.bidthebay.com/construction-project-details/laguna-treatment-plant-annex-boiler-1-2-replacements-city-of-santa-rosa/r/rec13kiLd3sVCsX9P,2026-08-14T00:01:39-07:00,504,no,,recently_closed,no
rec14jf4dacW5Emum,2nd & Delaware Storm Drain Improvements Project,City of San Mateo,San Mateo,San Mateo,Closed,construction,2nd-delaware-storm-drain-improvements-project-city-of-san-mateo,63,yes,results,construction,https://www.bidthebay.com/construction-project-details/2nd-delaware-storm-drain-improvements-project-city-of-san-mateo/r/rec14jf4dacW5Emum,2026-07-22T10:51:53-07:00,411,no,,recently_closed,no
rec179aHhipbMzCIt,Window Film Application Services,California Department of Veterans Affairs (CalVet),Napa,Yountville,Open,construction,window-film-application-services-california-department-of-veterans-affairs,74,yes,open,construction,https://www.bidthebay.com/construction-project-details/window-film-application-services-california-department-of-veterans-affairs/r/rec179aHhipbMzCIt,2026-09-07T15:50:31-07:00,594,no,,open_solicitation,no
rec18fxgw4ITzJdk3,Emerald Glen Ballfield Improvement Project –  Concrete,Dublin Unified School District,Alameda,Dublin,Closed,construction,emerald-glen-ballfield-improvement-project-concrete-dublin-unified-school-district,82,no,,,,2026-07-10T12:10:08-07:00,62,no,,closed_stale_no_results,no
rec18vu4ffWcAjV7T,High Use CPA Replacement,City and County of San Francisco,San Francisco,San Francisco,Closed,construction,high-use-cpa-replacement-city-and-county-of-san-francisco,57,no,,,,2026-04-11T10:45:46-07:00,80,no,,closed_stale_no_results,no
rec1AB2kRGAJWN9s6,On-Call Plumbing Maintenance Services,City of Morgan Hill,Santa Clara,Morgan Hill,Closed,construction,on-call-plumbing-maintenance-services-city-of-morgan-hill,57,yes,results,construction,https://www.bidthebay.com/construction-project-details/on-call-plumbing-maintenance-services-city-of-morgan-hill/r/rec1AB2kRGAJWN9s6,2026-04-28T17:07:14-07:00,565,no,,recently_closed,no
rec1Iu5hNxxTakh9E,"Wastewater Enterprise Elevator Maintenance, Repair, and Modernization 2026-2030",San Francisco Public Utilities Commission,San Francisco,San Francisco,Closed,construction,wastewater-enterprise-elevator-maintenance-repair-and-modernization-2026-2030-san-francisco-public-utilities-commission,119,yes,results,construction,https://www.bidthebay.com/construction-project-details/wastewater-enterprise-elevator-maintenance-repair-and-modernization-2026-2030-san-francisco-public-utilities-commission/r/rec1Iu5hNxxTakh9E,2026-07-24T00:02:01-07:00,248,no,,recently_closed,no
rec1MatRbl9jYRCk1,John O’Connell High School Destructive Testing for Schematic Design,San Francisco Unified School District,San Francisco,San Francisco,Closed,construction,john-o-connell-high-school-destructive-testing-for-schematic-design-san-francisco-unified-school-district,105,yes,results,construction,https://www.bidthebay.com/construction-project-details/john-o-connell-high-school-destructive-testing-for-schematic-design-san-francisco-unified-school-district/r/rec1MatRbl9jYRCk1,2026-05-27T07:48:23-07:00,302,yes,,award_results,no
rec1NWWOBJxlTXeHC,Sutro Elementary School - Rooftop Air Handling/Heating Units Replacement,San Francisco Unified School District ,San Francisco,San Francisco,Closed,construction,sutro-elementary-school-rooftop-air-handling-heating-units-replacement-san-francisco-unified-school-district,108,yes,results,construction,https://www.bidthebay.com/construction-project-details/sutro-elementary-school-rooftop-air-handling-heating-units-replacement-san-francisco-unified-school-district/r/rec1NWWOBJxlTXeHC,2026-06-03T08:31:07-07:00,459,yes,,award_results,no
rec1OxpDfSOD2XZNc,Various Large Diameter Sewer Inspection No. 3,San Francisco Public Utilities Commission,San Francisco,San Francisco,Closed,construction,various-large-diameter-sewer-inspection-no-3-san-francisco-public-utilities-commission,86,yes,results,construction,https://www.bidthebay.com/construction-project-details/various-large-diameter-sewer-inspection-no-3-san-francisco-public-utilities-commission/r/rec1OxpDfSOD2XZNc,2026-06-27T20:31:44-07:00,204,no,,recently_closed,no
rec1PsU5ur7dWMA8a,Shoreline Rengstorff House Rehabilitation,City of Mountain View,Santa Clara,Mountain View,Closed,professional services,shoreline-rengstorff-house-rehabilitation-city-of-mountain-view,63,yes,results,professional services,https://www.bidthebay.com/professional-services-project-details/shoreline-rengstorff-house-rehabilitation-city-of-mountain-view/r/rec1PsU5ur7dWMA8a,2026-08-08T00:04:22-07:00,377,no,,recently_closed,no
rec1PxHlw3Q10lUOG,Public Safety Building Siding Replacement,City of Santa Rosa,Sonoma,Santa Rosa,Open,construction,public-safety-building-siding-replacement-city-of-santa-rosa,60,yes,open,construction,https://www.bidthebay.com/construction-project-details/public-safety-building-siding-replacement-city-of-santa-rosa/r/rec1PxHlw3Q10lUOG,2026-09-05T09:36:10-07:00,312,no,,open_solicitation,no
rec1SzaLSU1n8jqbR,Hyde Hospital Behavioral Health Renovation,University of California San Francisco,San Francisco,San Francisco,Closed,construction,hyde-hospital-behavioral-health-renovation-university-of-california-san-francisco,81,yes,results,construction,https://www.bidthebay.com/construction-project-details/hyde-hospital-behavioral-health-renovation-university-of-california-san-francisco/r/rec1SzaLSU1n8jqbR,2026-08-28T00:03:20-07:00,174,no,,recently_closed,no
rec1V15PIpCR6aMKk,Woodside LED Upgrade Project,Sequoia Union High School District,San Mateo,Woodside,Closed,construction,woodside-led-upgrade-project-sequoia-union-high-school-district,63,yes,results,construction,https://www.bidthebay.com/construction-project-details/woodside-led-upgrade-project-sequoia-union-high-school-district/r/rec1V15PIpCR6aMKk,2026-07-08T21:43:37-07:00,1033,yes,,award_results,no
rec1YPTV9nVl0GN88,GO Parking Lot Ramp Repair,Alameda-Contra Costa Transit District (AC Transit),Alameda,Alameda/Contra Costa,Closed,construction,go-parking-lot-ramp-repair-alameda-contra-costa-transit-district-ac-transit,75,yes,results,construction,https://www.bidthebay.com/construction-project-details/go-parking-lot-ramp-repair-alameda-contra-costa-transit-district-ac-transit/r/rec1YPTV9nVl0GN88,2026-08-11T09:24:57-07:00,246,yes,,award_results,no
rec1Zc0GdNPPLsOpy,Leonard Flynn Elementary School - Play Yard Improvements,San Francisco Unified School District ,San Francisco,San Francisco,Closed,construction,leonard-flynn-elementary-school-play-yard-improvements-san-francisco-unified-school-district,92,yes,results,construction,https://www.bidthebay.com/construction-project-details/leonard-flynn-elementary-school-play-yard-improvements-san-francisco-unified-school-district/r/rec1Zc0GdNPPLsOpy,2026-05-25T09:06:13-07:00,687,yes,,award_results,no
rec1b4cAo0rIV50D2,"University Elementary at La Fiesta and Rancho Cotate High School 
Paving Project",Cotati-Rohnert Park Unified School District,Sonoma,Rohnert Park,Closed,construction,university-elementary-at-la-fiesta-and-rancho-cotate-high-school-paving-project-cotati-rohnert-park-unified-school-district,123,yes,results,construction,https://www.bidthebay.com/construction-project-details/university-elementary-at-la-fiesta-and-rancho-cotate-high-school-paving-project-cotati-rohnert-park-unified-school-district/r/rec1b4cAo0rIV50D2,2026-04-06T05:45:38-07:00,126,yes,,award_results,no
rec1bDYc1KdtM8pZH,2026 Local Streets Resurfacing South Pavement (Measure T),City of San Jose,Santa Clara,San Jose,Closed,construction,2026-local-streets-resurfacing-south-pavement-measure-t-city-of-san-jose,72,yes,results,construction,https://www.bidthebay.com/construction-project-details/2026-local-streets-resurfacing-south-pavement-measure-t-city-of-san-jose/r/rec1bDYc1KdtM8pZH,2026-06-24T08:56:48-07:00,584,yes,,award_results,no
rec1dGpSdJdxXDRmY,Pressure Washer and Oil-Water Separator Maintenance/Repair Services,Contra Costa County,Contra Costa,Contra Costa County,Closed,construction,pressure-washer-and-oil-water-separator-maintenance-repair-services-contra-costa-county,87,no,,,,2026-04-11T10:47:53-07:00,0,no,No description at all,closed_stale_no_results,no
rec1gzx9etfDn117K,Sequoia High School Summer 2026 Roofing Project,Sequoia Union High School District,San Mateo,Redwood ,Closed,construction,sequoia-high-school-summer-2026-roofing-project-sequoia-union-high-school-district,82,yes,results,construction,https://www.bidthebay.com/construction-project-details/sequoia-high-school-summer-2026-roofing-project-sequoia-union-high-school-district/r/rec1gzx9etfDn117K,2026-07-08T21:47:41-07:00,66,yes,,award_results,no
rec1iaWU8oc1hUCJb,Union City Library Partial Roof Replacement,City of Union City,Alameda,Union City,Closed,construction,union-city-library-partial-roof-replacement-city-of-union-city,62,yes,results,construction,https://www.bidthebay.com/construction-project-details/union-city-library-partial-roof-replacement-city-of-union-city/r/rec1iaWU8oc1hUCJb,2026-07-01T09:08:06-07:00,913,no,,recently_closed,no
rec1jHTaGd0pMu8D8,"Abbott MS, Beresford ES, George Hall ES – Flooring Replacement Final Phase  ",San Mateo-Foster City School District,San Mateo,San Mateo,Closed,construction,abbott-ms-beresford-es-george-hall-es-flooring-replacement-final-phase-san-mateo-foster-city-school-district,108,no,,,,2026-04-24T17:03:21-07:00,1042,no,,closed_stale_no_results,no
rec1kdx1kxw7UvDz9,High Voltage Streetlight Conversion Phase 4 Project,City of San Mateo,San Mateo,San Mateo,Closed,construction,high-voltage-streetlight-conversion-phase-4-project-city-of-san-mateo,69,yes,results,construction,https://www.bidthebay.com/construction-project-details/high-voltage-streetlight-conversion-phase-4-project-city-of-san-mateo/r/rec1kdx1kxw7UvDz9,2026-09-04T00:02:00-07:00,930,no,,recently_closed,no
rec1mWh6eXyC5mkUY,Main Street Garage Remediation,City of San Mateo,San Mateo,San Mateo,Closed,construction,main-street-garage-remediation-city-of-san-mateo,48,yes,results,construction,https://www.bidthebay.com/construction-project-details/main-street-garage-remediation-city-of-san-mateo/r/rec1mWh6eXyC5mkUY,2026-07-15T03:58:23-07:00,193,no,,recently_closed,no
rec1nKfxcRo427PDe,DM FY23 Tan Hall Building Automation Controls Replacement,UC Berkeley,Alameda,Berkeley,Closed,construction,dm-fy23-tan-hall-building-automation-controls-replacement-uc-berkeley,69,yes,results,construction,https://www.bidthebay.com/construction-project-details/dm-fy23-tan-hall-building-automation-controls-replacement-uc-berkeley/r/rec1nKfxcRo427PDe,2026-06-01T01:36:06-07:00,284,yes,,award_results,no
rec1o57NfVFzyBD2e,UCB EHCP – Increment 3 – WP-44: Exterior Metal Panel  ,UC Berkeley,Alameda,Berkeley,Closed,construction,ucb-ehcp-increment-3-wp-44-exterior-metal-panel-uc-berkeley,59,yes,results,construction,https://www.bidthebay.com/construction-project-details/ucb-ehcp-increment-3-wp-44-exterior-metal-panel-uc-berkeley/r/rec1o57NfVFzyBD2e,2026-07-10T11:55:58-07:00,173,yes,,award_results,no
rec1o7w6Cd2pxhYhx,"Construct Retaining Wall, MGS, Cold Plane and Pavement Widening",California Department of Transportation (Caltrans),Marin,Muir Beach,Open,construction,construct-retaining-wall-mgs-cold-plane-and-pavement-widening-cal-trans-district-4,82,yes,open,construction,https://www.bidthebay.com/construction-project-details/construct-retaining-wall-mgs-cold-plane-and-pavement-widening-cal-trans-district-4/r/rec1o7w6Cd2pxhYhx,2026-09-07T15:49:52-07:00,198,no,,open_solicitation,no
rec1oJqmFK5GMvMLN,Pre-qualification for Light Rail Transit Repair and Maintenance Job Order Contract (JOC),Santa Clara Valley Transportation Authority,Santa Clara,San Jose,Closed,construction,pre-qualification-for-light-rail-transit-repair-and-maintenance-job-order-contract-joc-santa-clara-valley-transportation-authority,130,yes,results,construction,https://www.bidthebay.com/construction-project-details/pre-qualification-for-light-rail-transit-repair-and-maintenance-job-order-contract-joc-santa-clara-valley-transportation-authority/r/rec1oJqmFK5GMvMLN,2026-07-16T06:56:57-07:00,1226,no,,recently_closed,no
rec1pEofnXN0GrMYU,Calistoga Road Pavement Rehabilitation & Utility Improvements Montecito Boulevard to Highway 12 ,City of Santa Rosa,Sonoma,Santa Rosa,Closed,construction,calistoga-road-pavement-rehabilitation-utility-improvements-montecito-boulevard-to-highway-12-city-of-santa-rosa,112,yes,results,construction,https://www.bidthebay.com/construction-project-details/calistoga-road-pavement-rehabilitation-utility-improvements-montecito-boulevard-to-highway-12-city-of-santa-rosa/r/rec1pEofnXN0GrMYU,2026-03-27T07:27:32-07:00,766,yes,,award_results,no
rec1sAMh7YVLznBPE,Kocher Lab Renovation,UC Berkeley,Alameda,Berkeley,Closed,construction,kocher-lab-renovation-https-capitalstrategies-berkeley-edu-current-bids,71,no,,,,2026-09-07T10:35:19-07:00,1174,no,,closed_stale_no_results,no
rec1tcbXljXDCPsmx,"Wurr Road and Pescadero Creek Road Culverts Improvement Project - Sites: 94, 102, 119, 128.1, 265, 265.1, 266, 270, 270.1",County of San Mateo,San Mateo,Unincorporated San Mateo County (Pescadero area),Closed,construction,wurr-road-and-pescadero-creek-road-culverts-improvement-project-sites-94-102-119-128-1-265-265-1-266-270-270-1-county-of-san-mateo,130,yes,results,construction,https://www.bidthebay.com/construction-project-details/wurr-road-and-pescadero-creek-road-culverts-improvement-project-sites-94-102-119-128-1-265-265-1-266-270-270-1-county-of-san-mateo/r/rec1tcbXljXDCPsmx,2026-06-12T00:09:46-07:00,351,no,,recently_closed,no
rec1v0Gl8XIGBYFSY,Family Resource Center Wayfinding Signage Project,City of Fremont,Alameda,Fremont ,Closed,construction,family-resource-center-wayfinding-signage-project-city-of-fremont,65,yes,results,construction,https://www.bidthebay.com/construction-project-details/family-resource-center-wayfinding-signage-project-city-of-fremont/r/rec1v0Gl8XIGBYFSY,2026-04-30T17:08:28-07:00,126,no,,recently_closed,no
rec24orgjH0Elwcrv,Second St and Fourth St Intersection Improvements,City of San Rafael,Marin,San Rafael,Closed,construction,second-st-and-fourth-st-intersection-improvements-city-of-san-rafael,68,yes,results,construction,https://www.bidthebay.com/construction-project-details/second-st-and-fourth-st-intersection-improvements-city-of-san-rafael/r/rec24orgjH0Elwcrv,2026-09-11T00:02:02-07:00,537,no,,recently_closed,no
rec25I2xbu1FgM9WZ,"Construct Concrete Barrier & MGS, Install Striping and Signing",California Department of Transportation (Caltrans),Solano,Various ,Closed,construction,construct-concrete-barrier-mgs-install-striping-and-signing-cal-trans-district-4,80,yes,results,construction,https://www.bidthebay.com/construction-project-details/construct-concrete-barrier-mgs-install-striping-and-signing-cal-trans-district-4/r/rec25I2xbu1FgM9WZ,2026-09-07T15:49:52-07:00,193,yes,,award_results,no
rec26KfE8Ax4F07FD,Annual Maintenance and Inspection Services for Floating Concrete Dock System,City of Suisun City,Solano,Suisun City,Open,professional services,annual-maintenance-and-inspection-services-for-floating-concrete-dock-system-alert-city-of-suisun-city,102,yes,open,professional services,https://www.bidthebay.com/professional-services-project-details/annual-maintenance-and-inspection-services-for-floating-concrete-dock-system-alert-city-of-suisun-city/r/rec26KfE8Ax4F07FD,2026-09-07T10:39:07-07:00,263,no,,open_solicitation,no
rec27H8RfIU2G421M,Intermodal Elevator & Security Improvement Project,City of Martinez,Contra Costa,Martinez,Closed,construction,intermodal-elevator-security-improvement-project-city-of-martinez,65,yes,results,construction,https://www.bidthebay.com/construction-project-details/intermodal-elevator-security-improvement-project-city-of-martinez/r/rec27H8RfIU2G421M,2026-07-24T08:56:10-07:00,931,yes,,award_results,no
rec2BJHaeLYrUvnv7,Dyer Street Pavement Rehabilitation Project,City of Union City,Alameda,Union City,Closed,construction,dyer-street-pavement-rehabilitation-project-city-of-union-city,62,yes,results,construction,https://www.bidthebay.com/construction-project-details/dyer-street-pavement-rehabilitation-project-city-of-union-city/r/rec2BJHaeLYrUvnv7,2026-09-09T00:02:04-07:00,327,no,,recently_closed,no
rec2CKRTkmkCs2mvx,"Foam Fire Suppression System Inspections, Maintenance and Repair Services",County of Alameda,Alameda,Oakland,Closed,construction,foam-fire-suppression-system-inspections-maintenance-and-repair-services-alameda-county,87,yes,results,construction,https://www.bidthebay.com/construction-project-details/foam-fire-suppression-system-inspections-maintenance-and-repair-services-alameda-county/r/rec2CKRTkmkCs2mvx,2026-09-07T15:51:29-07:00,335,no,,recently_closed,no
rec2CnOKeM0b3Rzmi,2026 Street Surface Seal Project,City of South San Francisco,San Mateo,South San Francisco,Closed,construction,2026-street-surface-seal-project-city-of-south-san-francisco,60,yes,results,construction,https://www.bidthebay.com/construction-project-details/2026-street-surface-seal-project-city-of-south-san-francisco/r/rec2CnOKeM0b3Rzmi,2026-05-19T09:27:43-07:00,943,yes,,award_results,no
rec2FDvp87ThkdLZ2,Update to the Water System Master Plan,City of Vacaville,Solano,Vacaville ,Closed,professional services,update-to-the-water-system-master-plan-city-of-vacaville,56,yes,results,professional services,https://www.bidthebay.com/professional-services-project-details/update-to-the-water-system-master-plan-city-of-vacaville/r/rec2FDvp87ThkdLZ2,2026-06-06T00:04:03-07:00,384,no,,recently_closed,no
rec2FkXhk0Vfeormc,Concrete Replacement at Redwood City Transit Center,San Mateo County Transit District,San Mateo,Redwood City,Closed,construction,concrete-replacement-at-redwood-city-transit-center-san-mateo-county-transit-district,85,no,,,,2026-04-27T17:02:55-07:00,503,no,,closed_stale_no_results,no
rec2G0USJ8Z6nO1dh,"Rejected: Fuel Break Extension - Phase 2 (Crocker Gate, San Bruno Mountain)",County of San Mateo,San Mateo,Daly City,Closed,construction,rejected-fuel-break-extension-phase-2-crocker-gate-san-bruno-mountain-county-of-san-mateo,89,yes,results,construction,https://www.bidthebay.com/construction-project-details/rejected-fuel-break-extension-phase-2-crocker-gate-san-bruno-mountain-county-of-san-mateo/r/rec2G0USJ8Z6nO1dh,2026-07-30T08:21:11-07:00,363,no,,recently_closed,no
rec2Gej6yP5K66W8B,Rejected: FS Zellerbach Hall Mezzanine Flooring Replacement,UC Berkeley,Alameda,Berkeley,Closed,construction,rejected-fs-zellerbach-hall-mezzanine-flooring-replacement-uc-berkeley,70,yes,results,construction,https://www.bidthebay.com/construction-project-details/rejected-fs-zellerbach-hall-mezzanine-flooring-replacement-uc-berkeley/r/rec2Gej6yP5K66W8B,2026-06-27T20:30:35-07:00,534,no,,recently_closed,no
rec2HaiIBPM1yCi4D,City of Rio Vista Storm Drain CCTV Inspection,City of Rio Vista ,Solano,Rio Vista,Open,construction,city-of-rio-vista-storm-drain-cctv-inspection-city-of-rio-vista,63,yes,open,construction,https://www.bidthebay.com/construction-project-details/city-of-rio-vista-storm-drain-cctv-inspection-city-of-rio-vista/r/rec2HaiIBPM1yCi4D,2026-09-03T10:01:01-07:00,201,no,,open_solicitation,no
rec2J35RsSX9P0e1K,2026 Sanitary Sewer Repair & Replacement Project,Town of Los Altos Hills,Santa Clara,Los Altos Hills,Closed,construction,2026-sanitary-sewer-repair-replacement-project-town-of-los-altos-hills,70,yes,results,construction,https://www.bidthebay.com/construction-project-details/2026-sanitary-sewer-repair-replacement-project-town-of-los-altos-hills/r/rec2J35RsSX9P0e1K,2026-05-12T05:38:00-07:00,90,no,,recently_closed,no
rec2KjjD7f2iJT1X9,General Engineering Consultant for Valley Link Rail Project,Tri-Valley San Joaquin Valley Regional Rail Authority,Alameda,Livermore,Open,professional services,general-engineering-consultant-valley-link-rail-livermore,57,yes,open,professional services,https://www.bidthebay.com/professional-services-project-details/general-engineering-consultant-valley-link-rail-livermore/r/rec2KjjD7f2iJT1X9,2026-09-08T08:35:36-07:00,762,no,,open_solicitation,no
rec2KrAyxf8O1qYnR,Markham Elementary School Boys Toilet Room Renovation,Oakland Unified School District,Alameda,Oakland,Closed,construction,markham-elementary-school-boys-toilet-room-renovation-oakland-unified-school-district,85,no,,,,2026-04-16T06:28:48-07:00,617,no,,closed_stale_no_results,no
rec2MQA5DXcHR0KLm,White Sulphur Spring Road Slide Repair,County of Napa,Napa,St. Helena,Closed,construction,white-sulphur-spring-road-slide-repair-county-of-napa,53,yes,results,construction,https://www.bidthebay.com/construction-project-details/white-sulphur-spring-road-slide-repair-county-of-napa/r/rec2MQA5DXcHR0KLm,2026-07-28T10:31:34-07:00,405,yes,,award_results,no
rec2NPJnCkUkWjmmX,Block 6 Interim Transit Facility Project,City of Union City,Alameda,Union City,Closed,construction,block-6-interim-transit-facility-project-city-of-union-city,59,yes,results,construction,https://www.bidthebay.com/construction-project-details/block-6-interim-transit-facility-project-city-of-union-city/r/rec2NPJnCkUkWjmmX,2026-09-01T00:04:24-07:00,381,no,,recently_closed,no
rec2QOKcDAL5p2ZN5,Student Housing Balconies Inspection and Testing - Rebid,UC Berkeley,Alameda,Berkeley,Closed,construction,student-housing-balconies-inspection-and-testing-rebid-uc-berkeley,66,yes,results,construction,https://www.bidthebay.com/construction-project-details/student-housing-balconies-inspection-and-testing-rebid-uc-berkeley/r/rec2QOKcDAL5p2ZN5,2026-05-01T07:24:08-07:00,299,yes,,award_results,no
rec2Ri4OUUlB5653B,Building 400 Roof Replacement at Las Positas College,Chabot Las Positas Community College District,Alameda,Livermore,Closed,construction,building-400-roof-replacement-at-las-positas-college-chabot-las-positas-community-college-district,98,yes,results,construction,https://www.bidthebay.com/construction-project-details/building-400-roof-replacement-at-las-positas-college-chabot-las-positas-community-college-district/r/rec2Ri4OUUlB5653B,2026-03-24T02:05:47-07:00,0,yes,No description at all,award_results,no
rec2SofCHm860rcmG,"Job Order Contract For Engineering, Construction, Roads and Utilities Project",County of San Mateo,San Mateo,San Mateo,Closed,construction,job-order-contract-for-engineering-construction-roads-and-utilities-project-county-of-san-mateo,95,no,,,,2026-03-30T10:03:11-07:00,0,no,No description at all,closed_stale_no_results,no
rec2V4P9WcHV8plJs,Cargo Building 626.1 - SFO Cargo 626 Material Handling System Installation,San Francisco International Airport,San Mateo,San Francisco,Open,construction,cargo-building-626-1-sfo-cargo-626-material-san-francisco,57,yes,open,construction,https://www.bidthebay.com/construction-project-details/cargo-building-626-1-sfo-cargo-626-material-san-francisco/r/rec2V4P9WcHV8plJs,2026-09-09T18:17:16-07:00,1032,no,,open_solicitation,no
rec2e1wC1Xv1v4HKd,Guadalupe Elementary School Boiler Replacement - Rebid,San Francisco Unified School District,San Francisco,San Francisco,Open,construction,guadalupe-elementary-school-boiler-replacement-rebid-san-francisco-unified-school-district,90,yes,open,construction,https://www.bidthebay.com/construction-project-details/guadalupe-elementary-school-boiler-replacement-rebid-san-francisco-unified-school-district/r/rec2e1wC1Xv1v4HKd,2026-09-02T06:41:43-07:00,449,no,,open_solicitation,no
rec2f1hYmRzy33Sdi, Control Panel Replacement,California Department of Veterans Affairs (CalVet),Santa Clara,Palo Alto,Closed,construction,control-panel-replacement-department-of-veterans-affairs,56,no,,,,2026-09-07T15:50:31-07:00,957,no,,closed_stale_no_results,no
rec2hRpgHXKldC45F,Iron Horse Trail Crossing Improvements,City of Danville,Contra Costa,Danville,Closed,construction,iron-horse-trail-crossing-improvements-city-of-danville,55,yes,results,construction,https://www.bidthebay.com/construction-project-details/iron-horse-trail-crossing-improvements-city-of-danville/r/rec2hRpgHXKldC45F,2026-03-24T07:25:56-07:00,814,yes,,award_results,no
rec2krOcGnIDy3XCW,Walker Creek Ranch Painting Project,Marin County Office of Education,Marin,Tomales ,Closed,construction,walker-creek-ranch-painting-project-marin-county-office-of-education,68,yes,results,construction,https://www.bidthebay.com/construction-project-details/walker-creek-ranch-painting-project-marin-county-office-of-education/r/rec2krOcGnIDy3XCW,2026-06-12T00:09:43-07:00,157,no,,recently_closed,no
rec2kyhvmbeJzPNAt,Visitacion Valley Elementary School - Removal of Metal Storage Container,San Francisco Unified School District,San Francisco,San Francisco,Closed,construction,visitacion-valley-elementary-school-removal-of-metal-storage-container-san-francisco-unified-school-district,108,yes,results,construction,https://www.bidthebay.com/construction-project-details/visitacion-valley-elementary-school-removal-of-metal-storage-container-san-francisco-unified-school-district/r/rec2kyhvmbeJzPNAt,2026-05-13T09:44:52-07:00,183,yes,,award_results,no
rec2l931zOepyKFBq,Carlmont High School Summer 2026 Roofing Project,Sequoia Union High School District,San Mateo,Belmont,Closed,construction,carlmont-high-school-summer-2026-roofing-project-sequoia-union-high-school-district,83,yes,results,construction,https://www.bidthebay.com/construction-project-details/carlmont-high-school-summer-2026-roofing-project-sequoia-union-high-school-district/r/rec2l931zOepyKFBq,2026-07-10T12:32:13-07:00,156,yes,,award_results,no
rec2mDDDzdMerGiX5,Annual Street Overlay/Rehabilitation 2019-21 - Phase III,City of San Leandro,Alameda,San Leandro,Closed,construction,annual-street-overlay-rehabilitation-2019-21-phase-iii-city-of-san-leandro,74,yes,results,construction,https://www.bidthebay.com/construction-project-details/annual-street-overlay-rehabilitation-2019-21-phase-iii-city-of-san-leandro/r/rec2mDDDzdMerGiX5,2026-03-30T09:55:24-07:00,456,yes,,award_results,no
rec2n5WgsC6gDHJwf,Nursing Expansion Pre-Qualification for Deep Foundation,Sonoma State University,Sonoma,Rohnert Park,Open,construction,nursing-expansion-pre-qualification-for-deep-foundation-sonoma-state-university,79,yes,open,construction,https://www.bidthebay.com/construction-project-details/nursing-expansion-pre-qualification-for-deep-foundation-sonoma-state-university/r/rec2n5WgsC6gDHJwf,2026-09-03T09:50:07-07:00,233,no,,open_solicitation,no
rec2pkJmkfrBUWFzO,Sewer Line Replacement Project Phase 10 	,Oro Loma Sanitary District,Alameda,San Lorenzo,Closed,construction,sewer-line-replacement-project-phase-10-oro-loma-sanitary-district,66,yes,results,construction,https://www.bidthebay.com/construction-project-details/sewer-line-replacement-project-phase-10-oro-loma-sanitary-district/r/rec2pkJmkfrBUWFzO,2026-05-14T17:03:53-07:00,665,no,,recently_closed,no
rec2qc2jtXSXUKZni,Wildwood Debris Jam Removal Project,Sonoma Resource Conservation District,Sonoma,Santa Rosa,Closed,construction,wildwood-debris-jam-removal-project-sonoma-resource-conservation-district,73,yes,results,construction,https://www.bidthebay.com/construction-project-details/wildwood-debris-jam-removal-project-sonoma-resource-conservation-district/r/rec2qc2jtXSXUKZni,2026-09-02T00:04:29-07:00,451,no,,recently_closed,no
rec2rdtLVbn9Sjj5K,Lower Green Valley Creek Off-Channel Habitat Enhancement Project – Confluence Reach (Revegetation),Gold Ridge Resource Conservation District,Sonoma,Sebastopol,Closed,construction,lower-green-valley-creek-off-channel-habitat-enhancement-project-confluence-reach-revegetation-gold-ridge-resource-conservation-district,136,no,,,,2026-04-11T10:49:04-07:00,480,no,,closed_stale_no_results,no
rec2ud1JkAc6JzkpF,Levi's Stadium Facility Condition Assessment,City of Santa Clara,Santa Clara,Santa Clara,Open,professional services,levi-s-stadium-facility-condition-assessment-city-of-santa-clara,64,yes,open,professional services,https://www.bidthebay.com/professional-services-project-details/levi-s-stadium-facility-condition-assessment-city-of-santa-clara/r/rec2ud1JkAc6JzkpF,2026-09-03T09:22:08-07:00,1140,no,,open_solicitation,no
rec30PBP7x2MUxs27,Exhaust Evacuation System Replacement in Alameda County,California Department of Transportation (Caltrans),Alameda,San Leandro,Closed,construction,exhaust-evacuation-system-replacement-in-alameda-county-california-department-of-transportation,95,yes,results,construction,https://www.bidthebay.com/construction-project-details/exhaust-evacuation-system-replacement-in-alameda-county-california-department-of-transportation/r/rec30PBP7x2MUxs27,2026-09-07T15:50:31-07:00,330,yes,,award_results,no
rec30TNT8Js97GO7m,"DW Roofing (IH Building M2, PH Building D) ",East Side Union High School District,Santa Clara,San Jose,Closed,construction,dw-roofing-ih-building-m2-ph-building-d-east-side-union-high-school-district,76,yes,results,construction,https://www.bidthebay.com/construction-project-details/dw-roofing-ih-building-m2-ph-building-d-east-side-union-high-school-district/r/rec30TNT8Js97GO7m,2026-04-19T22:41:46-07:00,557,yes,,award_results,no
rec30u0BE2xULFfeQ,Material Testing & Special Inspection Services – Various MUSD Projects,Martinez Unified School District,Contra Costa,Martinez,Closed,professional services,material-testing-special-inspection-services-various-musd-projects-martinez-unified-school-district,99,yes,results,professional services,https://www.bidthebay.com/professional-services-project-details/material-testing-special-inspection-services-various-musd-projects-martinez-unified-school-district/r/rec30u0BE2xULFfeQ,2026-05-29T00:02:25-07:00,1091,no,,recently_closed,no
rec34Gl91KtbGAG6Y,Refugio Lake Restoration Project,City of Hercules,Contra Costa,Hercules,Closed,construction,refugio-lake-restoration-project-city-of-hercules,49,yes,results,construction,https://www.bidthebay.com/construction-project-details/refugio-lake-restoration-project-city-of-hercules/r/rec34Gl91KtbGAG6Y,2026-04-16T17:00:48-07:00,1294,no,,recently_closed,no
rec38HLv4YSrJCPxi,California Drive Congestion Management Video Detection Project,City of Burlingame,San Mateo,Burlingame,Closed,construction,california-drive-congestion-management-video-detection-project-city-of-burlingame,81,yes,results,construction,https://www.bidthebay.com/construction-project-details/california-drive-congestion-management-video-detection-project-city-of-burlingame/r/rec38HLv4YSrJCPxi,2026-03-27T07:22:36-07:00,247,yes,,award_results,no
rec38VcW4cSZdFTf6,Sidewalk Rehabilitation Program - Phase 12,City of Albany,Alameda,Albany,Closed,construction,sidewalk-rehabilitation-program-phase-12-city-of-albany,55,yes,results,construction,https://www.bidthebay.com/construction-project-details/sidewalk-rehabilitation-program-phase-12-city-of-albany/r/rec38VcW4cSZdFTf6,2026-07-30T07:32:48-07:00,240,yes,,award_results,no
rec39u4RX1yB8Ypp1,Underhill Field Surface Replacement (Turf Scope),UC Berkeley,Alameda,Berkeley,Closed,construction,underhill-field-surface-replacement-turf-scope-uc-berkeley,58,yes,results,construction,https://www.bidthebay.com/construction-project-details/underhill-field-surface-replacement-turf-scope-uc-berkeley/r/rec39u4RX1yB8Ypp1,2026-07-17T00:02:42-07:00,258,no,,recently_closed,no
rec3C3WwXOQBnw0Ix,Plan Review Inspection Services for Indoor Public Safety Radio Coverage Systems,City of Sunnyvale,Santa Clara,Sunnyvale,Open,professional services,plan-review-inspection-services-for-indoor-public-safety-radio-coverage-systems-city-of-sunnyvale,97,yes,open,professional services,https://www.bidthebay.com/professional-services-project-details/plan-review-inspection-services-for-indoor-public-safety-radio-coverage-systems-city-of-sunnyvale/r/rec3C3WwXOQBnw0Ix,2026-09-01T08:44:26-07:00,1382,no,,open_solicitation,no
rec3EM0EpbwbWSvrJ,El Camino Real Streetlight Relocation Project,City of San Mateo,San Mateo,San Mateo,Closed,construction,el-camino-real-streetlight-relocation-project-city-of-san-mateo,63,yes,results,construction,https://www.bidthebay.com/construction-project-details/el-camino-real-streetlight-relocation-project-city-of-san-mateo/r/rec3EM0EpbwbWSvrJ,2026-07-10T04:17:52-07:00,0,no,No description at all,recently_closed,no
rec3EPh69ybRQx1tW,Bennett Valley Pavement Maintenance,City of Santa Rosa,Sonoma,Santa Rosa,Closed,construction,bennett-valley-pavement-maintenance-city-of-santa-rosa,54,yes,results,construction,https://www.bidthebay.com/construction-project-details/bennett-valley-pavement-maintenance-city-of-santa-rosa/r/rec3EPh69ybRQx1tW,2026-04-30T17:08:19-07:00,78,no,,recently_closed,no
rec3GrLJTVAT0nHQY,Sand Hill Water Main Replacement Project,City of Menlo Park,San Mateo, Menlo Park,Closed,construction,sand-hill-water-main-replacement-project-city-of-menlo-park,59,no,,,,2026-04-11T10:48:56-07:00,518,no,,closed_stale_no_results,no
rec3IHaqDlGmhZ3Ek,Mare Island Repairs and Drydock Services,San Francisco Bay Area Water Emergency Transportation Authority,Solano,Vallejo,Closed,construction,mare-island-repairs-and-drydock-services-san-francisco-bay-area-water-emergency-transportation-authority,104,yes,results,construction,https://www.bidthebay.com/construction-project-details/mare-island-repairs-and-drydock-services-san-francisco-bay-area-water-emergency-transportation-authority/r/rec3IHaqDlGmhZ3Ek,2026-08-22T00:04:56-07:00,1172,no,,recently_closed,no
rec3LA8Zxv3vMAl4g,Streetlight Pole Testing and Replacement Project,City of Pleasanton,Alameda,Pleasanton,Closed,construction,streetlight-pole-testing-and-replacement-project-city-of-pleasanton,67,no,,,,2026-04-11T10:47:17-07:00,0,no,No description at all,closed_stale_no_results,no
rec3OldCvll3LM6ls,Conn Valley Road Bridge over Conn Creek Replacement Project,County of Napa,Napa,Napa ,Closed,professional services,conn-valley-road-bridge-over-conn-creek-replacement-project-county-of-napa,74,no,,,,2026-07-28T10:31:34-07:00,583,no,,closed_stale_no_results,no
rec3OqG4JNrMCNVHz,MB CVRI Window Repairs,University of California San Francisco,San Francisco,San Francisco,Closed,construction,mb-cvri-window-repairs-university-of-california-san-francisco,61,yes,results,construction,https://www.bidthebay.com/construction-project-details/mb-cvri-window-repairs-university-of-california-san-francisco/r/rec3OqG4JNrMCNVHz,2026-05-28T07:29:20-07:00,197,no,,recently_closed,no
rec3PvfdOkmNQtdQh,Electrical Design Services for Marin Center Fairgrounds Electrical Distribution,County of Marin,Marin,San Rafael,Closed,professional services,electrical-design-services-for-marin-center-fairgrounds-electrical-distribution-county-of-marin,95,yes,results,professional services,https://www.bidthebay.com/professional-services-project-details/electrical-design-services-for-marin-center-fairgrounds-electrical-distribution-county-of-marin/r/rec3PvfdOkmNQtdQh,2026-08-11T08:30:00-07:00,506,no,,recently_closed,no
rec3RX2ci4e1geT11,Environmental Assessment and Reuse Planning Activities (Mare Island & Downtown Waterfront),City of Vallejo,Solano,Vallejo,Closed,professional services,environmental-assessment-and-reuse-planning-activities-mare-island-downtown-waterfront-city-of-vallejo,102,no,,,,2026-03-31T19:44:19-07:00,879,no,,closed_stale_no_results,no
rec3V6gbJ3kiHpO4a,Water Perimeter Security Zone Buoy System Maintenance and Repair Services,San Francisco International Airport,San Mateo,San Francisco,Open,construction,water-perimeter-security-zone-buoy-system-maintenance-and-repair-services-san-francisco-international-airport,109,yes,open,construction,https://www.bidthebay.com/construction-project-details/water-perimeter-security-zone-buoy-system-maintenance-and-repair-services-san-francisco-international-airport/r/rec3V6gbJ3kiHpO4a,2026-09-02T08:38:30-07:00,874,no,,open_solicitation,no
rec3X11tcQEFrbX1u,On-Call Water Engineering Services,City of Antioch,Contra Costa,Antioch,Closed,professional services,on-call-water-engineering-services-city-of-antioch,50,yes,results,professional services,https://www.bidthebay.com/professional-services-project-details/on-call-water-engineering-services-city-of-antioch/r/rec3X11tcQEFrbX1u,2026-04-29T17:01:10-07:00,772,no,,recently_closed,no
rec3YDUwKRbZAlcTC,Junipero Serra Park Restroom Roofing Project,County of San Mateo,San Mateo,San Bruno,Closed,construction,junipero-serra-park-restroom-roofing-project-county-of-san-mateo,64,no,,,,2026-03-30T10:00:52-07:00,483,no,,closed_stale_no_results,no
rec3a2CrB48Wxzz4i,Pavement Management 2026 Project,City of San Ramon,Contra Costa,San Ramon,Closed,construction,pavement-management-2026-project-city-of-san-ramon,50,yes,results,construction,https://www.bidthebay.com/construction-project-details/pavement-management-2026-project-city-of-san-ramon/r/rec3a2CrB48Wxzz4i,2026-07-16T08:11:53-07:00,466,yes,,award_results,no
rec3cY57eZDsqONGw,On-Call Environmental Services,Vallejo Flood & Wastewater District,Solano,Vallejo,Open,professional services,on-call-environmental-services-vallejo,38,yes,open,professional services,https://www.bidthebay.com/professional-services-project-details/on-call-environmental-services-vallejo/r/rec3cY57eZDsqONGw,2026-09-10T10:30:32-07:00,126,no,,open_solicitation,no
rec3eqLpyWYHH4Yru,On-Call Geology & Geotechnical Engineering Services,City of Dublin ,Alameda,Dublin ,Closed,professional services,on-call-geology-geotechnical-engineering-services-city-of-dublin,64,yes,results,professional services,https://www.bidthebay.com/professional-services-project-details/on-call-geology-geotechnical-engineering-services-city-of-dublin/r/rec3eqLpyWYHH4Yru,2026-04-24T17:03:31-07:00,481,no,,recently_closed,no
rec3frPYDciwRggWC,Boys & Girls Club Flooring Project,St. Helena Unified School District,Napa,St. Helena,Closed,construction,boys-girls-club-flooring-project-st-helena-unified-school-district,66,yes,results,construction,https://www.bidthebay.com/construction-project-details/boys-girls-club-flooring-project-st-helena-unified-school-district/r/rec3frPYDciwRggWC,2026-09-01T10:45:37-07:00,180,yes,,award_results,no
rec3g4LP2oY2N1GUY,On-Call Professional Fire & Life Safety Services,Redwood City,San Mateo,Redwood City,Closed,professional services,on-call-professional-fire-life-safety-services-city-of-redwood-city,67,yes,results,professional services,https://www.bidthebay.com/professional-services-project-details/on-call-professional-fire-life-safety-services-city-of-redwood-city/r/rec3g4LP2oY2N1GUY,2026-09-07T11:36:49-07:00,439,no,,recently_closed,no
rec3gA2vBq9tx8caA,Adult Education and District Office Wayfinding Signage,Fremont Union High School District,Santa Clara,Sunnyvale,Closed,construction,adult-education-and-district-office-wayfinding-signage-fremont-union-high-school-district,89,yes,results,construction,https://www.bidthebay.com/construction-project-details/adult-education-and-district-office-wayfinding-signage-fremont-union-high-school-district/r/rec3gA2vBq9tx8caA,2026-06-03T00:06:58-07:00,199,no,,recently_closed,no
rec3gW1JulQ6dDC6N,NSJ Seely Well - Drilling and Construction,City of San Jose,Santa Clara,San Jose,Open,construction,nsj-seely-well-drilling-and-construction-city-of-san-jose,57,yes,open,construction,https://www.bidthebay.com/construction-project-details/nsj-seely-well-drilling-and-construction-city-of-san-jose/r/rec3gW1JulQ6dDC6N,2026-08-20T09:59:55-07:00,356,no,,open_solicitation,no
rec3iNQUL7aLH5TF9,WV Wellness Center Project - IOR,West Valley Mission Community College District,Santa Clara,Saratoga,Closed,professional services,wv-wellness-center-project-ior-west-valley-mission-community-college-district,77,yes,results,professional services,https://www.bidthebay.com/professional-services-project-details/wv-wellness-center-project-ior-west-valley-mission-community-college-district/r/rec3iNQUL7aLH5TF9,2026-07-11T07:54:46-07:00,0,yes,No description at all,award_results,no
rec3m4cTJshnuPIpI,1660 Mission Health Recovery & Connection Center,City and County of San Francisco,San Francisco,San Francisco,Closed,construction; professional services,1660-mission-health-recovery-connection-center-city-and-county-of-san-francisco,79,yes,results,construction,https://www.bidthebay.com/construction-project-details/1660-mission-health-recovery-connection-center-city-and-county-of-san-francisco/r/rec3m4cTJshnuPIpI,2026-06-23T00:00:36-07:00,613,no,,multi_category_provisional_construction,yes
rec3ontZjvYzNuCB2,On-Call General Contractor Services,City of San Mateo,San Mateo,San Mateo,Closed,construction,on-call-general-contractor-services-city-of-san-mateo,53,yes,results,construction,https://www.bidthebay.com/construction-project-details/on-call-general-contractor-services-city-of-san-mateo/r/rec3ontZjvYzNuCB2,2026-07-10T02:58:45-07:00,302,no,,recently_closed,no
rec3sxipuOwXhO6vw,525 Golden Gate Onsite Non-Potable Water System,San Francisco Public Utilities Commission,San Francisco,San Francisco,Closed,construction; professional services,525-golden-gate-onsite-non-potable-water-system-san-francisco-public-utilities-commission,89,yes,results,construction,https://www.bidthebay.com/construction-project-details/525-golden-gate-onsite-non-potable-water-system-san-francisco-public-utilities-commission/r/rec3sxipuOwXhO6vw,2026-09-10T00:01:56-07:00,1640,no,,multi_category_provisional_construction,yes
rec3uhtfdqHTZkEhn,Novato Police Department Water Infiltration Project,City of Novato,Marin,Novato,Open,construction,novato-police-department-water-infiltration-project-city-of-novato,66,yes,open,construction,https://www.bidthebay.com/construction-project-details/novato-police-department-water-infiltration-project-city-of-novato/r/rec3uhtfdqHTZkEhn,2026-09-09T23:42:33-07:00,253,no,,open_solicitation,no
rec3v36JMzto2OLDL,Lincoln Avenue Water Main Replacement Project,City of Calistoga,Napa,Calistoga,Closed,construction,lincoln-avenue-water-main-replacement-project-city-of-calistoga,63,yes,results,construction,https://www.bidthebay.com/construction-project-details/lincoln-avenue-water-main-replacement-project-city-of-calistoga/r/rec3v36JMzto2OLDL,2026-03-24T02:26:59-07:00,453,yes,,award_results,no
rec3vKAxH9WIk2wTR,Fire Station 14 New Fence and Automatic Gate,City of Belmont,San Mateo,Belmont,Closed,construction,fire-station-14-new-fence-and-automatic-gate-city-of-belmont,60,yes,results,construction,https://www.bidthebay.com/construction-project-details/fire-station-14-new-fence-and-automatic-gate-city-of-belmont/r/rec3vKAxH9WIk2wTR,2026-05-12T05:46:24-07:00,304,no,,recently_closed,no
rec3w9czPiHuLyfrZ,Zellerbach Freight Elevator Renovation,UC Berkeley,Alameda,Berkeley,Closed,construction,zellerbach-freight-elevator-renovation-uc-berkeley,50,yes,results,construction,https://www.bidthebay.com/construction-project-details/zellerbach-freight-elevator-renovation-uc-berkeley/r/rec3w9czPiHuLyfrZ,2026-05-01T07:21:10-07:00,445,yes,,award_results,no
rec3wRrkazqDwrttT,Estuary Park 12kV Underground Cable Relocation,Alameda Municipal Power,Alameda,Alameda,Closed,construction,estuary-park-12kv-underground-cable-relocation-alameda-municipal-power,70,yes,results,construction,https://www.bidthebay.com/construction-project-details/estuary-park-12kv-underground-cable-relocation-alameda-municipal-power/r/rec3wRrkazqDwrttT,2026-07-30T08:06:57-07:00,904,yes,,award_results,no
rec3yhFQH84gi4iHJ,MLK Jr. Middle School Kitchen Renovation,San Francisco Unified School District,San Francisco,San Francisco,Closed,construction,mlk-jr-middle-school-kitchen-renovation-san-francisco-unified-school-district,77,yes,results,construction,https://www.bidthebay.com/construction-project-details/mlk-jr-middle-school-kitchen-renovation-san-francisco-unified-school-district/r/rec3yhFQH84gi4iHJ,2026-05-22T09:01:08-07:00,261,yes,,award_results,no
rec3zFtYEtgeD3gNJ,Harry Britt Building Storefront Doors Replacement,City College of San Francisco,San Francisco,San Francisco,Closed,construction,harry-britt-building-storefront-doors-replacement-city-college-of-san-francisco,79,yes,results,construction,https://www.bidthebay.com/construction-project-details/harry-britt-building-storefront-doors-replacement-city-college-of-san-francisco/r/rec3zFtYEtgeD3gNJ,2026-06-12T10:52:47-07:00,65,no,,recently_closed,no
rec3zMRvj8baBtUam,City Hall - Data Center Battery Back Up & AC Repairs,City of Union City,Alameda,Union City,Closed,construction,city-hall-data-center-battery-back-up-ac-repairs-city-of-union-city,67,yes,results,construction,https://www.bidthebay.com/construction-project-details/city-hall-data-center-battery-back-up-ac-repairs-city-of-union-city/r/rec3zMRvj8baBtUam,2026-06-24T09:40:14-07:00,183,no,,recently_closed,no
rec3zVO48kTvcoONV,District Office Annex Portable Project,South San Francisco Unified School District,San Mateo,South San Francisco,Closed,construction,district-office-annex-portable-project-south-san-francisco-unified-school-district,82,no,,,,2026-05-22T17:55:59-07:00,610,no,,closed_stale_no_results,no
rec442zx7MhZWAA9z,MB4E PH1 and PH2 Bid Package III,City and County of San Francisco,San Francisco,San Francisco,Closed,construction,mb4e-ph1-and-ph2-bid-package-iii-city-and-county-of-san-francisco,65,yes,results,construction,https://www.bidthebay.com/construction-project-details/mb4e-ph1-and-ph2-bid-package-iii-city-and-county-of-san-francisco/r/rec442zx7MhZWAA9z,2026-08-08T00:04:21-07:00,838,no,,recently_closed,no
rec468vVoxhGGWMB7,Family Connections Centers A/C Improvement,City and County of San Francisco,San Francisco,San Francisco.,Closed,construction,family-connections-centers-a-c-improvement-city-and-county-of-san-francisco,75,no,,,,2026-04-11T10:48:31-07:00,310,no,,closed_stale_no_results,no
rec46ffHQ6ci0g0yh,Curtis Ave. Recycled Water Line Repair - Exploratory Work,City of Milpitas,Santa Clara,Milpitas,Closed,construction,curtis-ave-recycled-water-line-repair-exploratory-work-city-of-milpitas,71,no,,,,2026-03-30T10:05:34-07:00,626,no,,closed_stale_no_results,no
rec46wXHEbv6KS0qP,Suisun Bay Channel and NY Slough FY26 Maintenance Dredging Project,U.S. Department of the Army,Solano; Contra Costa,Suisun Bay area,Closed,construction,suisun-bay-channel-and-ny-slough-fy26-maintenance-dredging-project-department-of-the-army,89,yes,results,construction,https://www.bidthebay.com/construction-project-details/suisun-bay-channel-and-ny-slough-fy26-maintenance-dredging-project-department-of-the-army/r/rec46wXHEbv6KS0qP,2026-09-07T11:36:49-07:00,389,no,,recently_closed,no
rec47IqZO1gpu5IVc,Annual Slurry Seal 2026,City of Sunnyvale,Santa Clara,Sunnyvale,Closed,construction,annual-slurry-seal-2026-city-of-sunnyvale,41,yes,results,construction,https://www.bidthebay.com/construction-project-details/annual-slurry-seal-2026-city-of-sunnyvale/r/rec47IqZO1gpu5IVc,2026-04-15T17:01:41-07:00,497,no,,recently_closed,no
rec47RppPGMyGk9q9,MB GNDS RELOC B16 to B18,University of California San Francisco,San Francisco,San Francisco,Closed,professional services,mb-gnds-reloc-b16-to-b18-university-of-california-san-francisco,63,yes,results,professional services,https://www.bidthebay.com/professional-services-project-details/mb-gnds-reloc-b16-to-b18-university-of-california-san-francisco/r/rec47RppPGMyGk9q9,2026-08-01T00:05:09-07:00,260,no,,recently_closed,no
rec480HxmsrRmn72y,Dry Creek Bridge Wingwall Repair Project at Alvarado-Niles Road,City of Union City ,Alameda,Union City,Closed,construction,dry-creek-bridge-wingwall-repair-project-at-alvarado-niles-road-city-of-union-city,82,yes,results,construction,https://www.bidthebay.com/construction-project-details/dry-creek-bridge-wingwall-repair-project-at-alvarado-niles-road-city-of-union-city/r/rec480HxmsrRmn72y,2026-08-18T00:01:20-07:00,370,no,,recently_closed,no
rec4Ae4Ue4vTbfPND,WRP Recycled Water Fill Station,City of Livermore,Alameda,Livermore,Closed,construction,wrp-recycled-water-fill-station-city-of-livermore,49,yes,results,construction,https://www.bidthebay.com/construction-project-details/wrp-recycled-water-fill-station-city-of-livermore/r/rec4Ae4Ue4vTbfPND,2026-06-27T20:48:45-07:00,625,yes,,award_results,no
rec4BexXhEObnIR8U,Horticulture Main and Annex Roof Replacement,City College of San Francisco,San Francisco,San Francisco,Closed,construction,horticulture-main-and-annex-roof-replacement-city-college-of-san-francisco,74,no,,,,2026-04-15T05:23:32-07:00,83,no,,closed_stale_no_results,no
rec4HnFLjUxGzQg3W,Canceled: 4th Street Roof Overlay Project,Sonoma Clean Power,Sonoma,Santa Rosa,Closed,construction,canceled-4th-street-roof-overlay-project-sonoma-clean-power,59,yes,results,construction,https://www.bidthebay.com/construction-project-details/canceled-4th-street-roof-overlay-project-sonoma-clean-power/r/rec4HnFLjUxGzQg3W,2026-09-03T00:02:08-07:00,633,no,,recently_closed,no
rec4HoeVWDDTsyOKl,Canceled: Larkspur Ferry Terminal Mooring Camels Refurbishment,Las Gallinas Valley Sanitary District,Marin,Larkspur,Closed,construction,canceled-larkspur-ferry-terminal-mooring-camels-refurbishment-las-gallinas-valley-sanitary-district,99,yes,results,construction,https://www.bidthebay.com/construction-project-details/canceled-larkspur-ferry-terminal-mooring-camels-refurbishment-las-gallinas-valley-sanitary-district/r/rec4HoeVWDDTsyOKl,2026-08-05T11:03:09-07:00,273,no,,recently_closed,no
rec4IGGi3GYd2fxxN,Slip-Out Repair and Bank Stabilization Near 1780 Higgins Canyon Road,County of San Mateo,San Mateo,San Mateo,Closed,construction,slip-out-repair-and-bank-stabilization-near-1780-higgins-canyon-road-county-of-san-mateo,88,yes,results,construction,https://www.bidthebay.com/construction-project-details/slip-out-repair-and-bank-stabilization-near-1780-higgins-canyon-road-county-of-san-mateo/r/rec4IGGi3GYd2fxxN,2026-03-24T00:28:26-07:00,0,yes,No description at all,award_results,no
rec4IH0e1mpro2WVs,Telford and Park Way Crossing Enhancements,City of South San Francisco,San Mateo,South San Francisco,Closed,construction,telford-and-park-way-crossing-enhancements-city-of-south-san-francisco,70,yes,results,construction,https://www.bidthebay.com/construction-project-details/telford-and-park-way-crossing-enhancements-city-of-south-san-francisco/r/rec4IH0e1mpro2WVs,2026-09-03T11:24:58-07:00,961,yes,,award_results,no
rec4JEOGsddaMldIS,Burlingame Town Square Paver Sealing,City of Burlingame,San Mateo,Burlingame,Open,construction,burlingame-town-square-paver-sealing-city-of-burlingame,55,yes,open,construction,https://www.bidthebay.com/construction-project-details/burlingame-town-square-paver-sealing-city-of-burlingame/r/rec4JEOGsddaMldIS,2026-08-27T09:00:36-07:00,135,no,,open_solicitation,no
rec4KtoRI8E4LDyXw,25 Van Ness Elevator Modernization,San Francisco Public Works,San Francisco,San Francisco ,Closed,construction,25-van-ness-elevator-modernization-san-francisco-public-works,61,no,,,,2026-03-24T08:55:17-07:00,125,no,,closed_stale_no_results,no
rec4MATqruL8E7d4G,Install End of Queue Systems - Alameda County,California Department of Transportation (Caltrans),Alameda,Oakland ,Closed,construction,install-end-of-queue-systems-alameda-county-california-department-of-transportation,83,yes,results,construction,https://www.bidthebay.com/construction-project-details/install-end-of-queue-systems-alameda-county-california-department-of-transportation/r/rec4MATqruL8E7d4G,2026-09-07T15:50:31-07:00,198,no,,recently_closed,no
rec4MlJmaEGGob429,2026 Annual Pavement Rehabilitation Project,City of Novato,Marin,Novato,Closed,construction,2026-annual-pavement-rehabilitation-project-city-of-novato,58,yes,results,construction,https://www.bidthebay.com/construction-project-details/2026-annual-pavement-rehabilitation-project-city-of-novato/r/rec4MlJmaEGGob429,2026-08-12T10:35:01-07:00,625,yes,,award_results,no
rec4NSpkaQbUXVw87,Utility Rerouting and Connection Services,City of Santa Clara,Santa Clara,Santa Clara,Open,construction,utility-rerouting-and-connection-services-city-of-santa-clara,61,yes,open,construction,https://www.bidthebay.com/construction-project-details/utility-rerouting-and-connection-services-city-of-santa-clara/r/rec4NSpkaQbUXVw87,2026-08-23T22:06:37-07:00,342,no,,open_solicitation,no
rec4OdEbZuaU4Lo4K,Bear Creek Redwoods North Parking Area Project,Midpeninsula Regional Open Space District,Santa Clara,,Closed,construction,bear-creek-redwoods-north-parking-area-project-midpeninsula-regional-open-space-district,88,no,,,,2026-04-11T10:48:33-07:00,0,no,No description at all,closed_stale_no_results,no
rec4Pth5819UHtHdT,MOW Ballast Regulator Replacement,Santa Clara Valley Transportation Authority,Santa Clara,San Jose,Closed,construction,mow-ballast-regulator-replacement-santa-clara-valley-transportation-authority,77,no,,,,2026-03-30T10:10:17-07:00,0,no,No description at all,closed_stale_no_results,no
rec4W1ZIECAvqJOcy,Architectural/Engineering Services - Elevator Modernization,University of California San Francisco,San Francisco,San Francisco,Closed,professional services,architectural-engineering-services-elevator-modernization-university-of-california-san-francisco,96,yes,results,professional services,https://www.bidthebay.com/professional-services-project-details/architectural-engineering-services-elevator-modernization-university-of-california-san-francisco/r/rec4W1ZIECAvqJOcy,2026-06-12T00:09:39-07:00,1795,no,,recently_closed,no
rec4b8kyE35LPShzA,Upper Partrick Road Rehabilitation Project,County of Napa,Napa,Napa,Closed,construction,upper-partrick-road-rehabilitation-project-county-of-napa,57,yes,results,construction,https://www.bidthebay.com/construction-project-details/upper-partrick-road-rehabilitation-project-county-of-napa/r/rec4b8kyE35LPShzA,2026-07-28T10:31:34-07:00,505,yes,,award_results,no
rec4cJ4nP4hR0QN02,As-Needed Engineering Services for HHWP R&R Services: Operational and Maintenance,San Francisco Public Utilities Commission,San Francisco,San Francisco,Closed,professional services,as-needed-engineering-services-for-hhwp-r-r-services-operational-and-maintenance-san-francisco-public-utilities-commission,122,no,,,,2026-04-11T10:48:16-07:00,379,no,,closed_stale_no_results,no
rec4cTkkcYXuumMpU,Permit-Ready Prototype ADU Plans,City of Lafayette,Contra Costa,Lafayette,Closed,professional services,permit-ready-prototype-adu-plans-city-of-lafayette,50,yes,results,professional services,https://www.bidthebay.com/professional-services-project-details/permit-ready-prototype-adu-plans-city-of-lafayette/r/rec4cTkkcYXuumMpU,2026-05-30T00:03:34-07:00,933,no,,recently_closed,no
rec4cWF3mnMgbkIwP,Donlon and Walnut Grove ES Kitchen & Dining Modernization Increment 1,Pleasanton Unified School District,Alameda,Pleasanton ,Closed,construction,donlon-and-walnut-grove-es-kitchen-dining-modernization-increment-1-pleasanton-unified-school-district,102,no,,,,2026-03-31T11:30:37-07:00,445,no,,closed_stale_no_results,no
rec4gWot6FVevPNZx,Sanitary Sewer Repairs FY 2024-2025 Package V,City of San Jose,Santa Clara,San Jose,Closed,construction,sanitary-sewer-repairs-fy-2024-2025-package-v-city-of-san-jose,62,yes,results,construction,https://www.bidthebay.com/construction-project-details/sanitary-sewer-repairs-fy-2024-2025-package-v-city-of-san-jose/r/rec4gWot6FVevPNZx,2026-03-25T07:45:39-07:00,754,yes,,award_results,no
rec4iRX59kzH71ai4,American HS and Kennedy HS Turf and Track Installation,Fremont Unified School District,Alameda,Fremont,Closed,construction,american-hs-and-kennedy-hs-turf-and-track-installation-fremont-unified-school-district,86,no,,,,2026-07-14T03:29:36-07:00,181,no,,closed_stale_no_results,no
rec4iyj5r2GQYGmwZ,HSIP Cycle 11 Citywide Systemic Signal Visibility Upgrades Project,City of Fairfield,Solano,Fairfield,Closed,construction,hsip-cycle-11-citywide-systemic-signal-visibility-upgrades-project-city-of-fairfield,84,yes,results,construction,https://www.bidthebay.com/construction-project-details/hsip-cycle-11-citywide-systemic-signal-visibility-upgrades-project-city-of-fairfield/r/rec4iyj5r2GQYGmwZ,2026-06-29T09:21:18-07:00,433,yes,,award_results,no
rec4jbLFlXEAwmSwf,On-Call Project Management and Technical Consulting Services for the LAVTA Atlantis Facility Construction Project,Livermore Amador Valley Transit Authority,Alameda,Livermore,Closed,professional services,on-call-project-management-and-technical-consulting-services-for-the-lavta-atlantis-facility-construction-project-livermore-amador-valley-transit-authority,155,yes,results,professional services,https://www.bidthebay.com/professional-services-project-details/on-call-project-management-and-technical-consulting-services-for-the-lavta-atlantis-facility-construction-project-livermore-amador-valley-transit-authority/r/rec4jbLFlXEAwmSwf,2026-08-15T00:01:38-07:00,1541,no,,recently_closed,no
rec4kC6HieB5Rk4oI,CMAR for the New County Government Center,County of Sonoma,Sonoma,Santa Rosa,Closed,construction; professional services,cmar-for-the-new-county-government-center-county-of-sonoma,58,no,,,,2026-04-11T10:46:50-07:00,544,no,,closed_stale_no_results,no
rec4nx8IWcDKGywyM,On-Call Saw Cutting and Core Drilling,City of Palo Alto,Santa Clara,Palo Alto,Closed,construction,on-call-saw-cutting-and-core-drilling-city-of-palo-alto,55,yes,results,construction,https://www.bidthebay.com/construction-project-details/on-call-saw-cutting-and-core-drilling-city-of-palo-alto/r/rec4nx8IWcDKGywyM,2026-08-07T00:04:25-07:00,1209,no,,recently_closed,no
rec4qqz1m21gGK2hD,MB GH Convert 5th Floor Fume Hoods to VAV,University of California San Francisco,San Francisco,San Francisco,Open,professional services,mb-gh-convert-5th-floor-fume-hoods-to-vav-san-francisco,55,yes,open,professional services,https://www.bidthebay.com/professional-services-project-details/mb-gh-convert-5th-floor-fume-hoods-to-vav-san-francisco/r/rec4qqz1m21gGK2hD,2026-09-09T22:28:58-07:00,404,no,,open_solicitation,no
rec4rpRbEEloLO4qr,On-Call Clear Path Sidewalk Project – Horizontal Saw Cutting and Shaving Project - Rebid,City of San Bruno,San Mateo,San Bruno,Closed,construction,on-call-clear-path-sidewalk-project-horizontal-saw-cutting-and-shaving-project-rebid-city-of-san-bruno,102,yes,results,construction,https://www.bidthebay.com/construction-project-details/on-call-clear-path-sidewalk-project-horizontal-saw-cutting-and-shaving-project-rebid-city-of-san-bruno/r/rec4rpRbEEloLO4qr,2026-09-04T00:02:05-07:00,289,no,,recently_closed,no
rec4sCionP3CKy1Kh,Recycled Water Transmission Repair Project,Town of Yountville,Napa,Yountville,Closed,construction,recycled-water-transmission-repair-project-city-of-yountville,61,yes,results,construction,https://www.bidthebay.com/construction-project-details/recycled-water-transmission-repair-project-city-of-yountville/r/rec4sCionP3CKy1Kh,2026-09-07T11:37:33-07:00,697,yes,,award_results,no
rec4uCMatkfAr8Yx6,Shoreway Environmental Center Monument Signage Project,South Bayside Waste Management Authority (RethinkWaste),San Mateo,San Carlos,Closed,construction,shoreway-environmental-center-monument-signage-project-south-bayside-waste-management-authority-rethinkwaste,108,yes,results,construction,https://www.bidthebay.com/construction-project-details/shoreway-environmental-center-monument-signage-project-south-bayside-waste-management-authority-rethinkwaste/r/rec4uCMatkfAr8Yx6,2026-08-11T00:04:19-07:00,649,no,,recently_closed,no
rec4vERXVWoYa4vxL,SKY B6 Chiller Replacement,San Mateo County Community College District,San Mateo,San Bruno,Closed,construction,sky-b6-chiller-replacement-san-mateo-county-community-college-district,70,yes,results,construction,https://www.bidthebay.com/construction-project-details/sky-b6-chiller-replacement-san-mateo-county-community-college-district/r/rec4vERXVWoYa4vxL,2026-03-27T07:29:17-07:00,425,yes,,award_results,no
rec4wLXvBQUxzdrLi,Menke Park Improvement Project,Town of Corte Madera,Marin,Corte Madera,Closed,construction,menke-park-improvement-project-town-of-corte-madera,51,yes,results,construction,https://www.bidthebay.com/construction-project-details/menke-park-improvement-project-town-of-corte-madera/r/rec4wLXvBQUxzdrLi,2026-03-27T06:05:32-07:00,0,yes,No description at all,award_results,no
rec4wVZP6QPwYAZlK,"Electrical (C-10 License) Construction, San Francisco, San Mateo, Santa Clara, and Alameda Counties",San Francisco Public Utilities Commission,San Francisco; San Mateo; Santa Clara; Alameda,Various Cities,Closed,construction,electrical-c-10-license-construction-san-francisco-san-mateo-santa-clara-and-alameda-counties-san-francisco-public-utilities-commission,135,yes,results,construction,https://www.bidthebay.com/construction-project-details/electrical-c-10-license-construction-san-francisco-san-mateo-santa-clara-and-alameda-counties-san-francisco-public-utilities-commission/r/rec4wVZP6QPwYAZlK,2026-06-26T08:31:34-07:00,456,no,,recently_closed,no
rec4yZlvypzJeKgBz,Electrical Replacement Phase 2 – Substation D,Fairfield-Suisun Sewer District,Solano,Fairfield,Closed,construction,electrical-replacement-phase-2-substation-d-fairfield-suisun-sewer-district,75,yes,results,construction,https://www.bidthebay.com/construction-project-details/electrical-replacement-phase-2-substation-d-fairfield-suisun-sewer-district/r/rec4yZlvypzJeKgBz,2026-07-14T04:17:55-07:00,1153,no,,recently_closed,no
rec53nchBLiF4XFnH,"HVAC Replacement, Repair, Cleaning, and Maintenance",National Park Service,Contra Costa,Richmond,Closed,construction,hvac-replacement-repair-cleaning-and-maintenance-national-park-service,70,yes,results,construction,https://www.bidthebay.com/construction-project-details/hvac-replacement-repair-cleaning-and-maintenance-national-park-service/r/rec53nchBLiF4XFnH,2026-09-01T00:04:28-07:00,766,no,,recently_closed,no
rec56DM1mlHXrYkli,Eagles Nest Slide Repair,County of Sonoma,Sonoma,Guerneville,Open,construction,eagles-nest-slide-repair-county-of-sonoma,41,yes,open,construction,https://www.bidthebay.com/construction-project-details/eagles-nest-slide-repair-county-of-sonoma/r/rec56DM1mlHXrYkli,2026-09-05T08:54:55-07:00,100,no,,open_solicitation,no
rec5731WxbQ6NvDhV,Benicia Train Depot Preservation & Maintenance Project,City of Benicia,Solano,Benicia ,Closed,construction,benicia-train-depot-preservation-maintenance-project-city-of-benicia,68,yes,results,construction,https://www.bidthebay.com/construction-project-details/benicia-train-depot-preservation-maintenance-project-city-of-benicia/r/rec5731WxbQ6NvDhV,2026-08-14T00:01:54-07:00,612,no,,recently_closed,no
rec5CRv0ha3BumGwl,"Urban Watershed Planning, Programs & Policy",Santa Clara Valley Water District,San Francisco,San Francisco,Closed,professional services,urban-watershed-planning-programs-policy-santa-clara-valley-water-district,74,yes,results,professional services,https://www.bidthebay.com/professional-services-project-details/urban-watershed-planning-programs-policy-santa-clara-valley-water-district/r/rec5CRv0ha3BumGwl,2026-05-19T17:09:15-07:00,405,no,,recently_closed,no
rec5DvPRHQfYqd0wT,Prewett Water Park Pool Resurfacing - Lap & Boulder Pools,City of Antioch,Contra Costa,Antioch,Closed,construction,prewett-water-park-pool-resurfacing-lap-boulder-pools-city-of-antioch,69,yes,results,construction,https://www.bidthebay.com/construction-project-details/prewett-water-park-pool-resurfacing-lap-boulder-pools-city-of-antioch/r/rec5DvPRHQfYqd0wT,2026-03-30T09:18:16-07:00,478,yes,,award_results,no
rec5FHIKWdoniFfne,"Thermoplastic Striping, Markings, and Pavement Marker Installation",County of Santa Clara,Santa Clara,Various Cities,Closed,construction,thermoplastic-striping-markings-and-pavement-marker-installation-county-of-santa-clara,86,yes,results,construction,https://www.bidthebay.com/construction-project-details/thermoplastic-striping-markings-and-pavement-marker-installation-county-of-santa-clara/r/rec5FHIKWdoniFfne,2026-08-27T09:18:17-07:00,369,no,,recently_closed,no
rec5FourBnl5b5h0h,On-Call Clear Path Sidewalk & Accessible Curb Ramp Project – Concrete Replacement Project ,City of San Bruno,San Mateo,San Bruno,Closed,construction,on-call-clear-path-sidewalk-accessible-curb-ramp-project-concrete-replacement-project-city-of-san-bruno,103,yes,results,construction,https://www.bidthebay.com/construction-project-details/on-call-clear-path-sidewalk-accessible-curb-ramp-project-concrete-replacement-project-city-of-san-bruno/r/rec5FourBnl5b5h0h,2026-08-19T00:04:01-07:00,460,no,,recently_closed,no
rec5GFDUvMp6QMFQN,Central Service Yard Fuel Island - Rebid,City of San Jose,Santa Clara,San Jose,Closed,construction,central-service-yard-fuel-island-rebid-city-of-san-jose,55,yes,results,construction,https://www.bidthebay.com/construction-project-details/central-service-yard-fuel-island-rebid-city-of-san-jose/r/rec5GFDUvMp6QMFQN,2026-07-06T03:21:31-07:00,526,yes,,award_results,no
rec5GYo1VEJ2obbg1,Purisima Pond Restoration Project,Midpeninsula Regional Open Space District,San Mateo,Half Moon Bay,Closed,construction,purisima-pond-restoration-project-midpeninsula-regional-open-space-district,75,yes,results,construction,https://www.bidthebay.com/construction-project-details/purisima-pond-restoration-project-midpeninsula-regional-open-space-district/r/rec5GYo1VEJ2obbg1,2026-07-15T04:06:10-07:00,828,no,,recently_closed,no
rec5NtxzpNbRAEsuF,Accordion Door Replacement,Contra Costa County,Contra Costa,Martinez,Closed,construction,accordion-door-replacement-contra-costa-county,46,yes,results,construction,https://www.bidthebay.com/construction-project-details/accordion-door-replacement-contra-costa-county/r/rec5NtxzpNbRAEsuF,2026-08-12T00:00:49-07:00,264,no,,recently_closed,no
rec5OMgN2GrhaCvRn,2026 Marin City Road Rehabilitation Project,County of Marin,Marin,Marin City,Closed,construction,2026-marin-city-road-rehabilitation-project-county-of-marin,59,yes,results,construction,https://www.bidthebay.com/construction-project-details/2026-marin-city-road-rehabilitation-project-county-of-marin/r/rec5OMgN2GrhaCvRn,2026-08-11T08:29:10-07:00,487,yes,,award_results,no
rec5P97CoDfQHpNae,"As-Needed Electrical Distribution/Transmission, Installation, and Construction Support No. 2",San Francisco Public Utilities Commission,San Francisco; San Mateo,Various ,Closed,construction,as-needed-electrical-distribution-transmission-installation-and-construction-support-no-2-san-francisco-public-utilities-commission,131,yes,results,construction,https://www.bidthebay.com/construction-project-details/as-needed-electrical-distribution-transmission-installation-and-construction-support-no-2-san-francisco-public-utilities-commission/r/rec5P97CoDfQHpNae,2026-08-28T00:03:11-07:00,344,no,,recently_closed,no
rec5RtDIeQv3SWoEf,Robert I. Schroder Pedestrian Bridge Rehabilitation Project,Contra Costa County,Contra Costa,Walnut Creek,Closed,construction,robert-i-schroder-pedestrian-bridge-rehabilitation-project-contra-costa-county,78,yes,results,construction,https://www.bidthebay.com/construction-project-details/robert-i-schroder-pedestrian-bridge-rehabilitation-project-contra-costa-county/r/rec5RtDIeQv3SWoEf,2026-09-10T08:59:46-07:00,381,yes,,award_results,no
rec5SCHKirsaS1yWR,Spruce ES LLB Preliminary Construction Services,South San Francisco Unified School District,San Mateo,South San Francisco,Closed,construction,spruce-es-llb-preliminary-construction-services-south-san-francisco-unified-school-district,91,yes,results,construction,https://www.bidthebay.com/construction-project-details/spruce-es-llb-preliminary-construction-services-south-san-francisco-unified-school-district/r/rec5SCHKirsaS1yWR,2026-05-08T17:04:07-07:00,630,no,,recently_closed,no
rec5TThqBDlzoUmYU,"Stevens Creek Bank Erosion & Outfall Repairs, Whisman Park Reach",City of Mountain View,Santa Clara,Mountain View,Closed,construction,stevens-creek-bank-erosion-outfall-repairs-whisman-park-reach-city-of-mountain-view,83,yes,results,construction,https://www.bidthebay.com/construction-project-details/stevens-creek-bank-erosion-outfall-repairs-whisman-park-reach-city-of-mountain-view/r/rec5TThqBDlzoUmYU,2026-09-10T08:46:25-07:00,144,yes,,award_results,no
rec5XUP1recj2yhzg,Professional Services for San Antonio Park Renovation and Enhancement Project,City of Sunnyvale,Santa Clara,Sunnyvale,Closed,professional services,professional-services-for-san-antonio-park-renovation-and-enhancement-project-city-of-sunnyvale,95,no,,,,2026-03-30T10:13:45-07:00,1973,no,,closed_stale_no_results,no
rec5YSAn02uWhOhKS,M/L Hospital M365 & M375 IR Equipment Replacement ,University of California San Francisco,San Francisco,San Francisco,Closed,construction,m-l-hospital-m365-m375-ir-equipment-replacement-university-of-california-san-francisco,86,yes,results,construction,https://www.bidthebay.com/construction-project-details/m-l-hospital-m365-m375-ir-equipment-replacement-university-of-california-san-francisco/r/rec5YSAn02uWhOhKS,2026-07-15T03:53:50-07:00,356,yes,,award_results,no
rec5ZnS4FN688e9K4,Witter Rugby Field Donor Project,UC Berkeley,Alameda,Berkeley,Closed,construction; professional services,witter-rugby-field-donor-project-uc-berkeley,44,yes,results,construction,https://www.bidthebay.com/construction-project-details/witter-rugby-field-donor-project-uc-berkeley/r/rec5ZnS4FN688e9K4,2026-04-11T10:49:04-07:00,1848,no,,multi_category_provisional_construction,yes
rec5clBTJ399oNvrH,Citywide Sanitary Sewer Repair,County of Santa Clara,Alameda,Oakland ,Closed,construction,citywide-sanitary-sewer-repair-county-of-santa-clara,52,yes,results,construction,https://www.bidthebay.com/construction-project-details/citywide-sanitary-sewer-repair-county-of-santa-clara/r/rec5clBTJ399oNvrH,2026-06-05T00:04:55-07:00,1135,no,,recently_closed,no
rec5cxN0GLt29bgsW,South Rollins Road Traffic Calming Project,City of Burlingame,San Mateo,Burlingame,Closed,construction,south-rollins-road-traffic-calming-project-city-of-burlingame,61,yes,results,construction,https://www.bidthebay.com/construction-project-details/south-rollins-road-traffic-calming-project-city-of-burlingame/r/rec5cxN0GLt29bgsW,2026-05-19T17:09:09-07:00,1002,no,,recently_closed,no
rec5dst5y9AfUyoSE,On-Call Geotechnical Engineering Professional Services,Alameda County Public Works Agency,Alameda,Hayward,Closed,professional services,on-call-geotechnical-engineering-professional-services-alameda-county-public-works-agency,89,no,,,,2026-04-11T10:47:27-07:00,200,no,,closed_stale_no_results,no
rec5dz7BL7oq7XU8x,2026 Pavement Rehabilitation Project,City of Belmont,San Mateo,Belmont,Closed,construction,2026-pavement-rehabilitation-project-city-of-belmont,52,yes,results,construction,https://www.bidthebay.com/construction-project-details/2026-pavement-rehabilitation-project-city-of-belmont/r/rec5dz7BL7oq7XU8x,2026-07-11T07:42:17-07:00,263,yes,,award_results,no
rec5edDhFpSE3ABQo,Generator Maintenance and Emergency Repair Services,California Governor's Office of Emergency Services (Cal OES),Solano,Dixon,Closed,construction,generator-maintenance-and-emergency-repair-services-california-governor-s-office-of-emergency-services,102,yes,results,construction,https://www.bidthebay.com/construction-project-details/generator-maintenance-and-emergency-repair-services-california-governor-s-office-of-emergency-services/r/rec5edDhFpSE3ABQo,2026-09-07T11:37:47-07:00,649,no,,recently_closed,no
rec5fOQy5vkbelDhE,Rodeo Creek Bank Erosion Repair Project,Contra Costa Public Works,Contra Costa,Rodeo,Closed,construction,rodeo-creek-bank-erosion-repair-project-contra-costa-public-works,65,no,,,,2026-03-31T11:25:14-07:00,517,no,,closed_stale_no_results,no
rec5hBSLSLeFuB7dA,Artist's View Deck Project,City of Belvedere,Marin,Belvedere,Closed,construction,artist-s-view-deck-project-city-of-belvedere,44,yes,results,construction,https://www.bidthebay.com/construction-project-details/artist-s-view-deck-project-city-of-belvedere/r/rec5hBSLSLeFuB7dA,2026-07-31T10:09:42-07:00,582,yes,,award_results,no
rec5jMeXXJH35ppNg,City Hall Office Remodel,City of San Mateo,San Mateo,San Mateo,Closed,construction,city-hall-office-remodel-city-of-san-mateo,42,yes,results,construction,https://www.bidthebay.com/construction-project-details/city-hall-office-remodel-city-of-san-mateo/r/rec5jMeXXJH35ppNg,2026-07-10T03:56:08-07:00,120,no,,recently_closed,no
rec5m4eKjOPetgNZ0,Kezar Pavilion Renovation Project (Citywide PLA),San Francisco Public Works,San Francisco,San Francisco,Closed,construction,kezar-pavilion-renovation-project-citywide-pla-san-francisco-department-of-public-works,87,yes,results,construction,https://www.bidthebay.com/construction-project-details/kezar-pavilion-renovation-project-citywide-pla-san-francisco-department-of-public-works/r/rec5m4eKjOPetgNZ0,2026-09-07T11:37:33-07:00,0,yes,No description at all,award_results,no
rec5mYESOovly52aa,"Electronic Access Controls Project for EAHS, SRMS, CCLA, RHS, HVES and Charter for the Arts ",Santa Rosa City Schools,Sonoma,Santa Rosa,Closed,construction,electronic-access-controls-project-for-eahs-srms-ccla-rhs-hves-and-charter-for-the-arts-santa-rosa-city-schools,111,yes,results,construction,https://www.bidthebay.com/construction-project-details/electronic-access-controls-project-for-eahs-srms-ccla-rhs-hves-and-charter-for-the-arts-santa-rosa-city-schools/r/rec5mYESOovly52aa,2026-04-22T17:08:03-07:00,1564,no,,recently_closed,no
rec5nap5Bys8RdsXS,Alcatraz Avenue and Santa Rosa Avenue Pipeline Replacement Project,Coastside County Water District,San Mateo,Half Moon Bay,Closed,construction,alcatraz-avenue-and-santa-rosa-avenue-pipeline-replacement-project-coastside-county-water-district,98,yes,results,construction,https://www.bidthebay.com/construction-project-details/alcatraz-avenue-and-santa-rosa-avenue-pipeline-replacement-project-coastside-county-water-district/r/rec5nap5Bys8RdsXS,2026-07-06T06:52:07-07:00,639,yes,,award_results,no
rec5oYbsCCkzKy0CR,"Boiler Inspection, Preventative Maintenance, Repair and Replacement Services",County of Santa Clara,Santa Clara,Various Cities,Closed,construction,boiler-inspection-preventative-maintenance-repair-and-replacement-services-county-of-santa-clara,96,yes,results,construction,https://www.bidthebay.com/construction-project-details/boiler-inspection-preventative-maintenance-repair-and-replacement-services-county-of-santa-clara/r/rec5oYbsCCkzKy0CR,2026-07-08T10:23:02-07:00,299,yes,,award_results,no
rec5sqlchdx1xdsao,Precast Concrete Fence Replacement Project,City of Gilroy,Santa Clara,Gilroy,Closed,construction,precast-concrete-fence-replacement-project-city-of-gilroy,57,yes,results,construction,https://www.bidthebay.com/construction-project-details/precast-concrete-fence-replacement-project-city-of-gilroy/r/rec5sqlchdx1xdsao,2026-06-24T10:09:26-07:00,318,yes,,award_results,no
rec5yTL1Y0l3GbT1W,M/L Hospital Room L123 ED X-Ray Equipment Replacement,University of California San Francisco,San Francisco,San Francisco,Closed,construction,m-l-hospital-room-l123-ed-x-ray-equipment-replacement-university-of-california-san-francisco,92,yes,results,construction,https://www.bidthebay.com/construction-project-details/m-l-hospital-room-l123-ed-x-ray-equipment-replacement-university-of-california-san-francisco/r/rec5yTL1Y0l3GbT1W,2026-07-15T03:56:02-07:00,221,yes,,award_results,no
rec5z6v4U0SzeyJqh,Accordion Door Replacement,Contra Costa County,Contra Costa,Martinez,Closed,construction,accordion-door-replacement-contra-costa-county,46,yes,results,construction,https://www.bidthebay.com/construction-project-details/accordion-door-replacement-contra-costa-county/r/rec5z6v4U0SzeyJqh,2026-09-10T09:02:55-07:00,264,no,,recently_closed,no
rec5zY4DkqTMTpWWG,Grattan Elementary School - Removal of Painted Wall Mural,San Francisco Unified School District,San Francisco,San Francisco,Closed,construction,grattan-elementary-school-removal-of-painted-wall-mural-san-francisco-unified-school-district,93,yes,results,construction,https://www.bidthebay.com/construction-project-details/grattan-elementary-school-removal-of-painted-wall-mural-san-francisco-unified-school-district/r/rec5zY4DkqTMTpWWG,2026-04-15T10:39:58-07:00,258,yes,,award_results,no
rec65RvCnuGrcAYJr,Beach Road Stabilization Project (BRSP),City of Belvedere ,Marin,Belvedere,Closed,construction,beach-road-stabilization-project-brsp-city-of-belvedere,55,no,,,,2026-04-11T10:46:31-07:00,0,no,No description at all,closed_stale_no_results,no
rec65kblaeQGPplb0,Project Approval and Environmental Documentation Services for I-580/I-680 Interchange Multimodal Improvements,Alameda County Transportation Commission,Alameda,Pleasanton & Dublin,Closed,professional services,project-approval-and-environmental-documentation-services-for-i-580-i-680-interchange-multimodal-improvements-alameda-county-transportation-commission,150,yes,results,professional services,https://www.bidthebay.com/professional-services-project-details/project-approval-and-environmental-documentation-services-for-i-580-i-680-interchange-multimodal-improvements-alameda-county-transportation-commission/r/rec65kblaeQGPplb0,2026-08-05T00:04:04-07:00,287,no,,recently_closed,no
rec69bAvraoe425MK,"UCB EHCP – Increment 4 – WP-16: Storefront, Louvers, Glazing  ",UC Berkeley,Alameda,Berkeley,Closed,construction,ucb-ehcp-increment-4-wp-16-storefront-louvers-glazing-uc-berkeley,65,yes,results,construction,https://www.bidthebay.com/construction-project-details/ucb-ehcp-increment-4-wp-16-storefront-louvers-glazing-uc-berkeley/r/rec69bAvraoe425MK,2026-08-11T04:41:58-07:00,969,yes,,award_results,no
rec6ATsA5LeygtGCQ,Buchanan Park Pond Loop Replacement ,City of Pittsburg,Contra Costa,Pittsburg,Open,construction,buchanan-park-pond-loop-replacement-city-of-pittsburg,53,yes,open,construction,https://www.bidthebay.com/construction-project-details/buchanan-park-pond-loop-replacement-city-of-pittsburg/r/rec6ATsA5LeygtGCQ,2026-09-01T08:55:47-07:00,717,no,,open_solicitation,no
rec6AqCkErRuMoTuu,Niles and Parkmont ES - HVAC Replacement,Fremont Unified School District,Alameda,Fremont,Closed,construction,niles-and-parkmont-es-hvac-replacement-fremont-unified-school-district,70,yes,results,construction,https://www.bidthebay.com/construction-project-details/niles-and-parkmont-es-hvac-replacement-fremont-unified-school-district/r/rec6AqCkErRuMoTuu,2026-07-08T10:10:43-07:00,0,yes,No description at all,award_results,no
rec6BMo1XU8VgpZYd,2026 Cape and Slurry Seal Project,City of Fremont,Alameda,Fremont ,Closed,construction,2026-cape-and-slurry-seal-project-city-of-fremont,49,yes,results,construction,https://www.bidthebay.com/construction-project-details/2026-cape-and-slurry-seal-project-city-of-fremont/r/rec6BMo1XU8VgpZYd,2026-03-25T20:48:52-07:00,0,yes,No description at all,award_results,no
rec6CeAPx9YeY7ARQ,Design of Golf Course Drive and Redwood Drive Intersection Improvements,City of Rohnert Park,Sonoma,Rohnert Park,Closed,professional services,design-of-golf-course-drive-and-redwood-drive-intersection-improvements-city-of-rohnert-park,92,yes,results,professional services,https://www.bidthebay.com/professional-services-project-details/design-of-golf-course-drive-and-redwood-drive-intersection-improvements-city-of-rohnert-park/r/rec6CeAPx9YeY7ARQ,2026-06-03T00:06:44-07:00,1700,no,,recently_closed,no
rec6Cn7RpmZ9qSl8Q,Thornton MS MPR Renovations Project - Roofing Trades,Fremont Unified School District,Alameda,Fremont,Closed,construction,thornton-ms-mpr-renovations-project-roofing-trades-fremont-unified-school-district,82,yes,results,construction,https://www.bidthebay.com/construction-project-details/thornton-ms-mpr-renovations-project-roofing-trades-fremont-unified-school-district/r/rec6Cn7RpmZ9qSl8Q,2026-07-10T12:18:45-07:00,0,yes,No description at all,award_results,no
rec6Du1sbWvCttdIa,On-Call Materials Testing and Special Inspection Services,City of Richmond,Contra Costa,Richmond,Closed,professional services,on-call-materials-testing-and-special-inspection-services-city-of-richmond,74,yes,results,professional services,https://www.bidthebay.com/professional-services-project-details/on-call-materials-testing-and-special-inspection-services-city-of-richmond/r/rec6Du1sbWvCttdIa,2026-08-29T00:04:08-07:00,831,no,,recently_closed,no
rec6EPU4POEvCswyK,Grant Elementary School Fence Replacement and Demolition of the Portable Trailer by the Main Building Project,San Lorenzo Unified School District,Alameda,San Lorenzo,Closed,construction,grant-elementary-school-fence-replacement-and-demolition-of-the-portable-trailer-by-the-main-building-project-san-lorenzo-unified-school-district,145,yes,results,construction,https://www.bidthebay.com/construction-project-details/grant-elementary-school-fence-replacement-and-demolition-of-the-portable-trailer-by-the-main-building-project-san-lorenzo-unified-school-district/r/rec6EPU4POEvCswyK,2026-04-06T05:14:03-07:00,150,yes,,award_results,no
rec6IVUaJezBRsnqt,Rejected: Patterson House Roof Replacement Project,City of Fremont,Alameda,Fremont,Closed,construction,patterson-house-roof-replacement-project-city-of-fremont,56,no,,,,2026-09-10T09:07:35-07:00,0,no,No description at all,closed_stale_no_results,no
rec6IXzPTLOGgI7h4,Balfour Road Wastewater Rehabilitation Project,City of Brentwood,Contra Costa,Brentwood,Closed,professional services,balfour-road-wastewater-rehabilitation-project-city-of-brentwood,64,yes,results,professional services,https://www.bidthebay.com/professional-services-project-details/balfour-road-wastewater-rehabilitation-project-city-of-brentwood/r/rec6IXzPTLOGgI7h4,2026-06-06T00:04:05-07:00,409,no,,recently_closed,no
rec6L4PtagVnwPkN3,CCCFPD On-Call District-Wide Masonry Wall Installation and Repair Work,Contra Costa County,Contra Costa,Contra Costa  ,Closed,construction,cccfpd-on-call-district-wide-masonry-wall-installation-and-repair-work-contra-costa-county,90,no,,,,2026-04-11T10:46:31-07:00,0,no,No description at all,closed_stale_no_results,no
rec6Lq2oTHwcyCJ2G,Rejected: Sharks Way and North Almaden Blvd Streetlighting Improvements,City of San Jose,Santa Clara,San Jose,Closed,construction,rejected-sharks-way-and-north-almaden-blvd-streetlighting-improvements-city-of-san-jose,87,yes,results,construction,https://www.bidthebay.com/construction-project-details/rejected-sharks-way-and-north-almaden-blvd-streetlighting-improvements-city-of-san-jose/r/rec6Lq2oTHwcyCJ2G,2026-09-05T20:33:30-07:00,159,no,,recently_closed,no
rec6OFwhnnkWqS2Wm,Water Damage Repairs at 703 and 711 Atlantic Ave.,Housing Authority of the City of Alameda,Alameda,Alameda,Closed,construction,water-damage-repairs-at-703-and-711-atlantic-ave-housing-authority-of-the-city-of-alameda,89,yes,results,construction,https://www.bidthebay.com/construction-project-details/water-damage-repairs-at-703-and-711-atlantic-ave-housing-authority-of-the-city-of-alameda/r/rec6OFwhnnkWqS2Wm,2026-08-06T00:04:22-07:00,360,no,,recently_closed,no
rec6OdWfw8xrvBsnM,Force Main Assessment Civil Work,West County Wastewater District,Contra Costa,San Pablo,Closed,construction,force-main-assessment-civil-work-west-county-wastewater-district,64,yes,results,construction,https://www.bidthebay.com/construction-project-details/force-main-assessment-civil-work-west-county-wastewater-district/r/rec6OdWfw8xrvBsnM,2026-07-14T03:53:39-07:00,1349,yes,,award_results,no
rec6OvG7sW79gvwY4,India Basin Signage,City and County of San Francisco,San Francisco,San Francisco,Closed,construction,india-basin-signage-city-and-county-of-san-francisco,52,no,,,,2026-04-12T13:45:34-07:00,90,no,,closed_stale_no_results,no
rec6QDfhufVgFew6k,Catch Basin Trash Capture Inlet Device Installation Project,City of East Palo Alto,San Mateo,East Palo Alto,Closed,construction,catch-basin-trash-capture-inlet-device-installation-project-city-of-east-palo-alto,82,yes,results,construction,https://www.bidthebay.com/construction-project-details/catch-basin-trash-capture-inlet-device-installation-project-city-of-east-palo-alto/r/rec6QDfhufVgFew6k,2026-04-11T10:49:24-07:00,967,no,,recently_closed,no
rec6QELQ6oZfQnqxA,Alameda Hospital 2030 Seismic and Operational Upgrades Projects 1–9,City of Alameda Health Care District,Alameda,Alameda ,Closed,construction,alameda-hospital-2030-seismic-and-operational-upgrades-projects-1-9-city-of-alameda-health-care-district,104,yes,results,construction,https://www.bidthebay.com/construction-project-details/alameda-hospital-2030-seismic-and-operational-upgrades-projects-1-9-city-of-alameda-health-care-district/r/rec6QELQ6oZfQnqxA,2026-06-25T00:00:39-07:00,394,no,,recently_closed,no
rec6SaH3JkL93L833,Secondary Treatment System Upgrade,Town of Windsor,Sonoma,Windsor,Open,construction,secondary-treatment-system-upgrade-town-of-windsor,50,yes,open,construction,https://www.bidthebay.com/construction-project-details/secondary-treatment-system-upgrade-town-of-windsor/r/rec6SaH3JkL93L833,2026-08-25T09:01:09-07:00,0,no,No description at all,open_solicitation,no
rec6Tsi3VTZhteu5f,Sewer Line Replacement - San Pedro Valley Shop,County of San Mateo,San Mateo,Pacifica,Closed,construction,sewer-line-replacement-san-pedro-valley-shop-county-of-san-mateo,64,yes,results,construction,https://www.bidthebay.com/construction-project-details/sewer-line-replacement-san-pedro-valley-shop-county-of-san-mateo/r/rec6Tsi3VTZhteu5f,2026-07-03T00:05:02-07:00,187,no,,recently_closed,no
rec6UHCKIr8xMym5b,Pump Station 8 & 11 Improvements,City of San Jose,Santa Clara,San Jose,Closed,construction,pump-station-8-11-improvements-city-of-san-jose,47,yes,results,construction,https://www.bidthebay.com/construction-project-details/pump-station-8-11-improvements-city-of-san-jose/r/rec6UHCKIr8xMym5b,2026-06-15T10:01:57-07:00,324,yes,,award_results,no
rec6UTr9nufksvlbH,Willow-Keyes Corridor Improvements  ,City of San Jose,Santa Clara,San Jose,Closed,construction,willow-keyes-corridor-improvements-city-of-san-jose,51,yes,results,construction,https://www.bidthebay.com/construction-project-details/willow-keyes-corridor-improvements-city-of-san-jose/r/rec6UTr9nufksvlbH,2026-07-24T09:35:26-07:00,746,yes,,award_results,no
rec6bwYxtzsudoB0k,Brookside Elementary School - Pedestrian Bridge,Ross Valley School District,Marin,San Anselmo,Closed,construction,brookside-elementary-school-pedestrian-bridge-ross-valley-school-district,73,yes,results,construction,https://www.bidthebay.com/construction-project-details/brookside-elementary-school-pedestrian-bridge-ross-valley-school-district/r/rec6bwYxtzsudoB0k,2026-05-15T10:23:50-07:00,239,yes,,award_results,no
rec6cbMx2aYsVkgjT,Fremont Older House Re-Roofing Project,Midpeninsula Regional Open Space District,Santa Clara,Cupertino ,Closed,construction,fremont-older-house-re-roofing-project-midpeninsula-regional-open-space-district,80,no,,,,2026-04-11T10:47:43-07:00,0,no,No description at all,closed_stale_no_results,no
rec6dA8yAeSTeSA46,Foothill La Loma 1 and 2 Renovations,UC Berkeley,Alameda,Berkeley,Closed,professional services,foothill-la-loma-1-and-2-renovations-uc-berkeley,48,yes,results,professional services,https://www.bidthebay.com/professional-services-project-details/foothill-la-loma-1-and-2-renovations-uc-berkeley/r/rec6dA8yAeSTeSA46,2026-08-13T00:01:37-07:00,555,no,,recently_closed,no
rec6dT8e33m6bkNiy,Secondary Process Improvements Phase 1,Delta Diablo Sanitation District,Contra Costa,Antioch,Closed,construction,secondary-process-improvements-phase-1-delta-diablo-sanitation-district,71,yes,results,construction,https://www.bidthebay.com/construction-project-details/secondary-process-improvements-phase-1-delta-diablo-sanitation-district/r/rec6dT8e33m6bkNiy,2026-08-20T09:43:15-07:00,1343,yes,,award_results,no
rec6f6wZ2nUJpVcoO,Bret Harte Middle School Asphalt Replacement,Oakland Unified School District,Alameda,Oakland,Closed,construction,bret-harte-middle-school-asphalt-replacement-oakland-unified-school-district,76,yes,results,construction,https://www.bidthebay.com/construction-project-details/bret-harte-middle-school-asphalt-replacement-oakland-unified-school-district/r/rec6f6wZ2nUJpVcoO,2026-05-12T17:01:05-07:00,897,no,,recently_closed,no
rec6jBOigFKyFOP4r,Benicia Marina Breakwater Repairs,City of Benicia,Solano,Benicia,Closed,construction,benicia-marina-breakwater-repairs-city-of-benicia,49,yes,results,construction,https://www.bidthebay.com/construction-project-details/benicia-marina-breakwater-repairs-city-of-benicia/r/rec6jBOigFKyFOP4r,2026-06-30T07:20:58-07:00,760,yes,,award_results,no
rec6kj3jqH0vhXOq7,Dixon City Hall & Engineering Assessment and Space Redesign,City of Dixon,Solano,Dixon,Closed,professional services,dixon-city-hall-engineering-assessment-and-space-redesign-city-of-dixon,71,yes,results,professional services,https://www.bidthebay.com/professional-services-project-details/dixon-city-hall-engineering-assessment-and-space-redesign-city-of-dixon/r/rec6kj3jqH0vhXOq7,2026-09-04T00:02:04-07:00,200,no,,recently_closed,no
rec6kmvKdFIvHHf5O,George Peabody Elementary School - Water Outlets Remediation,San Francisco Unified School District,San Francisco,San Francisco,Closed,construction,george-peabody-elementary-school-water-outlets-remediation-san-francisco-unified-school-district,96,yes,results,construction,https://www.bidthebay.com/construction-project-details/george-peabody-elementary-school-water-outlets-remediation-san-francisco-unified-school-district/r/rec6kmvKdFIvHHf5O,2026-05-12T08:51:26-07:00,633,yes,,award_results,no
rec6ku7Hl150MAmQQ,Balboa High School - Fence and Lighting  ,San Francisco Unified School District,San Francisco,San Francisco,Closed,construction,balboa-high-school-fence-and-lighting-san-francisco-unified-school-district,75,yes,results,construction,https://www.bidthebay.com/construction-project-details/balboa-high-school-fence-and-lighting-san-francisco-unified-school-district/r/rec6ku7Hl150MAmQQ,2026-08-23T21:23:44-07:00,413,yes,,award_results,no
rec6l0symLtK1A2MU,West Park ES Paving and Roof Coating Project,Napa Valley Unified School District,Napa,Napa,Closed,construction,west-park-es-paving-and-roof-coating-project-napa-valley-unified-school-district,80,yes,results,construction,https://www.bidthebay.com/construction-project-details/west-park-es-paving-and-roof-coating-project-napa-valley-unified-school-district/r/rec6l0symLtK1A2MU,2026-05-13T02:45:56-07:00,52,yes,,award_results,no
rec6l4yAEKO1HNUPR,Foothill Housing Bldg 6 Structure Repairs & Upgrades,UC Berkeley,Alameda,Berkeley,Closed,construction,foothill-housing-bldg-6-structure-repairs-upgrades-uc-berkeley,62,yes,results,construction,https://www.bidthebay.com/construction-project-details/foothill-housing-bldg-6-structure-repairs-upgrades-uc-berkeley/r/rec6l4yAEKO1HNUPR,2026-03-30T10:24:13-07:00,265,yes,,award_results,no
rec6laCN58Sw6bK7c,HSIP Cycle 11 Silverado Trail Intersection Improvements Project,County of Napa,Napa,Napa ,Closed,construction,hsip-cycle-11-silverado-trail-intersection-improvements-project-county-of-napa,78,yes,results,construction,https://www.bidthebay.com/construction-project-details/hsip-cycle-11-silverado-trail-intersection-improvements-project-county-of-napa/r/rec6laCN58Sw6bK7c,2026-07-28T10:31:34-07:00,274,no,,recently_closed,no
rec6pa5q17s5i5ybY,Transbay Block 4 West - Housing Development,City and County of San Francisco,San Francisco,San Francisco,Closed,construction,transbay-block-4-west-housing-development-city-and-county-of-san-francisco,74,no,,,,2026-04-11T10:49:50-07:00,375,no,,closed_stale_no_results,no
rec6pv1jDWt8dJ80G,Project Delivery Partners for the Dianne Feinstein International Terminal Smoke Control and Fire Alarm Modernization Project,San Francisco International Airport,San Mateo,San Francisco,Open,professional services,project-delivery-partners-dianne-feinstein-san-francisco,56,yes,open,professional services,https://www.bidthebay.com/professional-services-project-details/project-delivery-partners-dianne-feinstein-san-francisco/r/rec6pv1jDWt8dJ80G,2026-09-09T18:17:16-07:00,560,no,,open_solicitation,no
rec6qQKBJ1t5owSEF,Library Elevator Upgrade Project,City of San Carlos,San Mateo,San Carlos,Closed,construction,library-elevator-upgrade-project-city-of-san-carlos,51,yes,results,construction,https://www.bidthebay.com/construction-project-details/library-elevator-upgrade-project-city-of-san-carlos/r/rec6qQKBJ1t5owSEF,2026-05-15T10:31:32-07:00,277,no,,recently_closed,no
rec6togY0YWUQevAa,Mt. Diablo Boulevard Corridor Multimodal Mobility Plan,City of Lafayette,Contra Costa,Lafayette,Closed,professional services,mt-diablo-boulevard-corridor-multimodal-mobility-plan-city-of-lafayette,71,no,,,,2026-03-30T11:06:45-07:00,701,no,,closed_stale_no_results,no
rec6tpnu5sMrtKhUs,Madrone Channel - Slide Gates,Santa Clara Valley Water District,Santa Clara,Morgan Hill,Closed,construction,madrone-channel-slide-gates-santa-clara-valley-water-district,61,yes,results,construction,https://www.bidthebay.com/construction-project-details/madrone-channel-slide-gates-santa-clara-valley-water-district/r/rec6tpnu5sMrtKhUs,2026-03-24T02:10:06-07:00,480,yes,,award_results,no
rec6uJz0tgMQeAzal,Storm Drain Maintenance Environmental Compliance and Permitting,City of San Rafael,Marin,San Rafael ,Closed,professional services,storm-drain-maintenance-environmental-compliance-and-permitting-city-of-san-rafael,82,yes,results,professional services,https://www.bidthebay.com/professional-services-project-details/storm-drain-maintenance-environmental-compliance-and-permitting-city-of-san-rafael/r/rec6uJz0tgMQeAzal,2026-08-11T08:30:19-07:00,824,no,,recently_closed,no
rec6uMeWaWDY4z4Fg,Replace Damaged Fiber Line,National Park Service,Contra Costa,Martinez,Closed,construction,replace-damaged-fiber-line-national-park-service,48,yes,results,construction,https://www.bidthebay.com/construction-project-details/replace-damaged-fiber-line-national-park-service/r/rec6uMeWaWDY4z4Fg,2026-05-29T00:02:15-07:00,329,no,,recently_closed,no
rec6xIauAOmn751gi,All-Weather Track Resurfacing at Balboa High School,San Francisco Unified School District,San Francisco,San Francisco,Closed,construction,all-weather-track-resurfacing-at-balboa-high-school-san-francisco-unified-school-district,89,yes,results,construction,https://www.bidthebay.com/construction-project-details/all-weather-track-resurfacing-at-balboa-high-school-san-francisco-unified-school-district/r/rec6xIauAOmn751gi,2026-03-28T09:44:42-07:00,1012,no,,recently_closed,no
rec6z49iLF4NrTJfU,Place Polyester Concrete Overlay and Replace Bearing Pad  ,California Department of Transportation (Caltrans),Solano,Solano ,Closed,construction,place-polyester-concrete-overlay-and-replace-bearing-pad-cal-trans-district-4,77,yes,results,construction,https://www.bidthebay.com/construction-project-details/place-polyester-concrete-overlay-and-replace-bearing-pad-cal-trans-district-4/r/rec6z49iLF4NrTJfU,2026-09-07T15:49:52-07:00,0,yes,No description at all,award_results,no
rec6zmSJQuujpR8Yz,Cargo Building 626.1 - Site Concrete,San Francisco International Airport,San Mateo,San Francisco,Closed,construction,cargo-building-626-1-site-concrete-san-francisco-international-airport-sfo,74,no,,,,2026-09-07T10:43:39-07:00,1314,no,,closed_stale_no_results,no
rec72k19HBHRAoetw,Boiler Maintenance Services,California Department of State Hospitals,Napa,Napa,Closed,construction,boiler-maintenance-services-california-department-of-state-hospitals,68,yes,results,construction,https://www.bidthebay.com/construction-project-details/boiler-maintenance-services-california-department-of-state-hospitals/r/rec72k19HBHRAoetw,2026-07-01T00:09:32-07:00,639,no,,recently_closed,no
rec74XPv6ogjYZg3W,Citywide Street Reconstruction Phase 5  ,City of San Mateo,San Mateo,San Mateo,Closed,construction,citywide-street-reconstruction-phase-5-city-of-san-mateo,56,no,,,,2026-04-11T10:46:12-07:00,0,no,No description at all,closed_stale_no_results,no
rec7A0hmj78mBW5TB,Streetlight Conversion to LED Project (Phase 2),City of Millbrae,San Mateo,Millbrae,Closed,construction,streetlight-conversion-to-led-project-phase-2-city-of-millbrae,62,yes,results,construction,https://www.bidthebay.com/construction-project-details/streetlight-conversion-to-led-project-phase-2-city-of-millbrae/r/rec7A0hmj78mBW5TB,2026-03-24T07:47:37-07:00,0,yes,No description at all,award_results,no
rec7BDPVzZxgDisr5,On-Call Traffic Control Plan Preparation,East Bay Municipal Utility District,Alameda; Contra Costa,Various Cities - East Bay ,Closed,professional services,on-call-traffic-control-plan-preparation-east-bay-municipal-utility-district,76,yes,results,professional services,https://www.bidthebay.com/professional-services-project-details/on-call-traffic-control-plan-preparation-east-bay-municipal-utility-district/r/rec7BDPVzZxgDisr5,2026-06-26T08:35:57-07:00,386,no,,recently_closed,no
rec7BnUVESIEfELg7,"District-Wide Shower & Changing Stall Renovations with Associated Plumbing, Tile, and Accessories Installation",Campbell Union High School District,Santa Clara,Campbell / San Jose  ,Closed,construction,district-wide-shower-changing-stall-renovations-with-associated-plumbing-tile-and-accessories-installation-campbell-union-high-school-district,142,yes,results,construction,https://www.bidthebay.com/construction-project-details/district-wide-shower-changing-stall-renovations-with-associated-plumbing-tile-and-accessories-installation-campbell-union-high-school-district/r/rec7BnUVESIEfELg7,2026-05-12T05:19:29-07:00,193,yes,,award_results,no
rec7EWRj8OMjARPB8,HVAC Unit Replacement – Oakland West Field Site: Phase 2,Bay Area Air Quality Management District ,Alameda,Oakland,Closed,construction,hvac-unit-replacement-oakland-west-field-site-phase-2-bay-area-air-quality-management-district,94,yes,results,construction,https://www.bidthebay.com/construction-project-details/hvac-unit-replacement-oakland-west-field-site-phase-2-bay-area-air-quality-management-district/r/rec7EWRj8OMjARPB8,2026-08-27T00:05:12-07:00,356,no,,recently_closed,no
rec7G5bQ3UlGTnwA6,Security Lobby Turnstiles and Gate Barrier Arms Installation,California Department of Transportation (Caltrans),Alameda,Oakland,Closed,construction,security-lobby-turnstiles-and-gate-barrier-arms-installation-cal-trans-district-4,81,yes,results,construction,https://www.bidthebay.com/construction-project-details/security-lobby-turnstiles-and-gate-barrier-arms-installation-cal-trans-district-4/r/rec7G5bQ3UlGTnwA6,2026-09-07T15:49:52-07:00,785,yes,,award_results,no
rec7G98AEescuBvAa,Walker Creek Ranch Sequoia Lodge Phase 2 - Rebid,Marin County Office of Education,Marin,Petaluma,Closed,construction,walker-creek-ranch-sequoia-lodge-phase-2-rebid-marin-county-office-of-education,79,yes,results,construction,https://www.bidthebay.com/construction-project-details/walker-creek-ranch-sequoia-lodge-phase-2-rebid-marin-county-office-of-education/r/rec7G98AEescuBvAa,2026-05-27T00:02:26-07:00,230,no,,recently_closed,no
rec7GCNQT3QGheWgF,BHCIP R1 Mental Health Rehabilitation Centers & SUD Facility Project,County of Sonoma,Sonoma,Santa Rosa,Closed,construction,bhcip-r1-mental-health-rehabilitation-centers-sud-facility-project-county-of-sonoma,83,yes,results,construction,https://www.bidthebay.com/construction-project-details/bhcip-r1-mental-health-rehabilitation-centers-sud-facility-project-county-of-sonoma/r/rec7GCNQT3QGheWgF,2026-08-26T00:05:10-07:00,433,no,,recently_closed,no
rec7IRBXErmRenj11,As-Needed Electrical Contracting Services (FY 2027),Dublin San Ramon Services District,Alameda; Contra Costa,Dublin / San Ramon / Pleasanton,Closed,construction,as-needed-electrical-contracting-services-fy-2027-dublin-san-ramon-services-district,84,yes,results,construction,https://www.bidthebay.com/construction-project-details/as-needed-electrical-contracting-services-fy-2027-dublin-san-ramon-services-district/r/rec7IRBXErmRenj11,2026-05-21T17:10:11-07:00,629,no,,recently_closed,no
rec7KO1wF6iazebQH,Demolition and Clearance Services,California Department of Transportation (Caltrans),Alameda,"Alameda, Contra Costa, Marin, Napa, San Francisco, San Mateo, Santa Clara, Solano, and Sonoma Counties",Closed,construction,demolition-and-clearance-services-cal-trans-district-4,54,no,,,,2026-09-11T00:00:48-07:00,216,no,,closed_stale_no_results,no
rec7MRmFgb7jbLaLh,As-Needed Interior and Exterior Painting Services,County of Santa Clara,Santa Clara,Santa Clara  ,Closed,construction,as-needed-interior-and-exterior-painting-services-county-of-santa-clara,71,yes,results,construction,https://www.bidthebay.com/construction-project-details/as-needed-interior-and-exterior-painting-services-county-of-santa-clara/r/rec7MRmFgb7jbLaLh,2026-04-11T10:37:39-07:00,275,no,,recently_closed,no
rec7OXZ9YERTIVKoQ,Design-Build Services for the Terminal Upper-Level Viaduct Resurfacing Project,San Francisco International Airport,San Francisco,San Francisco,Closed,construction; professional services,design-build-services-for-the-terminal-upper-level-viaduct-resurfacing-project-san-francisco-international-airport-sfo,118,yes,results,construction,https://www.bidthebay.com/construction-project-details/design-build-services-for-the-terminal-upper-level-viaduct-resurfacing-project-san-francisco-international-airport-sfo/r/rec7OXZ9YERTIVKoQ,2026-09-10T00:02:00-07:00,980,no,,multi_category_provisional_construction,yes
rec7OiLjANilgybuV,City of Antioch Marina Bathroom Repair,City of Antioch,Contra Costa,Antioch,Closed,construction,city-of-antioch-marina-bathroom-repair-city-of-antioch,54,yes,results,construction,https://www.bidthebay.com/construction-project-details/city-of-antioch-marina-bathroom-repair-city-of-antioch/r/rec7OiLjANilgybuV,2026-05-08T04:08:06-07:00,393,no,,recently_closed,no
rec7PcRkOSXGYyXBB,Entry Archway Monument Repair Project,City of Cotati,Sonoma,Cotati,Closed,construction,entry-archway-monument-repair-project-city-of-cotati,52,no,,,,2026-03-30T09:32:17-07:00,358,no,,closed_stale_no_results,no
rec7Qh2STHtHuQoz9,Livermore Transit Center Signs,Livermore Amador Valley Transit Authority,Alameda,Livermore,Closed,construction,livermore-transit-center-signs-livermore-amador-valley-transit-authority,72,yes,results,construction,https://www.bidthebay.com/construction-project-details/livermore-transit-center-signs-livermore-amador-valley-transit-authority/r/rec7Qh2STHtHuQoz9,2026-06-12T11:18:25-07:00,698,no,,recently_closed,no
rec7UqNdM8kwYGsLH,Roof Replacement at the former Renaissance at Fischer Site,Alum Rock Union School District,Santa Clara,San Jose,Closed,construction,roof-replacement-at-the-former-renaissance-at-fischer-site-alum-rock-union-school-district,90,yes,results,construction,https://www.bidthebay.com/construction-project-details/roof-replacement-at-the-former-renaissance-at-fischer-site-alum-rock-union-school-district/r/rec7UqNdM8kwYGsLH,2026-04-22T07:34:19-07:00,0,yes,No description at all,award_results,no
rec7XDiRTa1LNmWBh,Install End of Queue Systems - Alameda County,California Department of Transportation (Caltrans),Alameda,Oakland ,Closed,construction,install-end-of-queue-systems-alameda-county-california-department-of-transportation,83,yes,results,construction,https://www.bidthebay.com/construction-project-details/install-end-of-queue-systems-alameda-county-california-department-of-transportation/r/rec7XDiRTa1LNmWBh,2026-09-07T15:50:31-07:00,319,no,,recently_closed,no
rec7Xdu0fpYSSY5R2,Sir Francis Drake Boulevard Corridor Operations & Innovation Plan,County of Marin,Marin,San Anselmo / Ross / Fairfax / Kentfield / Greenbrae (Multiple Jurisdictions),Closed,professional services,sir-francis-drake-boulevard-corridor-operations-innovation-plan-county-of-marin,79,yes,results,professional services,https://www.bidthebay.com/professional-services-project-details/sir-francis-drake-boulevard-corridor-operations-innovation-plan-county-of-marin/r/rec7Xdu0fpYSSY5R2,2026-08-11T08:36:50-07:00,1191,no,,recently_closed,no
rec7XzGfp252cI3Lk,Annual Street Sealing 2021-2024,City of San Leandro,Alameda,San Leandro,Closed,construction,annual-street-sealing-2021-2024-city-of-san-leandro,51,yes,results,construction,https://www.bidthebay.com/construction-project-details/annual-street-sealing-2021-2024-city-of-san-leandro/r/rec7XzGfp252cI3Lk,2026-03-30T09:54:41-07:00,217,yes,,award_results,no
rec7YiOGvMCDBghyB,I-280 Comprehensive Multimodal Corridor Plan,Santa Clara Valley Transportation Authority,Santa Clara,Santa Clara,Open,professional services,i-280-comprehensive-multimodal-corridor-plan-santa-clara-valley-transportation-authority,88,yes,open,professional services,https://www.bidthebay.com/professional-services-project-details/i-280-comprehensive-multimodal-corridor-plan-santa-clara-valley-transportation-authority/r/rec7YiOGvMCDBghyB,2026-08-26T11:38:17-07:00,565,no,,open_solicitation,no
rec7Zd3V83wdpRBhb,Macadamia Access Road Repairs Project - Phase 2 (West),Town of Hillsborough,San Mateo,Hillsborough,Closed,construction,macadamia-access-road-repairs-project-phase-2-west-town-of-hillsborough,71,yes,results,construction,https://www.bidthebay.com/construction-project-details/macadamia-access-road-repairs-project-phase-2-west-town-of-hillsborough/r/rec7Zd3V83wdpRBhb,2026-05-29T05:06:57-07:00,492,yes,,award_results,no
rec7b83gWtOi4yt5y,2025-2026 Sanitary Sewer Point Repair Project,City of Burlingame,San Mateo,Burlingame,Closed,construction,2025-2026-sanitary-sewer-point-repair-project-city-of-burlingame,64,yes,results,construction,https://www.bidthebay.com/construction-project-details/2025-2026-sanitary-sewer-point-repair-project-city-of-burlingame/r/rec7b83gWtOi4yt5y,2026-03-24T02:09:10-07:00,238,yes,,award_results,no
rec7eALTSqffdbGmw,Annual Asphalt Concrete Street Overlay Program,City of Newark,Alameda,Newark ,Closed,construction,annual-asphalt-concrete-street-overlay-program-city-of-newark,61,yes,results,construction,https://www.bidthebay.com/construction-project-details/annual-asphalt-concrete-street-overlay-program-city-of-newark/r/rec7eALTSqffdbGmw,2026-05-01T04:33:46-07:00,821,yes,,award_results,no
rec7fH7yKc7EkeeGG,"Demolition and Clearance in Alameda, Contra Costa, Marin, Napa, San Francisco, San Mateo, Santa Clara, Solano, and Sonoma Counties",California Department of Transportation (Caltrans),Alameda; Contra Costa; Marin; Napa; San Francisco; San Mateo; Santa Clara; Solano; Sonoma,Various,Closed,construction,demolition-and-clearance-in-alameda-contra-costa-marin-napa-san-francisco-san-mateo-santa-clara-solano-and-sonoma-counties-california-department-of-transportation,162,yes,results,construction,https://www.bidthebay.com/construction-project-details/demolition-and-clearance-in-alameda-contra-costa-marin-napa-san-francisco-san-mateo-santa-clara-solano-and-sonoma-counties-california-department-of-transportation/r/rec7fH7yKc7EkeeGG,2026-09-07T15:50:31-07:00,627,no,,recently_closed,no
rec7nIUEg8RmJsIDA,"Pavement Repair, Drainage, MGS, Mod Lighting Systems and TMS",California Department of Transportation (Caltrans),Alameda,Fremont,Closed,construction,pavement-repair-drainage-mgs-mod-lighting-systems-and-tms-cal-trans-district-4,78,yes,results,construction,https://www.bidthebay.com/construction-project-details/pavement-repair-drainage-mgs-mod-lighting-systems-and-tms-cal-trans-district-4/r/rec7nIUEg8RmJsIDA,2026-09-07T15:49:52-07:00,258,yes,,award_results,no
rec7vFaIcwrjvZxeo,Austin Creek State Recreation Area – Bullfrog Pond and Pond Farm Water System and McCray Ridge Repeater Site Reconstruction,California Department of Parks and Recreation,Sonoma,Guerneville,Closed,construction,austin-creek-state-recreation-area-bullfrog-pond-and-pond-farm-water-system-and-mccray-ridge-repeater-site-reconstruction-california-department-of-parks-recreation,163,yes,results,construction,https://www.bidthebay.com/construction-project-details/austin-creek-state-recreation-area-bullfrog-pond-and-pond-farm-water-system-and-mccray-ridge-repeater-site-reconstruction-california-department-of-parks-recreation/r/rec7vFaIcwrjvZxeo,2026-09-10T23:57:20-07:00,211,yes,,award_results,no
rec7vLZcECOQa0ppd,Pedestrian Crossing Enhancements,Alameda County Public Works Agency,Alameda,Various,Closed,construction,pedestrian-crossing-enhancements-alameda-county-public-works,60,yes,results,construction,https://www.bidthebay.com/construction-project-details/pedestrian-crossing-enhancements-alameda-county-public-works/r/rec7vLZcECOQa0ppd,2026-09-09T00:02:03-07:00,562,no,,recently_closed,no
rec7vf19Kja1vojxl,Dan Oden Swim Complex Pool Addition Project,New Haven School District,Alameda,Union City,Open,construction,dan-oden-swim-complex-pool-addition-project-union-city,54,yes,open,construction,https://www.bidthebay.com/construction-project-details/dan-oden-swim-complex-pool-addition-project-union-city/r/rec7vf19Kja1vojxl,2026-09-10T12:09:17-07:00,475,no,,open_solicitation,no
rec7w07HLIWW3QtRH,Entrada Way Culvert Slip-Out Bank Stabilization Project,County of San Mateo,San Mateo,Redwood City,Closed,construction,entrada-way-culvert-slip-out-bank-stabilization-project-county-of-san-mateo,75,yes,results,construction,https://www.bidthebay.com/construction-project-details/entrada-way-culvert-slip-out-bank-stabilization-project-county-of-san-mateo/r/rec7w07HLIWW3QtRH,2026-07-24T00:01:57-07:00,405,no,,recently_closed,no
rec7w4IbfWGkEGQBK,S Regatta Dr & Capitol St Grind and Overlay Rehabilitation Project,City of Vallejo,Solano,Vallejo,Closed,construction,s-regatta-dr-capitol-st-grind-and-overlay-rehabilitation-project-city-of-vallejo,80,yes,results,construction,https://www.bidthebay.com/construction-project-details/s-regatta-dr-capitol-st-grind-and-overlay-rehabilitation-project-city-of-vallejo/r/rec7w4IbfWGkEGQBK,2026-03-24T07:18:00-07:00,722,yes,,award_results,no
rec7xue7F6uVvf4Ri,Rejected: Mt. St. Helena Tower Replacement Project,Napa County Flood Control and Water Conservation District,Napa,Napa County,Closed,construction,rejected-mt-st-helena-tower-replacement-project-napa-county-flood-control-water-conservation-district,101,no,,,,2026-09-07T11:38:13-07:00,447,no,,closed_stale_no_results,no
rec7yfr6e0acl4yDo,Cargo Building 720.1 & GSE Building 742 Project - Flooring and Wall Tile,San Francisco International Airport,San Mateo,San Francisco,Closed,construction,cargo-building-720-1-gse-building-742-project-flooring-and-wall-tile-san-francisco-international-airport-sfo,108,no,,,,2026-09-07T10:43:39-07:00,573,no,,closed_stale_no_results,no
rec7zHPTaUwVFwki4,Sanitary Sewer Condition Assessment FY 2025-2026 Package II,City of San Jose,Santa Clara,San Jose,Closed,construction,sanitary-sewer-condition-assessment-fy-2025-2026-package-ii-city-of-san-jose,76,no,,,,2026-04-11T10:49:20-07:00,582,no,,closed_stale_no_results,no
rec83tEBMG7VCUQhC,On-Call Speed Hump and Speed Table Installation,Alameda County Public Works Agency,Alameda,Various Cities,Closed,construction,on-call-speed-hump-and-speed-table-installation-alameda-county-public-works,75,yes,results,construction,https://www.bidthebay.com/construction-project-details/on-call-speed-hump-and-speed-table-installation-alameda-county-public-works/r/rec83tEBMG7VCUQhC,2026-09-07T11:36:49-07:00,684,no,,recently_closed,no
rec886NLdHsgC4p5Y,Category 5 Sewer Rehabilitation Project Phase III ,Corte Madera Sanitary District No. 2,Marin,Corte Madera,Closed,construction,category-5-sewer-rehabilitation-project-phase-iii-corte-madera-sanitary-district-no-2,85,yes,results,construction,https://www.bidthebay.com/construction-project-details/category-5-sewer-rehabilitation-project-phase-iii-corte-madera-sanitary-district-no-2/r/rec886NLdHsgC4p5Y,2026-08-07T10:10:31-07:00,443,yes,,award_results,no
rec88c8iqsVFiMI16,HSIP Cycle 12 - Guardrail and End Treatment Upgrade Project,County of Napa,Napa,Napa County,Closed,professional services,hsip-cycle-12-guardrail-and-end-treatment-upgrade-project-county-of-napa,72,yes,results,professional services,https://www.bidthebay.com/professional-services-project-details/hsip-cycle-12-guardrail-and-end-treatment-upgrade-project-county-of-napa/r/rec88c8iqsVFiMI16,2026-07-28T10:31:34-07:00,213,yes,,award_results,no
rec88kkYjxzXevH72,Hesperian Sewer Rehabilitation Project,City of Hayward ,Alameda,Hayward,Closed,construction,hesperian-sewer-rehabilitation-project-city-of-hayward,54,yes,results,construction,https://www.bidthebay.com/construction-project-details/hesperian-sewer-rehabilitation-project-city-of-hayward/r/rec88kkYjxzXevH72,2026-07-28T09:52:21-07:00,0,yes,No description at all,award_results,no
rec89tXALgiorIhyC,"Kitchen HVAC Upgrades at Branham, Del Mar, and Prospect High School",Campbell Union High School District,Santa Clara,San Jose / Saratoga,Closed,construction,kitchen-hvac-upgrades-at-branham-del-mar-and-prospect-high-school-campbell-union-high-school-district,101,yes,results,construction,https://www.bidthebay.com/construction-project-details/kitchen-hvac-upgrades-at-branham-del-mar-and-prospect-high-school-campbell-union-high-school-district/r/rec89tXALgiorIhyC,2026-05-13T10:04:44-07:00,274,yes,,award_results,no
rec8ABRdYz8cWxpQS,ICC Paint 2026,Town of San Anselmo,Marin,San Anselmo,Closed,construction,icc-paint-2026-town-of-san-anselmo,34,yes,results,construction,https://www.bidthebay.com/construction-project-details/icc-paint-2026-town-of-san-anselmo/r/rec8ABRdYz8cWxpQS,2026-05-11T06:26:20-07:00,258,yes,,award_results,no
rec8AhPJ8Aiydgsm8,As-Needed Chillers and Hot Water Generators Preventative Maintenance and Repair Services,San Francisco International Airport,San Francisco,San Francisco,Open,construction,as-needed-chillers-and-hot-water-generators-preventative-maintenance-and-repair-services-san-francisco-international-airport-sfo,128,yes,open,construction,https://www.bidthebay.com/construction-project-details/as-needed-chillers-and-hot-water-generators-preventative-maintenance-and-repair-services-san-francisco-international-airport-sfo/r/rec8AhPJ8Aiydgsm8,2026-09-07T10:39:57-07:00,1520,no,,open_solicitation,no
rec8AkKl0gUZ9ucmN,Proctor Elementary School Portables Project,Castro Valley Unified School District,Alameda,Castro Valley,Closed,construction,proctor-elementary-school-portables-project-castro-valley-unified-school-district,81,no,,,,2026-04-28T06:55:19-07:00,89,no,,closed_stale_no_results,no
rec8D7w1IN3WIpGgT,Giant Road Bridge Repair Project,City of San Pablo,Contra Costa,San Pablo,Closed,construction,giant-road-bridge-repair-project-city-of-san-pablo,50,yes,results,construction,https://www.bidthebay.com/construction-project-details/giant-road-bridge-repair-project-city-of-san-pablo/r/rec8D7w1IN3WIpGgT,2026-06-05T00:04:53-07:00,446,no,,recently_closed,no
rec8FJz8dD0qWAG2G,Clarendon Alternative Elementary School Courtyard Replacement,San Francisco Unified School District,San Francisco,San Francisco,Closed,construction,clarendon-alternative-elementary-school-courtyard-replacement-san-francisco-unified-school-district,99,yes,results,construction,https://www.bidthebay.com/construction-project-details/clarendon-alternative-elementary-school-courtyard-replacement-san-francisco-unified-school-district/r/rec8FJz8dD0qWAG2G,2026-04-26T10:12:29-07:00,461,yes,,award_results,no
rec8HT2TjdYFhUkvk,CM & Insp for Secondary Treatment System Upgrade,Town of Windsor,Sonoma,Windsor,Closed,professional services,cm-insp-for-secondary-treatment-system-upgrade-town-of-windsor,62,no,,,,2026-03-28T08:41:48-07:00,87,no,,closed_stale_no_results,no
rec8IQ3IxdnjnZQPG,On-Call Generator Maintenance and Repair Services,Contra Costa County,Contra Costa,Contra Costa ,Closed,construction,on-call-generator-maintenance-and-repair-services-contra-costa-county,69,yes,results,construction,https://www.bidthebay.com/construction-project-details/on-call-generator-maintenance-and-repair-services-contra-costa-county/r/rec8IQ3IxdnjnZQPG,2026-07-23T09:03:59-07:00,0,yes,No description at all,award_results,no
rec8Ioe0AEWk7VDsA,Primary Influent Pump Station (PIPS) Parallel Force Main Project,City of Petaluma,Sonoma,Petaluma,Closed,construction,primary-influent-pump-station-pips-parallel-force-main-project-city-of-petaluma,79,yes,results,construction,https://www.bidthebay.com/construction-project-details/primary-influent-pump-station-pips-parallel-force-main-project-city-of-petaluma/r/rec8Ioe0AEWk7VDsA,2026-09-11T06:10:25-07:00,385,yes,,award_results,no
rec8JkNjHt75Wc0Jx,SRJ Steel Rolling Gate Install,County of Alameda,Alameda,Dublin,Open,construction,srj-steel-rolling-gate-install-county-of-alameda,48,yes,open,construction,https://www.bidthebay.com/construction-project-details/srj-steel-rolling-gate-install-county-of-alameda/r/rec8JkNjHt75Wc0Jx,2026-08-21T10:46:50-07:00,451,no,,open_solicitation,no
rec8L5JshHT09O6EH,D-4032 Science Hill Demolition Project,Contra Costa Community College District,Contra Costa,Pleasant Hill,Closed,construction,d-4032-science-hill-demolition-project-contra-costa-community-college-district,78,yes,results,construction,https://www.bidthebay.com/construction-project-details/d-4032-science-hill-demolition-project-contra-costa-community-college-district/r/rec8L5JshHT09O6EH,2026-03-30T10:20:25-07:00,311,yes,,award_results,no
rec8Nt55QVa1naqwg,Construction Management Services for the Fire Foundry Project ,Marin Community College District,Marin,Novato,Closed,professional services,construction-management-services-for-the-fire-foundry-project-marin-community-college-district,94,yes,results,professional services,https://www.bidthebay.com/professional-services-project-details/construction-management-services-for-the-fire-foundry-project-marin-community-college-district/r/rec8Nt55QVa1naqwg,2026-07-25T00:01:47-07:00,133,no,,recently_closed,no
rec8OpBHxKZSb4KO1,UCSF Helen Diller Hospital at Parnassus Heights – Terrazzo Flooring,University of California San Francisco,San Francisco,San Francisco,Closed,construction,ucsf-helen-diller-hospital-at-parnassus-heights-terrazzo-flooring-university-of-california-san-francisco,104,yes,results,construction,https://www.bidthebay.com/construction-project-details/ucsf-helen-diller-hospital-at-parnassus-heights-terrazzo-flooring-university-of-california-san-francisco/r/rec8OpBHxKZSb4KO1,2026-08-04T04:12:25-07:00,181,yes,,award_results,no
rec8P7ydWzWKRG2XE,Seismic Monitoring Station Construction,UC Berkeley,Santa Clara,San Jose,Open,construction,seismic-monitoring-station-construction-uc-berkeley,51,yes,open,construction,https://www.bidthebay.com/construction-project-details/seismic-monitoring-station-construction-uc-berkeley/r/rec8P7ydWzWKRG2XE,2026-08-19T09:17:51-07:00,434,no,,open_solicitation,no
rec8PCOf70cNCe62S,"Plans, Specifications and Estimates for I-680 Northbound Express Lane Between State Route 84 and Alcosta Boulevard",Alameda County Transportation Commission,Alameda,San Ramon / Dublin area,Closed,professional services,plans-specifications-and-estimates-for-i-680-northbound-express-lane-between-state-route-84-and-alcosta-boulevard-alameda-county-transportation-commission,154,yes,results,professional services,https://www.bidthebay.com/professional-services-project-details/plans-specifications-and-estimates-for-i-680-northbound-express-lane-between-state-route-84-and-alcosta-boulevard-alameda-county-transportation-commission/r/rec8PCOf70cNCe62S,2026-05-08T17:04:09-07:00,473,no,,recently_closed,no
rec8PcbzjEFlO4bE4,Site Investigation & Remediation Design,California Department of General Services (DGS),Alameda,Alameda,Closed,professional services,site-investigation-remediation-design-california-department-of-general-services,79,no,,,,2026-09-07T11:36:49-07:00,226,no,,closed_stale_no_results,no
rec8QTLtzZrgD8tIn,As-Needed Mechanical Contracting Services (FY 2027),Dublin San Ramon Services District,Alameda; Contra Costa,Dublin / San Ramon / Pleasanton,Closed,construction,as-needed-mechanical-contracting-services-fy-2027-dublin-san-ramon-services-district,84,yes,results,construction,https://www.bidthebay.com/construction-project-details/as-needed-mechanical-contracting-services-fy-2027-dublin-san-ramon-services-district/r/rec8QTLtzZrgD8tIn,2026-05-21T17:10:10-07:00,493,no,,recently_closed,no
rec8QlFQg0WFDpEpC,Alhambra High School Building F Replacement and Various Campus Modernizations Project,Martinez Unified School District,Contra Costa,Martinez,Closed,construction; professional services,alhambra-high-school-building-f-replacement-and-various-campus-modernizations-project-martinez-unified-school-district,118,yes,results,construction,https://www.bidthebay.com/construction-project-details/alhambra-high-school-building-f-replacement-and-various-campus-modernizations-project-martinez-unified-school-district/r/rec8QlFQg0WFDpEpC,2026-08-26T00:05:04-07:00,370,no,,multi_category_provisional_construction,yes
rec8RQ0FS7n1q9wdD,As-Needed Plumbing and Drain Repair Services,City of Santa Clara,Santa Clara,Santa Clara,Closed,construction,as-needed-plumbing-and-drain-repair-services-city-of-santa-clara,64,yes,results,construction,https://www.bidthebay.com/construction-project-details/as-needed-plumbing-and-drain-repair-services-city-of-santa-clara/r/rec8RQ0FS7n1q9wdD,2026-07-28T08:56:35-07:00,155,yes,,award_results,no
rec8S24Q197EYqNE2,Pavement Installation and Repair Services,County of Santa Clara,Santa Clara,Various,Closed,construction,pavement-installation-and-repair-services-county-of-santa-clara,63,yes,results,construction,https://www.bidthebay.com/construction-project-details/pavement-installation-and-repair-services-county-of-santa-clara/r/rec8S24Q197EYqNE2,2026-09-02T09:49:29-07:00,322,yes,,award_results,no
rec8UaW3e2gwFwWUv,Grille Doors Maintenance and Repairs,California Department of General Services (DGS),Alameda; San Francisco,Oakland; San Francisco,Open,construction,grille-doors-maintenance-and-repairs-california-department-of-general-services,78,yes,open,construction,https://www.bidthebay.com/construction-project-details/grille-doors-maintenance-and-repairs-california-department-of-general-services/r/rec8UaW3e2gwFwWUv,2026-09-07T11:36:49-07:00,293,no,,open_solicitation,no
rec8WnmtbcfWt50LS,2026 Pavement Digout Project Phase 3,County of Marin,Marin,San Rafael,Closed,construction,2026-pavement-digout-project-phase-3-county-of-marin,52,yes,results,construction,https://www.bidthebay.com/construction-project-details/2026-pavement-digout-project-phase-3-county-of-marin/r/rec8WnmtbcfWt50LS,2026-08-11T08:35:31-07:00,242,yes,,award_results,no
rec8YomUWOYq1cecd,Student Center HVAC Replacement Project - Commissioning Agent,Gavilan Joint Community College District,Santa Clara,Gilroy,Closed,professional services,student-center-hvac-replacement-project-commissioning-agent-gavilan-joint-community-college-district,100,yes,results,professional services,https://www.bidthebay.com/professional-services-project-details/student-center-hvac-replacement-project-commissioning-agent-gavilan-joint-community-college-district/r/rec8YomUWOYq1cecd,2026-07-03T10:51:27-07:00,851,no,,recently_closed,no
rec8btO6ZlJrHptl0,Demolition of Nine Parcels at Hoot Owl Way,Santa Clara Valley Water District,Santa Clara,Morgan Hill,Closed,construction,demolition-of-nine-parcels-at-hoot-owl-way-santa-clara-valley-water-district,76,yes,results,construction,https://www.bidthebay.com/construction-project-details/demolition-of-nine-parcels-at-hoot-owl-way-santa-clara-valley-water-district/r/rec8btO6ZlJrHptl0,2026-09-11T06:48:57-07:00,1179,yes,,award_results,no
rec8jYC0vZVv6tjeE,Theuerkauf Elementary School Restroom Modernization Project,Mountain View Whisman School District,Santa Clara,Mountain View,Closed,construction,theuerkauf-elementary-school-restroom-modernization-project-mountain-view-whisman-school-district,97,yes,results,construction,https://www.bidthebay.com/construction-project-details/theuerkauf-elementary-school-restroom-modernization-project-mountain-view-whisman-school-district/r/rec8jYC0vZVv6tjeE,2026-04-07T05:40:36-07:00,72,yes,,award_results,no
rec8jbFk94HRZKVky,VHC - Yountville Roof Replacement,California Department of General Services (DGS),Napa,Yountville,Open,construction,vhc-yountville-roof-replacement-california-department-of-general-services,73,yes,open,construction,https://www.bidthebay.com/construction-project-details/vhc-yountville-roof-replacement-california-department-of-general-services/r/rec8jbFk94HRZKVky,2026-09-07T11:36:49-07:00,1353,no,,open_solicitation,no
rec8kIfgd2CMYTE7f,Corte Madera Town Hall Signage,Town of Corte Madera,Marin,Corte Madera,Closed,construction; professional services,corte-madera-town-hall-signage-town-of-corte-madera,51,yes,results,construction,https://www.bidthebay.com/construction-project-details/corte-madera-town-hall-signage-town-of-corte-madera/r/rec8kIfgd2CMYTE7f,2026-08-22T00:05:07-07:00,293,no,,multi_category_provisional_construction,yes
rec8mr7WiO4xW5fe8,Replace Water Meters Marin Headlands,National Park Service,Marin,Marin Headlands ,Closed,construction,replace-water-meters-marin-headlands-national-park-service,58,yes,results,construction,https://www.bidthebay.com/construction-project-details/replace-water-meters-marin-headlands-national-park-service/r/rec8mr7WiO4xW5fe8,2026-07-21T00:14:20-07:00,418,no,,recently_closed,no
rec8rJP64nKXB5652,UCB EHCP – Increment 5 – WP-10: Mass Excavation,UC Berkeley,Alameda,Berkeley,Open,construction,ucb-ehcp-increment-5-wp-10-mass-excavation-uc-berkeley,54,yes,open,construction,https://www.bidthebay.com/construction-project-details/ucb-ehcp-increment-5-wp-10-mass-excavation-uc-berkeley/r/rec8rJP64nKXB5652,2026-08-23T21:37:37-07:00,273,no,,open_solicitation,no
rec8vDnzbh1Utmjxl,Reconstruction of Parking Lot H,Sonoma State University ,Sonoma,Rohnert Park,Closed,construction,reconstruction-of-parking-lot-h-sonoma-state-university,55,yes,results,construction,https://www.bidthebay.com/construction-project-details/reconstruction-of-parking-lot-h-sonoma-state-university/r/rec8vDnzbh1Utmjxl,2026-04-30T17:08:03-07:00,191,no,,recently_closed,no
rec8xQTjmT2JLZ7VU,Bellgrove Park Playground Replacement Project,City of Saratoga,Santa Clara,Saratoga,Closed,construction,bellgrove-park-playground-replacement-project-city-of-saratoga,62,yes,results,construction,https://www.bidthebay.com/construction-project-details/bellgrove-park-playground-replacement-project-city-of-saratoga/r/rec8xQTjmT2JLZ7VU,2026-08-04T00:04:07-07:00,837,no,,recently_closed,no
rec8xjIbfLaPO0zjV,Canceled: Final Design Services for Downtown Bike Loop Project,City of Hayward,Alameda,Hayward,Closed,professional services,canceled-final-design-services-for-downtown-bike-loop-project-city-of-hayward,77,yes,results,professional services,https://www.bidthebay.com/professional-services-project-details/canceled-final-design-services-for-downtown-bike-loop-project-city-of-hayward/r/rec8xjIbfLaPO0zjV,2026-06-30T05:28:19-07:00,415,no,,recently_closed,no
rec90lbsrDR7kUwht,"On-Call Signage Design, Fabrication and Installation",Contra Costa County,Contra Costa,Contra Costa ,Closed,construction,on-call-signage-design-fabrication-and-installation-contra-costa-county,71,no,,,,2026-04-11T10:46:39-07:00,0,no,No description at all,closed_stale_no_results,no
rec92FrjA84nABEip,As-Needed General Construction Services for Facilities Division,City of Burlingame,San Mateo,Burlingame,Closed,construction,as-needed-general-construction-services-for-facilities-division-city-of-burlingame,82,yes,results,construction,https://www.bidthebay.com/construction-project-details/as-needed-general-construction-services-for-facilities-division-city-of-burlingame/r/rec92FrjA84nABEip,2026-05-11T17:04:06-07:00,796,no,,recently_closed,no
rec96d4lgJpu26w5T,Santa Rosa Charter School for the Arts Exterior Paint Project,Santa Rosa City Schools,Sonoma,Santa Rosa,Closed,construction,santa-rosa-charter-school-for-the-arts-exterior-paint-project-santa-rosa-city-schools,85,no,,,,2026-04-11T10:49:20-07:00,123,no,,closed_stale_no_results,no
rec99LjzLleeW3cfb,Mason St. Affordable Housing: All Trades,City and County of San Francisco,San Francisco,San Francisco,Closed,construction,mason-st-affordable-housing-all-trades-city-and-county-of-san-francisco,71,no,,,,2026-04-11T10:48:45-07:00,1567,no,,closed_stale_no_results,no
rec9C226SlUOKdq1Y,"Professional Environmental Permitting, Biological Monitoring, and Reporting Services",City of Burlingame,San Mateo,Burlingame,Closed,professional services,professional-environmental-permitting-biological-monitoring-and-reporting-services-city-of-burlingame,101,yes,results,professional services,https://www.bidthebay.com/professional-services-project-details/professional-environmental-permitting-biological-monitoring-and-reporting-services-city-of-burlingame/r/rec9C226SlUOKdq1Y,2026-05-06T17:07:50-07:00,288,no,,recently_closed,no
rec9CG3QrIGhuHdBC,Police Department ADA & Sally Port Improvements,City of Burlingame,San Mateo,Burlingame,Closed,construction,police-department-ada-sally-port-improvements-city-of-burlingame,64,yes,results,construction,https://www.bidthebay.com/construction-project-details/police-department-ada-sally-port-improvements-city-of-burlingame/r/rec9CG3QrIGhuHdBC,2026-03-24T08:46:25-07:00,782,yes,,award_results,no
rec9DD9mxpeIF07Xu,"HVAC Systems, Boiler Units, and Mechanical Supplies",Contra Costa County,Contra Costa,Contra Costa  ,Closed,supplier,hvac-systems-boiler-units-and-mechanical-supplies-contra-costa-county,69,no,,,,2026-07-28T09:46:19-07:00,125,yes,Unroutable party type,unsupported_party_type,yes
rec9F5U22OdzD4rMj,Audio/Visual System Upgrade ,California Department of Veterans Affairs (CalVet),San Francisco,San Francisco,Closed,construction,audio-visual-system-upgrade-department-of-veterans-affairs,58,yes,results,construction,https://www.bidthebay.com/construction-project-details/audio-visual-system-upgrade-department-of-veterans-affairs/r/rec9F5U22OdzD4rMj,2026-09-07T15:50:31-07:00,624,no,,recently_closed,no
rec9FG1pc04UqecgC,Harvey Milk Elementary School - Restroom Renovation for Transitional Kindergarten,San Francisco Unified School District,San Francisco,San Francisco,Closed,construction,harvey-milk-elementary-school-restroom-renovation-for-transitional-kindergarten-san-francisco-unified-school-district,117,yes,results,construction,https://www.bidthebay.com/construction-project-details/harvey-milk-elementary-school-restroom-renovation-for-transitional-kindergarten-san-francisco-unified-school-district/r/rec9FG1pc04UqecgC,2026-05-13T02:47:38-07:00,797,yes,,award_results,no
rec9FGEZ2rykkyzk4,South Kelly - Highway 29 Intersection Project,City of American Canyon,Napa,American Canyon,Closed,construction,south-kelly-highway-29-intersection-project-city-of-american-canyon,67,yes,results,construction,https://www.bidthebay.com/construction-project-details/south-kelly-highway-29-intersection-project-city-of-american-canyon/r/rec9FGEZ2rykkyzk4,2026-07-30T07:57:31-07:00,965,no,,recently_closed,no
rec9H7ZzEhqNJSuDT,Job Order Contract: License B: General Building,East Bay Regional Park District,Alameda; Contra Costa,Various Cities – East Bay ,Closed,construction,job-order-contract-license-b-general-building-east-bay-regional-park-district,77,yes,results,construction,https://www.bidthebay.com/construction-project-details/job-order-contract-license-b-general-building-east-bay-regional-park-district/r/rec9H7ZzEhqNJSuDT,2026-06-26T08:33:20-07:00,416,no,,recently_closed,no
rec9KFeoA0qQ4XgkQ,South Milpitas Blvd Road Extension,City of Milpitas,Santa Clara,Milpitas,Closed,construction,south-milpitas-blvd-road-extension-city-of-milpitas,51,yes,results,construction,https://www.bidthebay.com/construction-project-details/south-milpitas-blvd-road-extension-city-of-milpitas/r/rec9KFeoA0qQ4XgkQ,2026-05-07T21:22:24-07:00,656,no,,recently_closed,no
rec9PwgsI18x3SBGW,Roofing Services,Sequoia Union High School District,San Mateo,"Various locations including Redwood City, Belmont, San Carlos, Woodside",Closed,construction,roofing-services-sequoia-union-high-school-district,51,yes,results,construction,https://www.bidthebay.com/construction-project-details/roofing-services-sequoia-union-high-school-district/r/rec9PwgsI18x3SBGW,2026-07-08T21:42:14-07:00,265,no,,recently_closed,no
rec9TqCdrjyAlcBgN,SCUSD Increment 1 Modernization Group 2 Briarwood Elementary School: 32.06 – Demolition (A or C21),Santa Clara Unified School District,Santa Clara,"Santa Clara, CA",Closed,construction,scusd-increment-1-modernization-group-2-briarwood-elementary-school-32-06-demolition-a-or-c21-santa-clara-unified-school-district,129,yes,results,construction,https://www.bidthebay.com/construction-project-details/scusd-increment-1-modernization-group-2-briarwood-elementary-school-32-06-demolition-a-or-c21-santa-clara-unified-school-district/r/rec9TqCdrjyAlcBgN,2026-04-01T10:27:29-07:00,547,yes,,award_results,no
rec9VaeeQkudKh0Iw,Leigh High School Tennis Court Addition,Campbell Union High School District,Santa Clara,San Jose,Closed,construction,leigh-high-school-tennis-court-addition-campbell-union-high-school-district,75,yes,results,construction,https://www.bidthebay.com/construction-project-details/leigh-high-school-tennis-court-addition-campbell-union-high-school-district/r/rec9VaeeQkudKh0Iw,2026-06-09T08:36:58-07:00,362,yes,,award_results,no
rec9XBrRUfeexbthc,Dewatering Centrifuge Repair Services,East Bay Municipal Utility District,Alameda,Oakland,Closed,construction,dewatering-centrifuge-repair-services-east-bay-municipal-utility-district,73,yes,results,construction,https://www.bidthebay.com/construction-project-details/dewatering-centrifuge-repair-services-east-bay-municipal-utility-district/r/rec9XBrRUfeexbthc,2026-08-14T12:04:55-07:00,341,no,,recently_closed,no
rec9ZPjB29ctjrDJk,West Field Garage 675 - Framing & Drywall,San Francisco International Airport,San Mateo,San Francisco,Closed,construction,west-field-garage-675-framing-drywall-san-francisco-international-airport-sfo,77,yes,results,construction,https://www.bidthebay.com/construction-project-details/west-field-garage-675-framing-drywall-san-francisco-international-airport-sfo/r/rec9ZPjB29ctjrDJk,2026-09-07T10:43:39-07:00,63,no,,recently_closed,no
rec9ZljZu1fxkDEPc,2026/2027 Paving Project – Citywide Arterial Base Repair Various Locations,City of Richmond,Contra Costa,Richmond,Open,construction,2026-2027-paving-project-citywide-arterial-base-repair-various-locations-city-of-richmond,89,yes,open,construction,https://www.bidthebay.com/construction-project-details/2026-2027-paving-project-citywide-arterial-base-repair-various-locations-city-of-richmond/r/rec9ZljZu1fxkDEPc,2026-09-02T23:17:28-07:00,594,no,,open_solicitation,no
rec9c4IPmfEDvBkC2,HSIP Cycle 12 Pedestrian Safety Improvements Project,City of Mill Valley,Marin,Mill Valley,Closed,construction,hsip-cycle-12-pedestrian-safety-improvements-project-city-of-mill-valley,72,yes,results,construction,https://www.bidthebay.com/construction-project-details/hsip-cycle-12-pedestrian-safety-improvements-project-city-of-mill-valley/r/rec9c4IPmfEDvBkC2,2026-07-08T03:05:52-07:00,715,yes,,award_results,no
rec9cKDl8P7bG3J9W,"On-Call PLC, HMI and SCADA System Integration Services for San Mateo WWTP Capital Improvement",City of San Mateo,San Mateo,San Mateo,Closed,professional services,on-call-plc-hmi-and-scada-system-integration-services-for-san-mateo-wwtp-capital-improvement-city-of-san-mateo,110,yes,results,professional services,https://www.bidthebay.com/professional-services-project-details/on-call-plc-hmi-and-scada-system-integration-services-for-san-mateo-wwtp-capital-improvement-city-of-san-mateo/r/rec9cKDl8P7bG3J9W,2026-07-22T10:52:10-07:00,2979,no,,recently_closed,no
rec9eUePMnIRpUmQH,SCUSD Increment 2 Modernization Group 3 Briarwood Elementary School: 10.01 - Miscellaneous Specialties (B or C61 or D34),Santa Clara Unified School District,Santa Clara,Santa Clara,Closed,construction,scusd-increment-2-modernization-group-3-briarwood-elementary-school-10-01-miscellaneous-specialties-b-or-c61-or-d34-santa-clara-unified-school-district,151,yes,results,construction,https://www.bidthebay.com/construction-project-details/scusd-increment-2-modernization-group-3-briarwood-elementary-school-10-01-miscellaneous-specialties-b-or-c61-or-d34-santa-clara-unified-school-district/r/rec9eUePMnIRpUmQH,2026-04-01T10:22:34-07:00,312,yes,,award_results,no
rec9h51Gmsj2pINdH,Berth 24 Backlands Redevelopment Project,Port of Oakland,Alameda,Oakland,Closed,construction,berth-24-backlands-redevelopment-project-port-of-oakland,56,yes,results,construction,https://www.bidthebay.com/construction-project-details/berth-24-backlands-redevelopment-project-port-of-oakland/r/rec9h51Gmsj2pINdH,2026-06-26T21:13:21-07:00,540,no,,recently_closed,no
rec9lM1gnBr0ZNpzn,Esperanza Water Heater Replacement & Code Compliance,Housing Authority of the City of Alameda,Alameda,Alameda,Closed,construction,esperanza-water-heater-replacement-code-compliance-housing-authority-of-the-city-of-alameda,91,yes,results,construction,https://www.bidthebay.com/construction-project-details/esperanza-water-heater-replacement-code-compliance-housing-authority-of-the-city-of-alameda/r/rec9lM1gnBr0ZNpzn,2026-08-13T10:10:56-07:00,941,no,,recently_closed,no
rec9mYgB2xwXBb6SS,On-Call Well Repair and Maintenance,Zone 7 Water Agency,Alameda,"Livermore, Pleasanton, Dublin",Closed,construction,on-call-well-repair-and-maintenance-zone-7-water-agency,55,yes,results,construction,https://www.bidthebay.com/construction-project-details/on-call-well-repair-and-maintenance-zone-7-water-agency/r/rec9mYgB2xwXBb6SS,2026-05-18T08:20:13-07:00,327,yes,,award_results,no
rec9mlXlTuuAnPSCA,Mt. Diablo Boulevard and Hampton Road Crossing Project ,City of Lafayette,Contra Costa,Lafayette,Closed,construction,mt-diablo-boulevard-and-hampton-road-crossing-project-city-of-lafayette,71,yes,results,construction,https://www.bidthebay.com/construction-project-details/mt-diablo-boulevard-and-hampton-road-crossing-project-city-of-lafayette/r/rec9mlXlTuuAnPSCA,2026-07-31T12:36:13-07:00,965,yes,,award_results,no
rec9rHtZ8FybVx3VU,On-Call Construction Management Services,Contra Costa Transportation Authority,Contra Costa,Contra Costa County,Closed,professional services,on-call-construction-management-services-contra-costa-transportation-authority,78,no,,,,2026-03-24T08:38:42-07:00,278,no,,closed_stale_no_results,no
rec9tdEpchP48XHsr,Fabrication and Installation of Interior Environmental Graphics – Alamo ES and Sherman ES,San Francisco Unified School District,San Francisco,San Francisco,Closed,construction,fabrication-and-installation-of-interior-environmental-graphics-alamo-es-and-sherman-es-san-francisco-unified-school-district,125,yes,results,construction,https://www.bidthebay.com/construction-project-details/fabrication-and-installation-of-interior-environmental-graphics-alamo-es-and-sherman-es-san-francisco-unified-school-district/r/rec9tdEpchP48XHsr,2026-06-30T03:09:41-07:00,276,no,,recently_closed,no
rec9yIU1v5i9LR0xs,2027 Generator Maintenance Services,City of Morgan Hill,Santa Clara,Morgan Hill,Closed,construction,2027-generator-maintenance-services-city-of-morgan-hill,55,yes,results,construction,https://www.bidthebay.com/construction-project-details/2027-generator-maintenance-services-city-of-morgan-hill/r/rec9yIU1v5i9LR0xs,2026-09-09T00:01:59-07:00,413,no,,recently_closed,no
rec9ytMmlU6qPA2cg,Construction Management and Inspection Services - 2025 Pavement Maintenance,City of Rohnert Park,Sonoma,Rohnert Park,Closed,professional services,construction-management-and-inspection-services-2025-pavement-maintenance-city-of-rohnert-park,94,no,,,,2026-03-24T08:38:11-07:00,397,no,,closed_stale_no_results,no
rec9zPzZqMBvQ2tiG,Canceled: 2026 Roofing Project - Glenbrook Middle School and Dent Center,Mount Diablo Unified School District,Contra Costa,Concord,Closed,construction,canceled-2026-roofing-project-glenbrook-middle-school-and-dent-center-mt-diablo-unified-school-district,103,no,,,,2026-09-07T11:36:49-07:00,162,no,,closed_stale_no_results,no
rec9zUfGLxdQ2SauM,Biosolids Management Alternatives,East Bay Municipal Utility District,Alameda,Oakland,Closed,professional services,biosolids-management-alternatives-east-bay-municipal-utility-district,69,no,,,,2026-04-17T17:01:00-07:00,162,no,,closed_stale_no_results,no
recA0MEC3fxeVrWR3,Dozier Libbey Medical HS Portables Project,Antioch Unified School District ,Contra Costa,Antioch,Closed,construction,dozier-libbey-medical-hs-portables-project-antioch-unified-school-district,74,yes,results,construction,https://www.bidthebay.com/construction-project-details/dozier-libbey-medical-hs-portables-project-antioch-unified-school-district/r/recA0MEC3fxeVrWR3,2026-04-14T10:03:42-07:00,0,yes,No description at all,award_results,no
recA0qVW7S13TVqbs,Geary Boulevard Improvement Project – Surface Upgrades,City and County of San Francisco,San Francisco,San Francisco,Closed,construction,geary-boulevard-improvement-project-surface-upgrades-city-and-county-of-san-francisco,85,yes,results,construction,https://www.bidthebay.com/construction-project-details/geary-boulevard-improvement-project-surface-upgrades-city-and-county-of-san-francisco/r/recA0qVW7S13TVqbs,2026-05-28T00:14:36-07:00,203,no,,recently_closed,no
recA0xSSsETySllZY,Civic Center Wayfinding & Interior Signage Improvements,County of Marin,Marin,San Rafael,Closed,construction; professional services,civic-center-wayfinding-interior-signage-improvements-county-of-marin,69,yes,results,construction,https://www.bidthebay.com/construction-project-details/civic-center-wayfinding-interior-signage-improvements-county-of-marin/r/recA0xSSsETySllZY,2026-07-25T23:18:33-07:00,693,no,,multi_category_provisional_construction,yes
recA2vnhiX01bPz1x,Annual Boiler Maintenance Service,U.S. Coast Guard,Alameda,Alameda,Closed,construction,annual-boiler-maintenance-service-us-coast-guard,48,yes,results,construction,https://www.bidthebay.com/construction-project-details/annual-boiler-maintenance-service-us-coast-guard/r/recA2vnhiX01bPz1x,2026-09-09T00:02:11-07:00,261,no,,recently_closed,no
recA3USC2Ke9GUIZE,Traffic Signal & Pathway Lighting Maintenance,City of Healdsburg,Contra Costa,Healdsburg ,Closed,construction,traffic-signal-pathway-lighting-maintenance-city-of-healdsburg,62,yes,results,construction,https://www.bidthebay.com/construction-project-details/traffic-signal-pathway-lighting-maintenance-city-of-healdsburg/r/recA3USC2Ke9GUIZE,2026-05-15T10:27:44-07:00,392,no,,recently_closed,no
recA3gls0So2J2jcR,HCV Somersville Office Improvements Project,Contra Costa County Housing Authority,Contra Costa,Antioch,Closed,construction,hcv-somersville-office-improvements-project-housing-authority-of-the-county-of-contra-costa,91,yes,results,construction,https://www.bidthebay.com/construction-project-details/hcv-somersville-office-improvements-project-housing-authority-of-the-county-of-contra-costa/r/recA3gls0So2J2jcR,2026-09-07T11:37:33-07:00,289,no,,recently_closed,no
recA4J2h5lauPSO8R,"Perimeter Fencing and Gates Project for Charter for the Arts, Lincoln Elementary and CCLA",Santa Rosa City Schools,Sonoma,Santa Rosa,Closed,construction,perimeter-fencing-and-gates-project-for-charter-for-the-arts-lincoln-elementary-and-ccla-santa-rosa-city-schools,112,yes,results,construction,https://www.bidthebay.com/construction-project-details/perimeter-fencing-and-gates-project-for-charter-for-the-arts-lincoln-elementary-and-ccla-santa-rosa-city-schools/r/recA4J2h5lauPSO8R,2026-05-12T17:00:59-07:00,165,no,,recently_closed,no
recA5bO8FFmQl3eZk,"Canceled: On-Call Gate Installation, Repair, and Maintenance Services",County of San Mateo,San Mateo,Various,Closed,construction,canceled-on-call-gate-installation-repair-and-maintenance-services-county-of-san-mateo,86,yes,results,construction,https://www.bidthebay.com/construction-project-details/canceled-on-call-gate-installation-repair-and-maintenance-services-county-of-san-mateo/r/recA5bO8FFmQl3eZk,2026-07-30T08:14:11-07:00,1245,no,,recently_closed,no
recA6bW4Siw1msQsr,Delta Pond Standby Generator,City of Santa Rosa,Sonoma,Santa Rosa,Closed,construction,delta-pond-standby-generator-city-of-santa-rosa,47,yes,results,construction,https://www.bidthebay.com/construction-project-details/delta-pond-standby-generator-city-of-santa-rosa/r/recA6bW4Siw1msQsr,2026-05-01T03:35:21-07:00,425,no,,recently_closed,no
recA809e3ni17HV5B,FY27/FY28 Water Treatment Plant Improvements Projects - Professional Services,Contra Costa Water District,Contra Costa,Concord,Closed,professional services,fy27-fy28-water-treatment-plant-improvements-projects-professional-services-contra-costa-water-district,103,no,,,,2026-03-30T10:12:28-07:00,0,no,No description at all,closed_stale_no_results,no
recA83HwHKuMeSnb2,Napa County Animal Shelter Phase I Roof Repair,County of Napa,Napa,Napa,Closed,construction,napa-county-animal-shelter-phase-i-roof-repair-county-of-napa,61,yes,results,construction,https://www.bidthebay.com/construction-project-details/napa-county-animal-shelter-phase-i-roof-repair-county-of-napa/r/recA83HwHKuMeSnb2,2026-07-28T10:31:34-07:00,157,yes,,award_results,no
recA8seQbYcDehA0p,Raoul Wallenberg High School - Roof Deck Repair,San Francisco Unified School District,San Francisco,San Francisco,Closed,construction,raoul-wallenberg-high-school-roof-deck-repair-san-francisco-unified-school-district,83,yes,results,construction,https://www.bidthebay.com/construction-project-details/raoul-wallenberg-high-school-roof-deck-repair-san-francisco-unified-school-district/r/recA8seQbYcDehA0p,2026-04-15T10:32:10-07:00,466,yes,,award_results,no
recAAMMtJ9km299Dz,San Francisco International High School - Mitigation of Water Intrusion,San Francisco Unified School District ,San Francisco,San Francisco,Closed,construction,san-francisco-international-high-school-mitigation-of-water-intrusion-san-francisco-unified-school-district,107,yes,results,construction,https://www.bidthebay.com/construction-project-details/san-francisco-international-high-school-mitigation-of-water-intrusion-san-francisco-unified-school-district/r/recAAMMtJ9km299Dz,2026-05-26T02:59:28-07:00,339,yes,,award_results,no
recAAY9n0MI6X9bTh,I-580 Overcrossing Bicycle Pedestrian Improvement,City of Pleasanton,Alameda,Pleasanton,Closed,construction,i-580-overcrossing-bicycle-pedestrian-improvement-city-of-pleasanton,68,no,,,,2026-04-11T10:49:20-07:00,0,no,No description at all,closed_stale_no_results,no
recAD2IckVcD6kBpX,Fire Station 40 Kitchen Remodel ,Coastside Fire Protection District,San Mateo,Half Moon Bay,Closed,construction,fire-station-40-kitchen-remodel-coastside-fire-protection-district,66,yes,results,construction,https://www.bidthebay.com/construction-project-details/fire-station-40-kitchen-remodel-coastside-fire-protection-district/r/recAD2IckVcD6kBpX,2026-07-24T11:07:59-07:00,418,yes,,award_results,no
recADzZ9E03CZPvaT,Trailer Demolition and Removal Services,City of Dublin,Alameda,Dublin,Open,construction,trailer-demolition-and-removal-services-city-of-dublin,54,yes,open,construction,https://www.bidthebay.com/construction-project-details/trailer-demolition-and-removal-services-city-of-dublin/r/recADzZ9E03CZPvaT,2026-08-21T08:40:05-07:00,512,no,,open_solicitation,no
recAE9Ql6EwQcd1zj,Golden Gate Apartments Renovation GMP Request,City and County of San Francisco,San Francisco,San Francisco,Closed,construction,golden-gate-apartments-renovation-gmp-request-city-and-county-of-san-francisco,78,no,,,,2026-04-11T10:48:32-07:00,3170,no,,closed_stale_no_results,no
recAEDCXo3mVCBueT,Renovate Building 1002 at Sunnyvale,California Department of Veterans Affairs (CalVet),Santa Clara,Sunnyvale ,Closed,professional services,renovate-building-1002-at-sunnyvale-department-of-veterans-affairs,66,yes,results,professional services,https://www.bidthebay.com/professional-services-project-details/renovate-building-1002-at-sunnyvale-department-of-veterans-affairs/r/recAEDCXo3mVCBueT,2026-09-07T15:50:31-07:00,257,no,,recently_closed,no
recAEynXjByynJ9l2,Qualified Electrical Contractor,Sonoma Clean Power,Sonoma,Sonoma,Closed,construction,qualified-electrical-contractor-sonoma-clean-power,50,yes,results,construction,https://www.bidthebay.com/construction-project-details/qualified-electrical-contractor-sonoma-clean-power/r/recAEynXjByynJ9l2,2026-05-08T17:04:13-07:00,270,no,,recently_closed,no
recAIOplFCtjoi0YO,"Construct Pedestrian and Bike Lane, Curb Ramps and Lighting Systems",California Department of Transportation (Caltrans),Contra Costa,Richmond,Open,construction,construct-pedestrian-and-bike-lane-curb-ramps-and-lighting-systems-cal-trans-district-4,87,yes,open,construction,https://www.bidthebay.com/construction-project-details/construct-pedestrian-and-bike-lane-curb-ramps-and-lighting-systems-cal-trans-district-4/r/recAIOplFCtjoi0YO,2026-09-09T23:42:07-07:00,180,no,,open_solicitation,no
recAJyQEzex7Vij9a,1947 Center St. Window Replacement Project,City of Berkeley,Alameda,Berkeley,Closed,construction,1947-center-st-window-replacement-project-city-of-berkeley,58,yes,results,construction,https://www.bidthebay.com/construction-project-details/1947-center-st-window-replacement-project-city-of-berkeley/r/recAJyQEzex7Vij9a,2026-06-11T08:19:36-07:00,376,no,,recently_closed,no
recAP9aSifP6mHIYP,Sidewalk Rehabilitation and Wheelchair Ramps FY26 Project,City of Hayward,Alameda,Hayward,Closed,construction,sidewalk-rehabilitation-and-wheelchair-ramps-fy26-project-city-of-hayward,73,yes,results,construction,https://www.bidthebay.com/construction-project-details/sidewalk-rehabilitation-and-wheelchair-ramps-fy26-project-city-of-hayward/r/recAP9aSifP6mHIYP,2026-07-21T04:30:40-07:00,107,yes,,award_results,no
recASYTEJqr0fFWXi,Abraham Lincoln High School - Sprung Hardwood Floor for Dance Studio,San Francisco Unified School District,San Francisco,San Francisco ,Closed,construction,abraham-lincoln-high-school-sprung-hardwood-floor-for-dance-studio-san-francisco-unified-school-district,104,yes,results,construction,https://www.bidthebay.com/construction-project-details/abraham-lincoln-high-school-sprung-hardwood-floor-for-dance-studio-san-francisco-unified-school-district/r/recASYTEJqr0fFWXi,2026-03-24T02:22:47-07:00,205,yes,,award_results,no
recASqoUwDlpb2F7g,MB HD Steam Site Pipe Repairs,University of California San Francisco ,San Francisco,San Francisco,Closed,professional services,mb-hd-steam-site-pipe-repairs-university-of-california-san-francisco,68,yes,results,professional services,https://www.bidthebay.com/professional-services-project-details/mb-hd-steam-site-pipe-repairs-university-of-california-san-francisco/r/recASqoUwDlpb2F7g,2026-07-21T00:01:51-07:00,374,no,,recently_closed,no
recASxsSQl68BLxVQ,Appian Way at Fran Way Pedestrian Crosswalk Enhancements,Contra Costa County,Contra Costa,El Sobrante,Closed,construction,appian-way-at-fran-way-pedestrian-crosswalk-enhancements-contra-costa-county,76,yes,results,construction,https://www.bidthebay.com/construction-project-details/appian-way-at-fran-way-pedestrian-crosswalk-enhancements-contra-costa-county/r/recASxsSQl68BLxVQ,2026-09-10T09:00:27-07:00,259,yes,,award_results,no
recAV8HiQqqQGUiEZ,Electrical Services,Contra Costa County Housing Authority,Contra Costa,"Antioch, Bay Point, Brentwood, Martinez, Oakley, Pittsburg, Rodeo, San Pablo",Closed,construction,electrical-services-housing-authority-of-the-county-of-contra-costa,67,no,,,,2026-09-07T11:37:33-07:00,0,no,No description at all,closed_stale_no_results,no
recAYyyJjxxs17Yid,Design-Build Entity Prequalification Application Package for Regional Medical Center Seismic 4/5 Upgrade,County of Santa Clara,Santa Clara,San Jose,Open,construction; professional services,design-build-entity-prequalification-application-package-for-regional-medical-center-seismic-4-5-upgrade-county-of-santa-clara,126,yes,open,construction,https://www.bidthebay.com/construction-project-details/design-build-entity-prequalification-application-package-for-regional-medical-center-seismic-4-5-upgrade-county-of-santa-clara/r/recAYyyJjxxs17Yid,2026-09-05T21:38:59-07:00,419,no,,multi_category_provisional_construction,yes
recAca8aEuPODl1jc,Water System Master Plan,City of Palo Alto,Santa Clara,Palo Alto,Closed,professional services,water-system-master-plan-city-of-palo-alto,42,yes,results,professional services,https://www.bidthebay.com/professional-services-project-details/water-system-master-plan-city-of-palo-alto/r/recAca8aEuPODl1jc,2026-08-23T22:27:27-07:00,949,no,,recently_closed,no
recAeSMGfipFiBf6x,Master As-Needed Peninsula and San Francisco Watershed Improvements,San Francisco Public Utilities Commission,San Mateo; San Francisco,Various,Open,construction,master-as-needed-peninsula-san-francisco-watershed-various,58,yes,open,construction,https://www.bidthebay.com/construction-project-details/master-as-needed-peninsula-san-francisco-watershed-various/r/recAeSMGfipFiBf6x,2026-09-11T05:44:15-07:00,658,no,,open_solicitation,no
recAf1MogQvlj11aa,Design-Build Services for the Wayfinding Enhancement Program Phase 2 - Specialties (Digital Signs),San Francisco International Airport,San Mateo,San Francisco,Closed,construction,design-build-services-for-the-wayfinding-enhancement-program-phase-2-specialties-digital-signs-san-francisco-international-airport-sfo,134,yes,results,construction,https://www.bidthebay.com/construction-project-details/design-build-services-for-the-wayfinding-enhancement-program-phase-2-specialties-digital-signs-san-francisco-international-airport-sfo/r/recAf1MogQvlj11aa,2026-09-07T10:43:26-07:00,300,no,,recently_closed,no
recAg1w84q89poKBw,Open Road Tolling System for the Bay Area Toll Bridges,Metropolitan Transportation Commission,San Francisco,San Francisco Bay Area,Open,construction; professional services,open-road-tolling-system-for-the-bay-area-toll-bridges-metropolitan-transportation-commission,93,yes,open,construction,https://www.bidthebay.com/construction-project-details/open-road-tolling-system-for-the-bay-area-toll-bridges-metropolitan-transportation-commission/r/recAg1w84q89poKBw,2026-09-02T10:22:07-07:00,377,no,,multi_category_provisional_construction,yes
recAi3ces5fUj2kQX,On-Call Watersheds Asset Management and Stewardship Planning Services,Santa Clara Valley Water District,Santa Clara,San Jose,Closed,professional services,on-call-watersheds-asset-management-and-stewardship-planning-services-santa-clara-valley-water-district,103,yes,results,professional services,https://www.bidthebay.com/professional-services-project-details/on-call-watersheds-asset-management-and-stewardship-planning-services-santa-clara-valley-water-district/r/recAi3ces5fUj2kQX,2026-08-22T00:05:00-07:00,821,no,,recently_closed,no
recAjNa1VMuhrhbdR,Professional Design Services – San Jose Community EV Charging Access Project,City of San Jose,Santa Clara,San Jose,Open,professional services,professional-design-services-san-jose-community-ev-charging-access-project-city-of-san-jose,91,yes,open,professional services,https://www.bidthebay.com/professional-services-project-details/professional-design-services-san-jose-community-ev-charging-access-project-city-of-san-jose/r/recAjNa1VMuhrhbdR,2026-09-03T09:38:06-07:00,2744,no,,open_solicitation,no
recAkCtV1tBDE1ytE,Renaissance at Fischer - Portable Classrooms Foundations and Parking Lot Improvement Project,Alum Rock Union School District,Santa Clara,San Jose,Closed,construction,renaissance-at-fischer-portable-classrooms-foundations-and-parking-lot-improvement-project-alum-rock-union-school-district,122,yes,results,construction,https://www.bidthebay.com/construction-project-details/renaissance-at-fischer-portable-classrooms-foundations-and-parking-lot-improvement-project-alum-rock-union-school-district/r/recAkCtV1tBDE1ytE,2026-07-06T02:57:15-07:00,562,yes,,award_results,no
recAl3ZoM0p6Uua6C,Yick Wo Alternative Elementary School - Play Yard Improvements,San Francisco Unified School District,San Francisco,San Francisco,Closed,construction,yick-wo-alternative-elementary-school-play-yard-improvements-san-francisco-unified-school-district,98,yes,results,construction,https://www.bidthebay.com/construction-project-details/yick-wo-alternative-elementary-school-play-yard-improvements-san-francisco-unified-school-district/r/recAl3ZoM0p6Uua6C,2026-04-23T03:18:22-07:00,580,yes,,award_results,no
recAlGGti3OCZKpFU,2026 Annual Guardrail Repair,County of Napa,Napa,Various,Closed,construction,2026-annual-guardrail-repair-county-of-napa,43,yes,results,construction,https://www.bidthebay.com/construction-project-details/2026-annual-guardrail-repair-county-of-napa/r/recAlGGti3OCZKpFU,2026-08-26T00:05:12-07:00,352,no,,recently_closed,no
recAoFU62QloWKi19,WRP Occupied Building Repairs,City of Livermore,Alameda,Livermore,Closed,construction,wrp-occupied-building-repairs-city-of-livermore,47,yes,results,construction,https://www.bidthebay.com/construction-project-details/wrp-occupied-building-repairs-city-of-livermore/r/recAoFU62QloWKi19,2026-07-07T09:17:47-07:00,820,no,,recently_closed,no
recApXfavzMw1pzei,"Lift Station and Septic Tank Pumping Services in Alameda, Contra Costa, Marin, and Solano Counties",California Department of Transportation (Caltrans),Alameda,"Alameda, Contra Costa, Marin, San Francisco, San Mateo, Solano",Closed,construction,lift-station-and-septic-tank-pumping-services-in-alameda-contra-costa-marin-and-solano-counties-cal-trans-district-4,116,no,,,,2026-09-07T15:49:52-07:00,281,no,,closed_stale_no_results,no
recAusAemsIKud79Q,Flooring Services,Sequoia Union High School District,San Mateo,"Various locations including Redwood City, Belmont, San Carlos, Woodside",Closed,construction,flooring-services-sequoia-union-high-school-district,52,yes,results,construction,https://www.bidthebay.com/construction-project-details/flooring-services-sequoia-union-high-school-district/r/recAusAemsIKud79Q,2026-07-08T21:42:22-07:00,266,no,,recently_closed,no
recAusLObkLTrX0aE,Engineering & Design Services for the Neighborhood Complete Street,City of Richmond,Contra Costa,Richmond,Closed,professional services,engineering-design-services-for-the-neighborhood-complete-street-city-of-richmond,81,yes,results,professional services,https://www.bidthebay.com/professional-services-project-details/engineering-design-services-for-the-neighborhood-complete-street-city-of-richmond/r/recAusLObkLTrX0aE,2026-07-24T00:01:49-07:00,1217,no,,recently_closed,no
recAvJq0xrccB6s1v,UCSF Helen Diller Hospital at Parnassus Heights – Priority Painting - Rebid,University of California San Francisco,San Francisco,San Francisco,Closed,construction,ucsf-helen-diller-hospital-at-parnassus-heights-priority-painting-rebid-university-of-california-san-francisco,110,yes,results,construction,https://www.bidthebay.com/construction-project-details/ucsf-helen-diller-hospital-at-parnassus-heights-priority-painting-rebid-university-of-california-san-francisco/r/recAvJq0xrccB6s1v,2026-08-04T04:12:09-07:00,892,yes,,award_results,no
recAvObCGqmyRLcpT,Johnston Ranch Conservation Grazing Water Distribution Project,Midpeninsula Regional Open Space District,San Mateo,Half Moon Bay,Closed,construction,johnston-ranch-conservation-grazing-water-distribution-project-midpeninsula-regional-open-space-district,104,yes,results,construction,https://www.bidthebay.com/construction-project-details/johnston-ranch-conservation-grazing-water-distribution-project-midpeninsula-regional-open-space-district/r/recAvObCGqmyRLcpT,2026-07-31T00:01:51-07:00,292,no,,recently_closed,no
recAxgT9RGcq7hEDc,Job Order Contract for Parks and Recreation,County of Santa Clara,Santa Clara,Various Cities,Closed,construction,job-order-contract-for-parks-and-recreation-county-of-santa-clara,65,yes,results,construction,https://www.bidthebay.com/construction-project-details/job-order-contract-for-parks-and-recreation-county-of-santa-clara/r/recAxgT9RGcq7hEDc,2026-07-25T23:31:47-07:00,1028,yes,,award_results,no
recAzFAs0Z8OMnGeL,HVAC Preventive Maintenance and Emergency Services,Bay Area Air Quality Management District,San Francisco,San Francisco,Open,construction,hvac-preventive-maintenance-emergency-san-francisco,51,yes,open,construction,https://www.bidthebay.com/construction-project-details/hvac-preventive-maintenance-emergency-san-francisco/r/recAzFAs0Z8OMnGeL,2026-09-10T11:06:11-07:00,241,no,,open_solicitation,no
recB1329F25jZ4q74,Hunters Point Piping,University of California San Francisco,San Francisco,San Francisco,Closed,construction; professional services,hunters-point-piping-university-of-california-san-francisco,59,yes,results,construction,https://www.bidthebay.com/construction-project-details/hunters-point-piping-university-of-california-san-francisco/r/recB1329F25jZ4q74,2026-05-22T17:56:51-07:00,1349,no,,multi_category_provisional_construction,yes
recB3hmseRSvX8wZi,Clayton Valley Highlands Sanitary Sewer Repairs,City of Concord ,Contra Costa,"Concord
",Closed,construction,clayton-valley-highlands-sanitary-sewer-repairs-city-of-concord,63,yes,results,construction,https://www.bidthebay.com/construction-project-details/clayton-valley-highlands-sanitary-sewer-repairs-city-of-concord/r/recB3hmseRSvX8wZi,2026-04-16T17:00:57-07:00,758,no,,recently_closed,no
recB6mTycrw72svNR,Administrative Offices Second Floor Expansion Design Services,South Bayside Waste Management Authority (RethinkWaste),San Mateo,San Carlos,Closed,professional services,administrative-offices-second-floor-expansion-design-services-south-bayside-waste-management-authority-rethinkwaste,115,yes,results,professional services,https://www.bidthebay.com/professional-services-project-details/administrative-offices-second-floor-expansion-design-services-south-bayside-waste-management-authority-rethinkwaste/r/recB6mTycrw72svNR,2026-05-21T17:09:44-07:00,279,no,,recently_closed,no
recB87MAhHVyFEf9v,Environmental and Engineering Services for the San Rafael Canal Crossing Project,City of San Rafael,Marin,San Rafael,Closed,professional services,environmental-and-engineering-services-for-the-san-rafael-canal-crossing-project-city-of-san-rafael,99,no,,,,2026-08-11T08:24:52-07:00,396,no,,closed_stale_no_results,no
recBBKfE7bSVWsyFl,Vacant Turnover Preparations Project,Contra Costa County Housing Authority,Contra Costa,Multiple Contra Costa cities,Closed,construction,vacant-turnover-preparations-project-housing-authority-of-the-county-of-contra-costa,84,no,,,,2026-09-07T11:37:33-07:00,0,no,No description at all,closed_stale_no_results,no
recBCrE6mZoRHbsQa,Central Park Restroom Replacements (Phase II),City of Fremont,Alameda,Fremont,Open,construction,central-park-restroom-replacements-phase-ii-city-of-fremont,59,yes,open,construction,https://www.bidthebay.com/construction-project-details/central-park-restroom-replacements-phase-ii-city-of-fremont/r/recBCrE6mZoRHbsQa,2026-09-05T21:28:31-07:00,94,no,,open_solicitation,no
recBDPKkLK5wSOe6D,Slipsheet Sport Court - MLBE,City and County of San Francisco,San Francisco,San Francisco,Closed,construction,slipsheet-sport-court-mlbe-city-and-county-of-san-francisco,59,yes,results,construction,https://www.bidthebay.com/construction-project-details/slipsheet-sport-court-mlbe-city-and-county-of-san-francisco/r/recBDPKkLK5wSOe6D,2026-04-21T17:01:26-07:00,87,no,,recently_closed,no
recBFMXyZm5uY3YqG,Sunnydale Market at Amani Tenant Improvement,City and County of San Francisco,San Francisco,San Francisco,Closed,construction,sunnydale-market-at-amani-tenant-improvement-city-and-county-of-san-francisco,77,yes,results,construction,https://www.bidthebay.com/construction-project-details/sunnydale-market-at-amani-tenant-improvement-city-and-county-of-san-francisco/r/recBFMXyZm5uY3YqG,2026-08-16T22:23:26-07:00,727,no,,recently_closed,no
recBHpVyl0STBqHBb,"UCB EHCP – Increment 6 – WP-20: Landscape, Irrigation, Site Furnishings",UC Berkeley,Alameda,Berkeley,Closed,construction,ucb-ehcp-increment-6-wp-20-landscape-irrigation-site-furnishings-uc-berkeley,76,yes,results,construction,https://www.bidthebay.com/construction-project-details/ucb-ehcp-increment-6-wp-20-landscape-irrigation-site-furnishings-uc-berkeley/r/recBHpVyl0STBqHBb,2026-09-10T00:02:04-07:00,211,no,,recently_closed,no
recBHwiWSJ8CpfLoD,SJC New Taxiway Victor Phase 3A,City of San Jose,,San Jose,Closed,construction,sjc-new-taxiway-victor-phase-3a-city-of-san-jose,48,no,,,,2026-04-11T10:49:50-07:00,266,no,,closed_stale_no_results,no
recBHxzHSkdzwMXYv,2026 Pavement Repair and Crack Seal Project,City of South San Francisco,San Mateo,South San Francisco,Closed,construction,2026-pavement-repair-and-crack-seal-project-city-of-south-san-francisco,71,yes,results,construction,https://www.bidthebay.com/construction-project-details/2026-pavement-repair-and-crack-seal-project-city-of-south-san-francisco/r/recBHxzHSkdzwMXYv,2026-07-30T08:30:46-07:00,1286,no,Results posted but no winner,award_results,no
recBItgNeLSWTXELL,As-Needed Historical Preservation Specialty Services 2026 MLBE,San Francisco Public Works,San Francisco,San Francisco,Closed,construction,as-needed-historical-preservation-specialty-services-2026-mlbe-san-francisco-public-works,89,yes,results,construction,https://www.bidthebay.com/construction-project-details/as-needed-historical-preservation-specialty-services-2026-mlbe-san-francisco-public-works/r/recBItgNeLSWTXELL,2026-05-29T00:02:06-07:00,872,no,,recently_closed,no
recBKCun0h6eL68V1,American Canyon Wetland Restoration and Public Access Project,City of American Canyon,Napa,American Canyon,Closed,construction,american-canyon-wetland-restoration-and-public-access-project-city-of-american-canyon,85,yes,results,construction,https://www.bidthebay.com/construction-project-details/american-canyon-wetland-restoration-and-public-access-project-city-of-american-canyon/r/recBKCun0h6eL68V1,2026-04-13T09:33:29-07:00,1662,yes,,award_results,no
recBPI0vmpEmr2iKX,Basin D Sanitary Sewer Rehabilitation Project,City of San Mateo,San Mateo,San Mateo,Closed,construction,basin-d-sanitary-sewer-rehabilitation-project-city-of-san-mateo,63,yes,results,construction,https://www.bidthebay.com/construction-project-details/basin-d-sanitary-sewer-rehabilitation-project-city-of-san-mateo/r/recBPI0vmpEmr2iKX,2026-06-12T00:09:35-07:00,1321,no,,recently_closed,no
recBRJPtzEz5lz39u,Design of Golf Course Drive and US 101 South Intersection Improvements,City of Rohnert Park,Sonoma,Rohnert Park,Closed,professional services,design-of-golf-course-drive-and-us-101-south-intersection-improvements-city-of-rohnert-park,91,yes,results,professional services,https://www.bidthebay.com/professional-services-project-details/design-of-golf-course-drive-and-us-101-south-intersection-improvements-city-of-rohnert-park/r/recBRJPtzEz5lz39u,2026-06-27T00:00:38-07:00,1399,no,,recently_closed,no
recBRTncdLzkuQ76u,SJCC and EVC Electrical Smart Meter Installation,San Jose Evergreen Community College District,Santa Clara,San Jose,Open,construction,sjcc-and-evc-electrical-smart-meter-installation-san-jose-evergreen-community-college-district,94,yes,open,construction,https://www.bidthebay.com/construction-project-details/sjcc-and-evc-electrical-smart-meter-installation-san-jose-evergreen-community-college-district/r/recBRTncdLzkuQ76u,2026-09-03T10:23:46-07:00,427,no,,open_solicitation,no
recBSvOE4bUlHjZZR,City Hall Pond & Fountain Rehabilitation Project,City of Pleasant Hill,Contra Costa,Pleasant Hill,Open,construction,city-hall-pond-fountain-rehabilitation-project-city-of-pleasant-hill,68,yes,open,construction,https://www.bidthebay.com/construction-project-details/city-hall-pond-fountain-rehabilitation-project-city-of-pleasant-hill/r/recBSvOE4bUlHjZZR,2026-09-03T07:36:18-07:00,180,no,,open_solicitation,no
recBTOuAmt81Or44e,Monroe Elementary School - Balcony Repair and Yard Improvement,San Francisco Unified School District,San Francisco,San Francisco,Closed,construction,monroe-elementary-school-balcony-repair-and-yard-improvement-san-francisco-unified-school-district,98,yes,results,construction,https://www.bidthebay.com/construction-project-details/monroe-elementary-school-balcony-repair-and-yard-improvement-san-francisco-unified-school-district/r/recBTOuAmt81Or44e,2026-04-28T09:31:04-07:00,391,yes,,award_results,no
recBW5dH50QXuHn98,West Portal Elementary School Modernization Project,San Francisco Unified School District,San Francisco,San Francisco,Closed,construction,west-portal-elementary-school-modernization-project-san-francisco-unified-school-district,89,yes,results,construction,https://www.bidthebay.com/construction-project-details/west-portal-elementary-school-modernization-project-san-francisco-unified-school-district/r/recBW5dH50QXuHn98,2026-05-14T11:03:51-07:00,474,yes,,award_results,no
recBW6Ef95ypa8jZJ,Giant Road Pavement Rehabilitation Project,City of San Pablo,Contra Costa,San Pablo,Closed,construction,giant-road-pavement-rehabilitation-project-city-of-san-pablo,60,yes,results,construction,https://www.bidthebay.com/construction-project-details/giant-road-pavement-rehabilitation-project-city-of-san-pablo/r/recBW6Ef95ypa8jZJ,2026-06-05T00:04:52-07:00,178,no,,recently_closed,no
recBWjK0FudrDD8kI,Facility Condition Assessment,Redwood City,San Mateo,Redwood City,Closed,professional services,facility-condition-assessment-city-of-redwood-city,50,yes,results,professional services,https://www.bidthebay.com/professional-services-project-details/facility-condition-assessment-city-of-redwood-city/r/recBWjK0FudrDD8kI,2026-09-07T11:36:49-07:00,227,no,,recently_closed,no
recBY9goSWTHjrU57,2026 Road Sealant Project Phase 2,County of Marin,Marin,San Rafael,Closed,construction,2026-road-sealant-project-phase-2-county-of-marin,49,yes,results,construction,https://www.bidthebay.com/construction-project-details/2026-road-sealant-project-phase-2-county-of-marin/r/recBY9goSWTHjrU57,2026-08-11T08:36:15-07:00,392,yes,,award_results,no
recBYCmX1VRMaIvu2,Sharp Park Trees - Micro LBE,City and County of San Francisco,San Francisco,Pacifica,Closed,construction,sharp-park-trees-micro-lbe-city-and-county-of-san-francisco,59,no,,,,2026-04-11T10:47:52-07:00,0,no,No description at all,closed_stale_no_results,no
recBb322DXYPy5aKT,70 W. Hedding Camera Installation,County of Santa Clara,Santa Clara,San Jose,Closed,construction,70-w-hedding-camera-installation-county-of-santa-clara,54,yes,results,construction,https://www.bidthebay.com/construction-project-details/70-w-hedding-camera-installation-county-of-santa-clara/r/recBb322DXYPy5aKT,2026-05-19T11:09:49-07:00,173,yes,,award_results,no
recBbrvsvJemUDVHR,WWTP HVAC Replacements - Rebid,Dublin San Ramon Services District,Alameda,Dublin ,Closed,construction,wwtp-hvac-replacements-rebid-dublin-san-ramon-services-district,63,no,,,,2026-04-11T10:46:47-07:00,0,no,No description at all,closed_stale_no_results,no
recBhABSKEZlYY79j,2026 Street Resurfacing and Repair Project,City of Sausalito,Marin,Sausalito ,Closed,professional services,2026-street-resurfacing-and-repair-project-city-of-sausalito,60,yes,results,professional services,https://www.bidthebay.com/professional-services-project-details/2026-street-resurfacing-and-repair-project-city-of-sausalito/r/recBhABSKEZlYY79j,2026-04-11T10:49:50-07:00,1728,no,,recently_closed,no
recBjNZXWilHjnfKU,Structural Engineering Services for the Kezar Pavilion Renovation Project,City and County of San Francisco,San Francisco,San Francisco,Open,professional services,structural-engineering-services-for-the-kezar-pavilion-renovation-project-city-and-county-of-san-francisco,106,yes,open,professional services,https://www.bidthebay.com/professional-services-project-details/structural-engineering-services-for-the-kezar-pavilion-renovation-project-city-and-county-of-san-francisco/r/recBjNZXWilHjnfKU,2026-09-05T21:27:05-07:00,167,no,Open but due date passed,open_solicitation,no
recBkzCsmn7qb7bJe,RFS Remediation & Restoration Project,UC Berkeley,Contra Costa,Richmond,Closed,professional services,rfs-remediation-restoration-project-uc-berkeley,47,yes,results,professional services,https://www.bidthebay.com/professional-services-project-details/rfs-remediation-restoration-project-uc-berkeley/r/recBkzCsmn7qb7bJe,2026-05-22T17:02:02-07:00,779,no,,recently_closed,no
recBlWYFMoPzz9euE,On-Call Construction Management Firm to Provide CM and Inspection Services,City of Pleasanton,Alameda,Pleasanton ,Closed,professional services,on-call-construction-management-firm-to-provide-cm-and-inspection-services-city-of-pleasanton,93,yes,results,professional services,https://www.bidthebay.com/professional-services-project-details/on-call-construction-management-firm-to-provide-cm-and-inspection-services-city-of-pleasanton/r/recBlWYFMoPzz9euE,2026-04-29T17:01:18-07:00,0,no,No description at all,recently_closed,no
recBnKfY45LDbwBuV,Hillsdale Boulevard and Alameda De Las Pulgas Traffic Signal Project,City of San Mateo,San Mateo,San Mateo,Open,construction,hillsdale-boulevard-and-alameda-de-las-pulgas-traffic-signal-project-city-of-san-mateo,86,yes,open,construction,https://www.bidthebay.com/construction-project-details/hillsdale-boulevard-and-alameda-de-las-pulgas-traffic-signal-project-city-of-san-mateo/r/recBnKfY45LDbwBuV,2026-09-03T22:29:15-07:00,316,no,,open_solicitation,no
recBnxDdpXDnp0cgQ,Repair of Sidewalks on Coast Guard Island,U.S. Coast Guard,Alameda,Alameda,Open,construction,repair-of-sidewalks-on-coast-guard-island-us-coast-guard,56,yes,open,construction,https://www.bidthebay.com/construction-project-details/repair-of-sidewalks-on-coast-guard-island-us-coast-guard/r/recBnxDdpXDnp0cgQ,2026-09-08T19:56:25-07:00,256,no,Open but due date passed,open_solicitation,no
recBnxX5Ukl9nrz7B,Piper Road Sinkhole and Culvert Repair,Contra Costa Public Works,Contra Costa,Contra Costa  ,Closed,construction,piper-road-sinkhole-and-culvert-repair-contra-costa-public-works,64,yes,results,construction,https://www.bidthebay.com/construction-project-details/piper-road-sinkhole-and-culvert-repair-contra-costa-public-works/r/recBnxX5Ukl9nrz7B,2026-09-10T08:55:24-07:00,207,yes,,award_results,no
recBqjwoPwBaKfOLT,Silliman Center Gym & Dance Floor Resurfacing,City of Newark,Alameda,Newark,Closed,construction,silliman-center-gym-dance-floor-resurfacing-city-of-newark,58,yes,results,construction,https://www.bidthebay.com/construction-project-details/silliman-center-gym-dance-floor-resurfacing-city-of-newark/r/recBqjwoPwBaKfOLT,2026-06-29T08:11:28-07:00,266,yes,,award_results,no
recBqmYqTDVjZrG92,Window Coverings and Privacy Curtains,Contra Costa County,Contra Costa,Contra Costa County,Closed,construction,window-coverings-and-privacy-curtains-contra-costa-county,57,yes,results,construction,https://www.bidthebay.com/construction-project-details/window-coverings-and-privacy-curtains-contra-costa-county/r/recBqmYqTDVjZrG92,2026-07-28T10:04:11-07:00,0,yes,No description at all,award_results,no
recBsfMzHdErgBYIm,Architectural-Engineering and Related Professional Design Services for Various Projects,County of Santa Clara,Santa Clara,Various Cities,Closed,professional services,architectural-engineering-and-related-professional-design-services-for-various-projects-county-of-santa-clara,109,yes,results,professional services,https://www.bidthebay.com/professional-services-project-details/architectural-engineering-and-related-professional-design-services-for-various-projects-county-of-santa-clara/r/recBsfMzHdErgBYIm,2026-06-26T08:33:07-07:00,525,yes,,award_results,no
recBvY2GctYBaY0Ju,2026 Treatment Plant Improvement Project  ,Napa Sanitation District,Napa,Napa,Closed,construction,2026-treatment-plant-improvement-project-napa-sanitation-district,65,yes,results,construction,https://www.bidthebay.com/construction-project-details/2026-treatment-plant-improvement-project-napa-sanitation-district/r/recBvY2GctYBaY0Ju,2026-03-24T07:45:13-07:00,450,yes,,award_results,no
recBvkLjK343fUlSg,Job Order Contract: License A: Paving,East Bay Regional Park District,Alameda; Contra Costa,Various Cities – East Bay,Closed,construction,job-order-contract-license-a-paving-east-bay-regional-park-district,67,yes,results,construction,https://www.bidthebay.com/construction-project-details/job-order-contract-license-a-paving-east-bay-regional-park-district/r/recBvkLjK343fUlSg,2026-06-26T08:34:14-07:00,470,no,,recently_closed,no
recBvlvPfffp8ss0I,Installation of Above Ground Storage Tank,City of Berkeley,Alameda,Berkeley ,Closed,construction,installation-of-above-ground-storage-tank-city-of-berkeley,58,yes,results,construction,https://www.bidthebay.com/construction-project-details/installation-of-above-ground-storage-tank-city-of-berkeley/r/recBvlvPfffp8ss0I,2026-04-11T10:49:24-07:00,260,no,,recently_closed,no
recC0wltpfllRjn2q,Laguna Treatment Plant Admin Carpet Replacement,City of Santa Rosa,Sonoma,Santa Rosa,Closed,construction,laguna-treatment-plant-admin-carpet-replacement-city-of-santa-rosa,66,yes,results,construction,https://www.bidthebay.com/construction-project-details/laguna-treatment-plant-admin-carpet-replacement-city-of-santa-rosa/r/recC0wltpfllRjn2q,2026-07-22T02:44:51-07:00,262,yes,,award_results,no
recC1yoorxyJI0lS5,FS Zellerbach Hall Mezzanine Flooring Replacement - Rebid,UC Berkeley,Alameda,Berkeley,Open,construction,fs-zellerbach-hall-mezzanine-flooring-replacement-rebid-uc-berkeley,67,yes,open,construction,https://www.bidthebay.com/construction-project-details/fs-zellerbach-hall-mezzanine-flooring-replacement-rebid-uc-berkeley/r/recC1yoorxyJI0lS5,2026-08-27T09:08:09-07:00,394,no,,open_solicitation,no
recC2km05RgmmrSNX,2000 Carleton Street PG&E EV Fleet UCB,UC Berkeley,Alameda,Berkeley,Closed,construction,2000-carleton-street-pg-e-ev-fleet-ucb-uc-berkeley,50,yes,results,construction,https://www.bidthebay.com/construction-project-details/2000-carleton-street-pg-e-ev-fleet-ucb-uc-berkeley/r/recC2km05RgmmrSNX,2026-03-24T08:43:32-07:00,402,yes,,award_results,no
recC5wgILJ1VXc2gX,Pre-Qualification: Roll-Up Door Replacement for Guadalupe Yard Building A,Santa Clara Valley Transportation Authority,Santa Clara,San Jose,Closed,construction,pre-qualification-roll-up-door-replacement-for-guadalupe-yard-building-a-santa-clara-valley-transportation-authority,116,no,,,,2026-04-01T00:05:27-07:00,609,no,,closed_stale_no_results,no
recCBGgsRDc35TeqW,Lagoon Dredge Survey,City of Foster City,San Mateo,Foster City,Closed,construction,lagoon-dredge-survey-city-of-foster-city,40,no,,,,2026-03-24T07:37:56-07:00,93,no,,closed_stale_no_results,no
recCDF3jWwWxsmGPf,Install Wildlife Fencing – Marin County,California Department of Transportation (Caltrans),Marin,Marin County,Closed,construction,install-wildlife-fencing-marin-county-cal-trans-district-4,58,no,,,,2026-09-07T15:49:52-07:00,80,no,,closed_stale_no_results,no
recCDGTWOkFSNOYYG,Lakewood Park Renovation Project,City of Sunnyvale,Santa Clara,Sunnyvale,Closed,construction,lakewood-park-renovation-project-city-of-sunnyvale,50,yes,results,construction,https://www.bidthebay.com/construction-project-details/lakewood-park-renovation-project-city-of-sunnyvale/r/recCDGTWOkFSNOYYG,2026-03-24T09:00:22-07:00,340,yes,,award_results,no
recCECkKkFtdeL9Oo,FS Koshland GL and LL Fire Sprinkler Leak Damage Repairs,UC Berkeley ,Alameda,Berkeley ,Closed,construction,fs-koshland-gl-and-ll-fire-sprinkler-leak-damage-repairs-uc-berkeley,68,yes,results,construction,https://www.bidthebay.com/construction-project-details/fs-koshland-gl-and-ll-fire-sprinkler-leak-damage-repairs-uc-berkeley/r/recCECkKkFtdeL9Oo,2026-03-27T06:57:18-07:00,725,yes,,award_results,no
recCHxZ1OPaykw4gq,On-Call Hydrogeological and Geotechnical Engineering Services,City of Morgan Hill,Santa Clara,Morgan Hill,Open,professional services,on-call-hydrogeological-and-geotechnical-engineering-services-city-of-morgan-hill,81,yes,open,professional services,https://www.bidthebay.com/professional-services-project-details/on-call-hydrogeological-and-geotechnical-engineering-services-city-of-morgan-hill/r/recCHxZ1OPaykw4gq,2026-08-31T17:41:36-07:00,373,no,,open_solicitation,no
recCJ6sIYEJPdMM6v," Jean Callison Elementary School – Parking Lot Irrigation Repair and 
Landscaping Modifications Project",Vacaville Unified School District,Solano,Vacaville,Closed,construction,jean-callison-elementary-school-parking-lot-irrigation-repair-and-landscaping-modifications-project-vacaville-unified-school-district,133,yes,results,construction,https://www.bidthebay.com/construction-project-details/jean-callison-elementary-school-parking-lot-irrigation-repair-and-landscaping-modifications-project-vacaville-unified-school-district/r/recCJ6sIYEJPdMM6v,2026-04-11T10:49:50-07:00,488,no,,recently_closed,no
recCKEtKYABEuY2yA,Washington Manor Park Frontage Improvement Project,City of San Leandro,Alameda,San Leandro,Closed,construction,washington-manor-park-frontage-improvement-project-city-of-san-leandro,70,no,,,,2026-03-30T09:57:05-07:00,216,no,,closed_stale_no_results,no
recCLI1erh9yBHtm0,Little Butano Creek at Cloverdale Road Sediment Reduction and Habitat Enhancement Project,San Mateo Resource Conservation District,San Mateo,Pescadero,Closed,construction,little-butano-creek-at-cloverdale-road-sediment-reduction-and-habitat-enhancement-project-san-mateo-resource-conservation-district,130,yes,results,construction,https://www.bidthebay.com/construction-project-details/little-butano-creek-at-cloverdale-road-sediment-reduction-and-habitat-enhancement-project-san-mateo-resource-conservation-district/r/recCLI1erh9yBHtm0,2026-05-27T00:02:19-07:00,1540,no,,recently_closed,no
recCLam0nxbV9Ksum,"SAFER Bay Project Design, Permitting and Bid Support ",City of East Palo Alto,San Mateo,East Palo Alto,Closed,professional services,safer-bay-project-design-permitting-and-bid-support-city-of-east-palo-alto,74,no,,,,2026-04-11T10:47:26-07:00,338,no,,closed_stale_no_results,no
recCMd7NkFam0kpIv,Crosswalk & Signal Improvements,City of Petaluma,Sonoma,Petaluma,Closed,construction,crosswalk-signal-improvements-city-of-petaluma,46,yes,results,construction,https://www.bidthebay.com/construction-project-details/crosswalk-signal-improvements-city-of-petaluma/r/recCMd7NkFam0kpIv,2026-08-21T09:55:23-07:00,131,yes,,award_results,no
recCMz9C6LiTQMgPD,Shell Gate and Willow Outfalls Project,City of Alameda,Alameda,Alameda,Closed,construction,shell-gate-and-willow-outfalls-project-city-of-alameda,54,no,,,,2026-03-24T06:08:27-07:00,490,no,,closed_stale_no_results,no
recCNPFdBCB7B28vo,"Rural Land Surveys in Santa Cruz, Santa Clara and San Mateo County", Midpeninsula Regional Open Space District,Santa Clara; San Mateo, Santa Clara and San Mateo County,Closed,professional services,rural-land-surveys-in-santa-cruz-santa-clara-and-san-mateo-county-midpeninsula-regional-open-space-district,107,no,,,,2026-04-11T10:47:07-07:00,0,no,No description at all,closed_stale_no_results,no
recCQS8sow44hnegx,Broadway Clocktower Repair Project,Redwood City,San Mateo,Redwood City,Closed,construction,broadway-clocktower-repair-project-city-of-redwood-city,55,yes,results,construction,https://www.bidthebay.com/construction-project-details/broadway-clocktower-repair-project-city-of-redwood-city/r/recCQS8sow44hnegx,2026-09-07T11:36:49-07:00,719,no,,recently_closed,no
recCROgeAMOp1WPJs,Primary Clarifiers No. 4 and 5 and Chlorine Contact Tanks Coatings and Concrete Rehabilitation Project,Central Marin Sanitation Agency,Marin,San Rafael,Closed,construction,primary-clarifiers-no-4-and-5-and-chlorine-contact-tanks-coatings-and-concrete-rehabilitation-project-central-marin-sanitation-agency,133,no,,,,2026-03-30T10:18:37-07:00,606,no,,closed_stale_no_results,no
recCSQV19Lh8bgszR,Design-Build Services for the Wayfinding Enhancement Program Phase 2 - Paint,San Francisco International Airport,San Mateo,San Francisco,Closed,construction,design-build-services-for-the-wayfinding-enhancement-program-phase-2-paint-san-francisco-international-airport-sfo,114,yes,results,construction,https://www.bidthebay.com/construction-project-details/design-build-services-for-the-wayfinding-enhancement-program-phase-2-paint-san-francisco-international-airport-sfo/r/recCSQV19Lh8bgszR,2026-09-07T10:43:28-07:00,251,no,,recently_closed,no
recCSk0X5K43C1tAm,Shoreline Water Control Structures Improvements Phase 1,City of Mountain View,Santa Clara,Mountain View,Closed,construction,shoreline-water-control-structures-improvements-phase-1-city-of-mountain-view,77,yes,results,construction,https://www.bidthebay.com/construction-project-details/shoreline-water-control-structures-improvements-phase-1-city-of-mountain-view/r/recCSk0X5K43C1tAm,2026-05-05T17:01:26-07:00,0,no,No description at all,recently_closed,no
recCTIBAVtuOfeCnt,McGlashan Pathway Repair,County of Marin,Marin,Mill Valley,Closed,construction,mcglashan-pathway-repair-county-of-marin,40,yes,results,construction,https://www.bidthebay.com/construction-project-details/mcglashan-pathway-repair-county-of-marin/r/recCTIBAVtuOfeCnt,2026-08-11T08:20:34-07:00,421,yes,,award_results,no
recCTp87RXG9qpjcF,"Cargo Building 626.1 & Plot 9 Reconstruction - SFO Cargo 626 & Plot 9 - Site Concrete, AC Paving, and Striping",San Francisco International Airport,San Mateo,San Francisco,Closed,construction,cargo-building-626-1-plot-9-reconstruction-sfo-cargo-626-plot-9-site-concrete-ac-paving-and-striping-san-francisco-international-airport-sfo,140,yes,results,construction,https://www.bidthebay.com/construction-project-details/cargo-building-626-1-plot-9-reconstruction-sfo-cargo-626-plot-9-site-concrete-ac-paving-and-striping-san-francisco-international-airport-sfo/r/recCTp87RXG9qpjcF,2026-09-07T10:43:39-07:00,1501,no,,recently_closed,no
recCWSvmTyACd3aKs,Routine and Non-Routine Water Pumps Services in Santa Clara County,California Department of Transportation (Caltrans),Santa Clara,Various Cities,Closed,construction,routine-and-non-routine-water-pumps-services-in-santa-clara-county-cal-trans-district-4,87,yes,results,construction,https://www.bidthebay.com/construction-project-details/routine-and-non-routine-water-pumps-services-in-santa-clara-county-cal-trans-district-4/r/recCWSvmTyACd3aKs,2026-09-07T15:49:52-07:00,337,no,,recently_closed,no
recCYRayNOyMGpd5R,On-Call Clear Path Sidewalk Project – Horizontal Concrete Saw Cutting and Shaving Project,City of San Bruno,San Mateo, San Bruno,Closed,construction,on-call-clear-path-sidewalk-project-horizontal-concrete-saw-cutting-and-shaving-project-city-of-san-bruno,105,yes,results,construction,https://www.bidthebay.com/construction-project-details/on-call-clear-path-sidewalk-project-horizontal-concrete-saw-cutting-and-shaving-project-city-of-san-bruno/r/recCYRayNOyMGpd5R,2026-08-21T09:50:54-07:00,276,no,,recently_closed,no
recCZzJWw5IIIAj93,Geotechnical and Geohazard and Environmental Site Assessment Consulting Services - Demolition of Vacant OUSD Properties ,Oakland Unified School District,Alameda,Oakland,Closed,professional services,geotechnical-and-geohazard-and-environmental-site-assessment-consulting-services-demolition-of-vacant-ousd-properties-oakland-unified-school-district,149,no,,,,2026-04-16T06:35:36-07:00,393,no,,closed_stale_no_results,no
recCa8XDMf7jLrgwT,CCTV Pipeline Inspection & Hydro Flushing/Jetting Services,South San Francisco Unified School District,San Mateo,South San Francisco,Closed,professional services,cctv-pipeline-inspection-hydro-flushing-jetting-services-south-san-francisco-unified-school-district,100,yes,results,professional services,https://www.bidthebay.com/professional-services-project-details/cctv-pipeline-inspection-hydro-flushing-jetting-services-south-san-francisco-unified-school-district/r/recCa8XDMf7jLrgwT,2026-08-12T00:00:45-07:00,250,no,,recently_closed,no
recCepQQ4vD9RXCcP,San Mateo High School Joint-Use Gym Mechanical Equipment Replacement Project,San Mateo Union High School District,San Mateo,San Mateo,Closed,construction,san-mateo-high-school-joint-use-gym-mechanical-equipment-replacement-project-san-mateo-union-high-school-district,113,yes,results,construction,https://www.bidthebay.com/construction-project-details/san-mateo-high-school-joint-use-gym-mechanical-equipment-replacement-project-san-mateo-union-high-school-district/r/recCepQQ4vD9RXCcP,2026-07-29T00:01:58-07:00,602,no,,recently_closed,no
recCg4BNU23hztfwA,Sonoma Tank No. 1 Recoating,Sonoma Water (Sonoma County Water Agency),Sonoma,Sonoma,Closed,construction,sonoma-tank-no-1-recoating-sonoma-water,39,yes,results,construction,https://www.bidthebay.com/construction-project-details/sonoma-tank-no-1-recoating-sonoma-water/r/recCg4BNU23hztfwA,2026-09-07T11:37:33-07:00,938,yes,,award_results,no
recCh4bvEcu3ogb5f,Construction Management and Special Inspection Services for Marin County Jail Cell Improvements & Related Work,County of Marin,Marin,San Rafael,Closed,professional services,construction-management-and-special-inspection-services-for-marin-county-jail-cell-improvements-related-work-county-of-marin,124,yes,results,professional services,https://www.bidthebay.com/professional-services-project-details/construction-management-and-special-inspection-services-for-marin-county-jail-cell-improvements-related-work-county-of-marin/r/recCh4bvEcu3ogb5f,2026-08-11T08:14:43-07:00,798,no,,recently_closed,no
recCihrVCwfaZJEst,Bolinas Road Pipeline Replacement Project,Marin Water (Marin Municipal Water District),Marin,Fairfax,Closed,construction,bolinas-road-pipeline-replacement-project-marin-water,53,no,,,,2026-09-07T11:37:33-07:00,300,no,,closed_stale_no_results,no
recCio6kKvLDR1ehP,2026 Restriping Contract No. 1,City of Hercules,Contra Costa,Hercules,Closed,construction,2026-restriping-contract-no-1-city-of-hercules,46,yes,results,construction,https://www.bidthebay.com/construction-project-details/2026-restriping-contract-no-1-city-of-hercules/r/recCio6kKvLDR1ehP,2026-05-01T17:02:04-07:00,538,no,,recently_closed,no
recClA0PRrZDoKQYO,Boiler Maintenance,California Department of State Hospitals,Napa,Napa,Closed,construction,boiler-maintenance-california-department-of-state-hospitals,59,yes,results,construction,https://www.bidthebay.com/construction-project-details/boiler-maintenance-california-department-of-state-hospitals/r/recClA0PRrZDoKQYO,2026-05-29T00:02:35-07:00,689,no,,recently_closed,no
recCpMY91Y9ncRFgz,Rejected: Rosa Parks Elementary School - Destructive Testing,San Francisco Unified School District,San Francisco,San Francisco,Closed,construction,rejected-rosa-parks-elementary-school-destructive-testing-san-francisco-unified-school-district,95,yes,results,construction,https://www.bidthebay.com/construction-project-details/rejected-rosa-parks-elementary-school-destructive-testing-san-francisco-unified-school-district/r/recCpMY91Y9ncRFgz,2026-06-29T03:23:55-07:00,482,no,,recently_closed,no
recCq49f8GqU5bA9n,Low-Voltage Data Communications Cabling Services (On-Call / As-Needed),City of Santa Rosa,Sonoma,Santa Rosa,Open,construction,low-voltage-data-communications-cabling-services-on-call-as-needed-city-of-santa-rosa,85,yes,open,construction,https://www.bidthebay.com/construction-project-details/low-voltage-data-communications-cabling-services-on-call-as-needed-city-of-santa-rosa/r/recCq49f8GqU5bA9n,2026-09-09T23:54:03-07:00,303,no,,open_solicitation,no
recCuHgHLhwBrqeHJ,Hamilton Families Roof Project,City and County of San Francisco,San Francisco,San Francisco,Closed,construction,hamilton-families-roof-project-city-and-county-of-san-francisco,63,yes,results,construction,https://www.bidthebay.com/construction-project-details/hamilton-families-roof-project-city-and-county-of-san-francisco/r/recCuHgHLhwBrqeHJ,2026-05-23T11:14:18-07:00,457,no,,recently_closed,no
recCvLycbSjY6D36f,South San Francisco Terminal Dredging,San Francisco Bay Area Water Emergency Transportation Authority,San Mateo,South San Francisco,Closed,construction,south-san-francisco-terminal-dredging-san-francisco-bay-area-water-emergency-transportation-authority,101,yes,results,construction,https://www.bidthebay.com/construction-project-details/south-san-francisco-terminal-dredging-san-francisco-bay-area-water-emergency-transportation-authority/r/recCvLycbSjY6D36f,2026-08-11T09:17:32-07:00,1268,yes,,award_results,no
recCvRM1D4T3yMEFq,CEQA Consulting Services - Demolition of Vacant OUSD Properties ,Oakland Unified School District,Alameda,Oakland,Closed,professional services,ceqa-consulting-services-demolition-of-vacant-ousd-properties-oakland-unified-school-district,93,no,,,,2026-04-11T10:49:04-07:00,408,no,,closed_stale_no_results,no
recCxJbXZwJkw5FWh,Library Carpet Replacement   ,University of California San Francisco,San Francisco,San Francisco,Closed,construction,library-carpet-replacement-university-of-california-san-francisco,65,yes,results,construction,https://www.bidthebay.com/construction-project-details/library-carpet-replacement-university-of-california-san-francisco/r/recCxJbXZwJkw5FWh,2026-06-01T06:22:24-07:00,315,no,,recently_closed,no
recD05OZi1dl3vEaJ,Re-Bid Package for Hercules HS Track & Field Replacement,West Contra Costa Unified School District,Contra Costa,Hercules,Closed,construction,re-bid-package-for-hercules-hs-track-field-replacement-west-contra-costa-unified-school-district,96,no,,,,2026-04-11T10:47:44-07:00,499,no,,closed_stale_no_results,no
recD2DgbFH9uMjpCy,Basin D Sanitary Sewer Rehabilitation Project - Rebid,City of San Mateo,San Mateo,San Mateo,Closed,construction,basin-d-sanitary-sewer-rehabilitation-project-rebid-city-of-san-mateo,69,yes,results,construction,https://www.bidthebay.com/construction-project-details/basin-d-sanitary-sewer-rehabilitation-project-rebid-city-of-san-mateo/r/recD2DgbFH9uMjpCy,2026-08-20T00:03:59-07:00,1321,no,,recently_closed,no
recD4Dr6FEw3YqaIg,WV Wellness Center Project - LOR,West Valley Mission Community College District,Santa Clara,Saratoga,Closed,construction,wv-wellness-center-project-lor-west-valley-mission-community-college-district,77,yes,results,construction,https://www.bidthebay.com/construction-project-details/wv-wellness-center-project-lor-west-valley-mission-community-college-district/r/recD4Dr6FEw3YqaIg,2026-07-11T07:55:25-07:00,0,yes,No description at all,award_results,no
recD85dAlJ7DX8jEt,Arts District Makers Space & Town Green Pavilion,City of Danville,Contra Costa,Danville,Closed,construction,arts-district-makers-space-town-green-pavilion-city-of-danville,63,yes,results,construction,https://www.bidthebay.com/construction-project-details/arts-district-makers-space-town-green-pavilion-city-of-danville/r/recD85dAlJ7DX8jEt,2026-05-07T22:21:28-07:00,387,yes,,award_results,no
recD8e9GWwlxlAumu,2026 Maintenance Services for Traffic Signals and Other Devices,County of Marin,Marin,San Rafael / Marin County-wide,Closed,construction,2026-maintenance-services-for-traffic-signals-and-other-devices-county-of-marin,79,yes,results,construction,https://www.bidthebay.com/construction-project-details/2026-maintenance-services-for-traffic-signals-and-other-devices-county-of-marin/r/recD8e9GWwlxlAumu,2026-06-02T09:37:03-07:00,1018,no,,recently_closed,no
recD9dwcIkIfQRgou,Sinnott Park Playground Renovation,City of Milpitas,Santa Clara,Milpitas,Closed,construction,sinnott-park-playground-renovation-city-of-milpitas,51,no,,,,2026-03-30T10:03:00-07:00,323,no,,closed_stale_no_results,no
recD9k47gFdHqkH2y,MC Live Roof Replacement,West Valley Mission Community College District,Santa Clara,Santa Clara,Closed,construction,mc-live-roof-replacement-west-valley-mission-community-college-district,71,yes,results,construction,https://www.bidthebay.com/construction-project-details/mc-live-roof-replacement-west-valley-mission-community-college-district/r/recD9k47gFdHqkH2y,2026-03-30T10:15:19-07:00,0,yes,No description at all,award_results,no
recDDTPEWKwJ2DGF0,Christopher Ranch Playground Turf ,Santa Clara County Office of Education,Santa Clara,Gilroy,Closed,construction,christopher-ranch-playground-turf-santa-clara-county-office-of-education,72,yes,results,construction,https://www.bidthebay.com/construction-project-details/christopher-ranch-playground-turf-santa-clara-county-office-of-education/r/recDDTPEWKwJ2DGF0,2026-09-10T00:02:05-07:00,189,no,,recently_closed,no
recDG8M5mfQGZNL6J,CEC GOV Fleet EVSE Projects,Contra Costa County,Contra Costa,Contra Costa County,Closed,construction; professional services,cec-gov-fleet-evse-projects-contra-costa-county,47,no,,,,2026-04-23T17:11:50-07:00,410,no,,closed_stale_no_results,no
recDHJKfhHSMTteDC,Professional Services for Design of Marina Sheds A – D Upgrade,City of Pittsburg,Contra Costa,Pittsburg,Closed,professional services,professional-services-for-design-of-marina-sheds-a-d-upgrade-city-of-pittsburg,78,yes,results,professional services,https://www.bidthebay.com/professional-services-project-details/professional-services-for-design-of-marina-sheds-a-d-upgrade-city-of-pittsburg/r/recDHJKfhHSMTteDC,2026-05-15T17:11:32-07:00,485,no,,recently_closed,no
recDHjB19NmuB2hmP,SCUSD Site Demolition Martinson Property,Santa Clara Unified School District,Santa Clara,Santa Clara,Closed,construction,scusd-site-demolition-martinson-property-santa-clara-unified-school-district,76,yes,results,construction,https://www.bidthebay.com/construction-project-details/scusd-site-demolition-martinson-property-santa-clara-unified-school-district/r/recDHjB19NmuB2hmP,2026-06-01T03:43:20-07:00,493,yes,,award_results,no
recDK5WC5VZzzNAS9,HSIP Industrial Parkway / Ruus Road Intersection Improvements and Bicycle Set Aside Project,City of Hayward,Alameda,Hayward,Closed,construction,hsip-industrial-parkway-ruus-road-intersection-improvements-and-bicycle-set-aside-project-city-of-hayward,105,yes,results,construction,https://www.bidthebay.com/construction-project-details/hsip-industrial-parkway-ruus-road-intersection-improvements-and-bicycle-set-aside-project-city-of-hayward/r/recDK5WC5VZzzNAS9,2026-08-12T00:00:44-07:00,980,no,,recently_closed,no
recDRIgWeXexTi495,Install Rectangular Rapid Flashing Beacons (RRFB) - Alameda County,California Department of Transportation (Caltrans),Alameda,Alameda ,Closed,construction,install-rectangular-rapid-flashing-beacons-rrfb-alameda-county-cal-trans-district-4,83,no,,,,2026-09-07T15:49:52-07:00,600,no,,closed_stale_no_results,no
recDXkrBgOJDIlwtQ,Spring Valley Single Point of Entry and ADA Upgrades,Millbrae Elementary School District,San Mateo,Millbrae,Closed,construction,spring-valley-single-point-of-entry-and-ada-upgrades-millbrae-elementary-school-district,88,yes,results,construction,https://www.bidthebay.com/construction-project-details/spring-valley-single-point-of-entry-and-ada-upgrades-millbrae-elementary-school-district/r/recDXkrBgOJDIlwtQ,2026-06-09T00:05:47-07:00,163,no,,recently_closed,no
recDdRznb4qHSbCs8,SJSU Duncan Hall Steam Line Replacements , The California State University,Santa Clara,San Jose,Closed,construction,sjsu-duncan-hall-steam-line-replacements-the-california-state-university,72,no,,,,2026-06-25T22:20:14-07:00,0,no,No description at all,closed_stale_no_results,no
recDdbgcXSGsb9SeD,2026 Road Rehabilitation Project,Town of Woodside,San Mateo,Woodside,Closed,construction,2026-road-rehabilitation-project-town-of-woodside,49,yes,results,construction,https://www.bidthebay.com/construction-project-details/2026-road-rehabilitation-project-town-of-woodside/r/recDdbgcXSGsb9SeD,2026-03-24T08:57:39-07:00,495,yes,,award_results,no
recDf03M2fefqBzSY,On-Call Traffic Signage Fabrication,County of San Mateo,San Mateo,Various ,Closed,construction,on-call-traffic-signage-fabrication-county-of-san-mateo,55,yes,results,construction,https://www.bidthebay.com/construction-project-details/on-call-traffic-signage-fabrication-county-of-san-mateo/r/recDf03M2fefqBzSY,2026-09-01T00:04:23-07:00,399,no,,recently_closed,no
recDgQOw8AWfvnVwh,Street Rehabilitation Project (2025-2026),City of Foster City,San Mateo,Foster City,Closed,construction,street-rehabilitation-project-2025-2026-city-of-foster-city,59,no,,,,2026-03-24T08:57:20-07:00,177,no,,closed_stale_no_results,no
recDi0I7fcFiVICo4,Asphaltic Emulsion Oil (Updated),Solano County ,Solano,Various Cities,Closed,supplier,asphaltic-emulsion-oil-updated-solano-county,44,no,,,,2026-07-08T00:01:53-07:00,857,no,Unroutable party type,unsupported_party_type,yes
recDjFfOPeFD4ZBWz,Lake Temescal Engineering Feasibility and Preliminary Design Project,East Bay Regional Park District,Alameda,Oakland,Closed,professional services,lake-temescal-engineering-feasibility-and-preliminary-design-project-east-bay-regional-park-district,100,no,,,,2026-04-11T10:49:31-07:00,459,no,,closed_stale_no_results,no
recDkg98w8WELzLAV,O’Connor Hospital (OCH) NPC 4/5 Seismic Compliance Project,County of Santa Clara,Santa Clara,San Jose,Closed,construction,o-connor-hospital-och-npc-4-5-seismic-compliance-project-county-of-santa-clara,78,yes,results,construction,https://www.bidthebay.com/construction-project-details/o-connor-hospital-och-npc-4-5-seismic-compliance-project-county-of-santa-clara/r/recDkg98w8WELzLAV,2026-08-28T00:03:23-07:00,1342,no,,recently_closed,no
recDkugq4apUTZHhV,Cherry Chase Elementary School Campus Modernization Project ,Sunnyvale School District ,Santa Clara,Sunnyvale,Closed,construction,cherry-chase-elementary-school-campus-modernization-project-sunnyvale-school-district,85,yes,results,construction,https://www.bidthebay.com/construction-project-details/cherry-chase-elementary-school-campus-modernization-project-sunnyvale-school-district/r/recDkugq4apUTZHhV,2026-09-01T00:04:21-07:00,507,no,,recently_closed,no
recDlxqX8MqA4DHIT,Wool Creek PIP Replacement,Santa Clara County Office of Education,Santa Clara,San Jose,Closed,construction,wool-creek-pip-replacement-santa-clara-county-office-of-education,65,no,,,,2026-04-07T21:39:06-07:00,375,no,,closed_stale_no_results,no
recDmcGOQzdUzZCYM,Prequalification - General Contractors - Secondary Process Improvements Phase 1,Delta Diablo Sanitation District,Contra Costa,Antioch,Closed,construction,prequalification-general-contractors-secondary-process-improvements-phase-1-delta-diablo-sanitation-district,108,yes,results,construction,https://www.bidthebay.com/construction-project-details/prequalification-general-contractors-secondary-process-improvements-phase-1-delta-diablo-sanitation-district/r/recDmcGOQzdUzZCYM,2026-04-22T17:07:59-07:00,950,no,,recently_closed,no
recDnXylH7FAxkmDd,On-Call Assessment Engineering Services,Contra Costa County,Contra Costa,Various Cities,Closed,professional services,on-call-assessment-engineering-services-contra-costa-county,59,yes,results,professional services,https://www.bidthebay.com/professional-services-project-details/on-call-assessment-engineering-services-contra-costa-county/r/recDnXylH7FAxkmDd,2026-06-26T08:31:41-07:00,306,no,,recently_closed,no
recDnxmpJQsM6lr4Z,Maintain Existing Planted Area and Erosion Control,California Department of Transportation (Caltrans),Marin,Petaluma,Closed,construction,maintain-existing-planted-area-and-erosion-control-cal-trans-district-4,71,yes,results,construction,https://www.bidthebay.com/construction-project-details/maintain-existing-planted-area-and-erosion-control-cal-trans-district-4/r/recDnxmpJQsM6lr4Z,2026-09-07T15:49:52-07:00,51,yes,,award_results,no
recDoaXUm21VuhVae,Pre-Construction and Construction Management Services for Coordinated Adaptive Ramp Metering (CARM) Phase 1,Contra Costa Transportation Authority,Contra Costa,Walnut Creek,Closed,professional services,pre-construction-and-construction-management-services-for-coordinated-adaptive-ramp-metering-carm-phase-1-contra-costa-transportation-authority,143,yes,results,professional services,https://www.bidthebay.com/professional-services-project-details/pre-construction-and-construction-management-services-for-coordinated-adaptive-ramp-metering-carm-phase-1-contra-costa-transportation-authority/r/recDoaXUm21VuhVae,2026-07-10T00:02:27-07:00,712,no,,recently_closed,no
recDopIOUa84XPBDz,Master As-Needed Agreement M23 General Engineering Services,City and County of San Francisco,San Francisco,San Francisco,Open,construction,master-as-needed-agreement-m23-general-engineering-services-city-and-county-of-san-francisco,92,yes,open,construction,https://www.bidthebay.com/construction-project-details/master-as-needed-agreement-m23-general-engineering-services-city-and-county-of-san-francisco/r/recDopIOUa84XPBDz,2026-06-22T09:43:43-07:00,871,no,,open_solicitation,no
recDpKoHijK4Vd8vL,Folsom Area Stormwater Improvements – Harrison/Treat Box Sewers and Connecting Auxiliary Sewers,San Francisco Public Utilities Commission,San Francisco,San Francisco,Closed,construction,folsom-area-stormwater-improvements-harrison-treat-box-sewers-and-connecting-auxiliary-sewers-san-francisco-public-utilities-commission,135,no,,,,2026-06-27T20:31:34-07:00,549,no,,closed_stale_no_results,no
recDqKXProUkN5ebF,Springbrook Road Culvert & Sinkhole Repair,Contra Costa County,Contra Costa,Walnut Creek,Closed,construction,springbrook-road-culvert-sinkhole-repair-contra-costa-county,60,yes,results,construction,https://www.bidthebay.com/construction-project-details/springbrook-road-culvert-sinkhole-repair-contra-costa-county/r/recDqKXProUkN5ebF,2026-09-10T09:01:25-07:00,435,yes,,award_results,no
recDqLqpWxdzr2Mku,Bear Creek Stables Arena Repair Project,Midpeninsula Regional Open Space District,Santa Clara,Los Gatos,Closed,construction,bear-creek-stables-arena-repair-project-midpeninsula-regional-open-space-district-bid-opportunities,99,yes,results,construction,https://www.bidthebay.com/construction-project-details/bear-creek-stables-arena-repair-project-midpeninsula-regional-open-space-district-bid-opportunities/r/recDqLqpWxdzr2Mku,2026-09-07T10:48:15-07:00,145,no,,recently_closed,no
recDrHqnW4bhrFrea,Downtown Parking Garage Construction Management Services,City of Palo Alto,Santa Clara,Palo Alto,Closed,professional services,downtown-parking-garage-construction-management-services-city-of-palo-alto,74,yes,results,professional services,https://www.bidthebay.com/professional-services-project-details/downtown-parking-garage-construction-management-services-city-of-palo-alto/r/recDrHqnW4bhrFrea,2026-08-27T00:05:08-07:00,1998,no,,recently_closed,no
recDrs4RGCKGHNTRH,Diablo Road Trail Crossing Improvements,City of Danville,Contra Costa,Danville,Closed,construction,diablo-road-trail-crossing-improvements-city-of-danville,56,yes,results,construction,https://www.bidthebay.com/construction-project-details/diablo-road-trail-crossing-improvements-city-of-danville/r/recDrs4RGCKGHNTRH,2026-07-06T03:07:53-07:00,613,yes,,award_results,no
recDveHhaBdthrK7P,Calaveras Blvd Median Improvement,City of Milpitas,Santa Clara,Milpitas,Closed,construction,calaveras-blvd-median-improvement-city-of-milpitas,50,no,,,,2026-03-30T10:01:55-07:00,195,no,,closed_stale_no_results,no
recDwMrNkpA2tynqN,2026 On-Call Habitat Restoration Services,Contra Costa County,Contra Costa,Various Cities,Closed,construction,on-call-habitat-restoration-services-contra-costa-county,56,yes,results,construction,https://www.bidthebay.com/construction-project-details/on-call-habitat-restoration-services-contra-costa-county/r/recDwMrNkpA2tynqN,2026-09-10T08:54:43-07:00,586,yes,,award_results,no
recDzDo8qT91DHOvD,On-Call Professional Consulting Services for Parks Projects: Geotechnical Engineering Services,County of San Mateo,San Mateo,Various Cities,Closed,professional services,on-call-professional-consulting-services-for-parks-projects-geotechnical-engineering-services-county-of-san-mateo,113,no,,,,2026-06-26T08:35:15-07:00,1367,no,,closed_stale_no_results,no
recE0CUxp5oVS9fMG,Replacement of Transformer T-22 ,Contra Costa Community College District,Contra Costa,Pleasant Hill,Closed,construction,replacement-of-transformer-t-22-contra-costa-community-college-district,71,yes,results,construction,https://www.bidthebay.com/construction-project-details/replacement-of-transformer-t-22-contra-costa-community-college-district/r/recE0CUxp5oVS9fMG,2026-04-10T22:37:39-07:00,197,yes,,award_results,no
recE1J6rV9SQdSDlP,Hill Street and El Camino Real HAWK Crossing,City of Belmont,San Mateo,Belmont,Closed,construction,hill-street-and-el-camino-real-hawk-crossing-city-of-belmont,60,yes,results,construction,https://www.bidthebay.com/construction-project-details/hill-street-and-el-camino-real-hawk-crossing-city-of-belmont/r/recE1J6rV9SQdSDlP,2026-06-03T00:06:49-07:00,344,no,,recently_closed,no
recE3xF7VLEYnB5EC,Marin County Civic Center Chilled Water Plant Replacement Project,County of Marin,Marin,San Rafael ,Closed,construction,marin-county-civic-center-chilled-water-plant-replacement-project-county-of-marin,81,no,,,,2026-04-11T10:48:31-07:00,644,no,,closed_stale_no_results,no
recE55pPhg5X3w1dA,Altimira Middle School Fire Flow Improvement Project,Valley of the Moon Water District,Sonoma,Sonoma,Closed,construction,altimira-middle-school-fire-flow-improvement-project-valley-of-the-moon-water-district,86,yes,results,construction,https://www.bidthebay.com/construction-project-details/altimira-middle-school-fire-flow-improvement-project-valley-of-the-moon-water-district/r/recE55pPhg5X3w1dA,2026-07-28T00:01:45-07:00,977,no,,recently_closed,no
recE74GwKZToSEVG1,County Sanitation District No. 2-3 Structural Defect Repair Project Phase 2,County of Santa Clara,Santa Clara,Various,Open,construction,county-sanitation-district-no-2-3-structural-defect-repair-project-phase-2-county-of-santa-clara,96,yes,open,construction,https://www.bidthebay.com/construction-project-details/county-sanitation-district-no-2-3-structural-defect-repair-project-phase-2-county-of-santa-clara/r/recE74GwKZToSEVG1,2026-09-11T03:25:03-07:00,1613,no,,open_solicitation,no
recE8FXA0vQOXDRTu,Winter Storms Damaged Site 24/25 Wohler Road,County of Sonoma,Sonoma,Santa Rosa,Closed,construction,winter-storms-damaged-site-24-25-wohler-road-county-of-sonoma,61,yes,results,construction,https://www.bidthebay.com/construction-project-details/winter-storms-damaged-site-24-25-wohler-road-county-of-sonoma/r/recE8FXA0vQOXDRTu,2026-04-29T07:45:00-07:00,452,no,,recently_closed,no
recE8xV9RSsJtQPKh,North Base Non-Revenue Electric Vehicle Charging Stations,San Mateo County Transit District,San Mateo,South San Francisco,Closed,construction,north-base-non-revenue-electric-vehicle-charging-stations-san-mateo-county-transit-district,91,yes,results,construction,https://www.bidthebay.com/construction-project-details/north-base-non-revenue-electric-vehicle-charging-stations-san-mateo-county-transit-district/r/recE8xV9RSsJtQPKh,2026-07-28T00:01:45-07:00,162,no,,recently_closed,no
recE9SBhdibOcF6Zz,Walden West Modernization ,Santa Clara County Office of Education,Santa Clara,Saratoga,Closed,construction,walden-west-modernization-santa-clara-county-office-of-education,64,yes,results,construction,https://www.bidthebay.com/construction-project-details/walden-west-modernization-santa-clara-county-office-of-education/r/recE9SBhdibOcF6Zz,2026-08-16T20:48:38-07:00,333,yes,,award_results,no
recEB84psB9nfvNYp,Sewer Lateral Replacement Project,City of Palo Alto,Santa Clara,Palo Alto,Closed,construction,sewer-lateral-replacement-project-city-of-palo-alto,51,yes,results,construction,https://www.bidthebay.com/construction-project-details/sewer-lateral-replacement-project-city-of-palo-alto/r/recEB84psB9nfvNYp,2026-05-19T17:09:10-07:00,336,no,,recently_closed,no
recECIG1vmMFJNV7x,Air Handler Compressor Replacement for USCG Sector ,U.S. Coast Guard,Alameda,Alameda,Closed,construction,air-handler-compressor-replacement-for-uscg-sector-us-coast-guard,65,yes,results,construction,https://www.bidthebay.com/construction-project-details/air-handler-compressor-replacement-for-uscg-sector-us-coast-guard/r/recECIG1vmMFJNV7x,2026-09-07T10:26:35-07:00,671,no,,recently_closed,no
recEE1fndG8bqGkuT,Flooring Services in Napa and Sonoma Counties,California Department of Transportation (Caltrans),Sonoma; Napa,Petaluma / Napa,Closed,construction,flooring-services-in-napa-and-sonoma-counties-cal-trans-district-4,66,no,,,,2026-09-07T15:49:52-07:00,614,no,,closed_stale_no_results,no
recEFcbtKOSYf9MyG,Homestead High School Music HVAC Replacement ,Fremont Union High School District,Santa Clara,Cupertino,Closed,construction,homestead-high-school-music-hvac-replacement-fremont-union-high-school-district,79,yes,results,construction,https://www.bidthebay.com/construction-project-details/homestead-high-school-music-hvac-replacement-fremont-union-high-school-district/r/recEFcbtKOSYf9MyG,2026-06-08T18:56:36-07:00,214,no,,recently_closed,no
recEFi18fV3H9rxn7,Pavement Repairs at Various Locations,City of Walnut Creek,Contra Costa,Walnut Creek,Closed,construction,pavement-repairs-at-various-locations-city-of-walnut-creek,58,yes,results,construction,https://www.bidthebay.com/construction-project-details/pavement-repairs-at-various-locations-city-of-walnut-creek/r/recEFi18fV3H9rxn7,2026-08-14T00:01:49-07:00,278,no,,recently_closed,no
recEIAwrwwEUomiqw,On-Call Engineering Design & City Engineer Support Consultant Services,City of Emeryville,Alameda,Emeryville,Open,professional services,on-call-engineering-design-engineer-support-emeryville,54,yes,open,professional services,https://www.bidthebay.com/professional-services-project-details/on-call-engineering-design-engineer-support-emeryville/r/recEIAwrwwEUomiqw,2026-09-09T22:35:29-07:00,318,no,,open_solicitation,no
recEJCW9TXYBKbgHw,Well 16 Hexavalent Chromium Treatment Facility,City of Vacaville,Solano,Vacaville,Closed,construction,well-16-hexavalent-chromium-treatment-facility-city-of-vacaville,64,yes,results,construction,https://www.bidthebay.com/construction-project-details/well-16-hexavalent-chromium-treatment-facility-city-of-vacaville/r/recEJCW9TXYBKbgHw,2026-07-27T01:59:12-07:00,652,yes,,award_results,no
recELtuwlpsymVf6M,Fire Station 1 Kitchen Renovation,City of Milpitas,Santa Clara,Milpitas,Closed,construction,fire-station-1-kitchen-renovation-city-of-milpitas,50,yes,results,construction,https://www.bidthebay.com/construction-project-details/fire-station-1-kitchen-renovation-city-of-milpitas/r/recELtuwlpsymVf6M,2026-07-09T11:57:41-07:00,1196,yes,,award_results,no
recEOQkle6uHjLZ7b,On-Call Precast Concrete Sound Wall Repairs and Maintenance,City of Antioch,Contra Costa,Antioch ,Closed,construction,on-call-precast-concrete-sound-wall-repairs-and-maintenance-city-of-antioch,75,no,,,,2026-04-11T10:49:20-07:00,518,no,,closed_stale_no_results,no
recES2yuPH2ZmsfWS,Sport Court Resurfacing Project,City and County of San Francisco,San Francisco,San Francisco,Closed,construction,sport-court-resurfacing-project-city-and-county-of-san-francisco,64,no,,,,2026-04-11T10:49:20-07:00,151,no,,closed_stale_no_results,no
recETmUhnAGqbTdJg,On-Call Construction Management Services for the Pavement Management Program,County of Marin,Marin,San Rafael,Closed,professional services,on-call-construction-management-services-for-the-pavement-management-program-county-of-marin,92,yes,results,professional services,https://www.bidthebay.com/professional-services-project-details/on-call-construction-management-services-for-the-pavement-management-program-county-of-marin/r/recETmUhnAGqbTdJg,2026-08-05T00:04:11-07:00,479,no,,recently_closed,no
recEVpICwkmlkgUiu,Driveway Repairs at Incerpi and Cuhna Residences,Midpeninsula Regional Open Space District,San Mateo,Los Altos / La Honda,Closed,construction,driveway-repairs-at-incerpi-and-cuhna-residences-midpeninsula-regional-open-space-district,90,yes,results,construction,https://www.bidthebay.com/construction-project-details/driveway-repairs-at-incerpi-and-cuhna-residences-midpeninsula-regional-open-space-district/r/recEVpICwkmlkgUiu,2026-05-14T17:04:15-07:00,322,no,,recently_closed,no
recEX9l3YPrwy9lbK,Architectural Design Services for Facility Improvement Projects,San Mateo County Office of Education,San Mateo,San Mateo,Closed,professional services,architectural-design-services-for-facility-improvement-projects-san-mateo-county-office-of-education,100,yes,results,professional services,https://www.bidthebay.com/professional-services-project-details/architectural-design-services-for-facility-improvement-projects-san-mateo-county-office-of-education/r/recEX9l3YPrwy9lbK,2026-08-26T00:05:08-07:00,842,no,,recently_closed,no
recEaNPxOXeLndOHi,CHP Hayward Area office - Roof Maintenance Services,California Highway Patrol,Alameda,Hayward,Closed,construction,chp-hayward-area-office-roof-maintenance-services-california-highway-patrol,75,yes,results,construction,https://www.bidthebay.com/construction-project-details/chp-hayward-area-office-roof-maintenance-services-california-highway-patrol/r/recEaNPxOXeLndOHi,2026-08-11T02:23:56-07:00,159,no,,recently_closed,no
recEaSGZP9Fkl0WPd,Utility Capping and Concrete Services in San Mateo County,California Department of Transportation (Caltrans),San Mateo,Woodside,Closed,construction,utility-capping-and-concrete-services-in-san-mateo-county-cal-trans-district-4,78,yes,results,construction,https://www.bidthebay.com/construction-project-details/utility-capping-and-concrete-services-in-san-mateo-county-cal-trans-district-4/r/recEaSGZP9Fkl0WPd,2026-09-07T15:49:52-07:00,338,no,,recently_closed,no
recEaXhG6FlLCz1Sp,Plymovent System Repair Services,California Department of Forestry and Fire Protection (CAL FIRE),Napa,Napa,Closed,construction,plymovent-system-repair-services-california-department-of-forestry-and-fire-protection,86,no,,,,2026-09-07T11:37:47-07:00,223,no,,closed_stale_no_results,no
recEdidmjouIk3JbB,On-Call Contract for Construction Projects (2026-2028),Las Gallinas Valley Sanitary District,Marin,San Rafael,Closed,construction,on-call-contract-for-construction-projects-2026-2028-las-gallinas-valley-sanitary-district,90,yes,results,construction,https://www.bidthebay.com/construction-project-details/on-call-contract-for-construction-projects-2026-2028-las-gallinas-valley-sanitary-district/r/recEdidmjouIk3JbB,2026-07-15T04:00:51-07:00,130,yes,,award_results,no
recEfs4ZrKh2OWPxc,Montebello Vista Park Revitalization Project,City of Suisun City,Solano,Suisun City,Closed,construction,montebello-vista-park-revitalization-project-city-of-suisun-city,64,yes,results,construction,https://www.bidthebay.com/construction-project-details/montebello-vista-park-revitalization-project-city-of-suisun-city/r/recEfs4ZrKh2OWPxc,2026-05-06T17:07:49-07:00,379,no,,recently_closed,no
recEjLWMI4kVsL48D,Wool Creek PIP Replacement - Rebid,Santa Clara County Office of Education,Santa Clara,San Jose,Closed,construction,wool-creek-pip-replacement-rebid-santa-clara-county-office-of-education,71,yes,results,construction,https://www.bidthebay.com/construction-project-details/wool-creek-pip-replacement-rebid-santa-clara-county-office-of-education/r/recEjLWMI4kVsL48D,2026-05-08T04:10:58-07:00,551,yes,,award_results,no
recEjf0u71gU6zyV2,Citywide Striping - Phase 1,City of Napa,Napa,Napa ,Closed,construction,citywide-striping-phase-1-city-of-napa,38,yes,results,construction,https://www.bidthebay.com/construction-project-details/citywide-striping-phase-1-city-of-napa/r/recEjf0u71gU6zyV2,2026-06-25T00:00:47-07:00,138,no,,recently_closed,no
recEjgN3SPMU59dSw,Sanitary Sewer Master Plan Update,City of San Mateo,San Mateo,San Mateo,Closed,professional services,sanitary-sewer-master-plan-update-city-of-san-mateo,51,yes,results,professional services,https://www.bidthebay.com/professional-services-project-details/sanitary-sewer-master-plan-update-city-of-san-mateo/r/recEjgN3SPMU59dSw,2026-07-10T04:13:18-07:00,740,no,,recently_closed,no
recEkBWlaivb5RAFR,Lagunitas Creek Coho Habitat Enhancement Project – Phase 1C,Marin Water (Marin Municipal Water District),Marin,Lagunitas,Closed,construction,lagunitas-creek-coho-habitat-enhancement-project-phase-1c-marin-water,69,yes,results,construction,https://www.bidthebay.com/construction-project-details/lagunitas-creek-coho-habitat-enhancement-project-phase-1c-marin-water/r/recEkBWlaivb5RAFR,2026-09-07T11:37:33-07:00,373,yes,,award_results,no
recElo8C1Qeoc0ynY,Adeline Maintenance Center Facilities Roofing Inspection,East Bay Municipal Utility District,Alameda,Oakland,Closed,professional services,adeline-maintenance-center-facilities-roofing-inspection-east-bay-municipal-utility-district,92,yes,results,professional services,https://www.bidthebay.com/professional-services-project-details/adeline-maintenance-center-facilities-roofing-inspection-east-bay-municipal-utility-district/r/recElo8C1Qeoc0ynY,2026-08-13T00:01:40-07:00,301,no,,recently_closed,no
recEnjLIIgi72eo33,Pathways Support Center at Las Positas College ,Chabot Las Positas Community College District,Alameda,Livermore,Closed,construction,pathways-support-center-at-las-positas-college-chabot-las-positas-community-college-district,92,yes,results,construction,https://www.bidthebay.com/construction-project-details/pathways-support-center-at-las-positas-college-chabot-las-positas-community-college-district/r/recEnjLIIgi72eo33,2026-08-25T10:21:55-07:00,233,yes,,award_results,no
recEo7fy1vCCFPRBn,"On Call Hazardous Material Abatement, Testing, Inspection, and Industrial Hygienist Services",County of Marin,Marin,Marin County,Closed,professional services,on-call-hazardous-material-abatement-testing-inspection-and-industrial-hygienist-services-county-of-marin,105,no,,,,2026-03-24T07:34:29-07:00,386,no,,closed_stale_no_results,no
recEouTczOEeojBiF,Guadalupe Yard CCTV System Upgrade,Santa Clara Valley Transportation Authority,Santa Clara,San Jose,Closed,construction,guadalupe-yard-cctv-system-upgrade-santa-clara-valley-transportation-authority,78,yes,results,construction,https://www.bidthebay.com/construction-project-details/guadalupe-yard-cctv-system-upgrade-santa-clara-valley-transportation-authority/r/recEouTczOEeojBiF,2026-07-24T00:01:46-07:00,289,no,,recently_closed,no
recEpoiRrOM3Imrhg,Water Meter Replacement and AMI Infrastructure Project,City of Rohnert Park,Sonoma,Rohnert Park,Closed,construction,water-meter-replacement-and-ami-infrastructure-project-city-of-rohnert-park,75,yes,results,construction,https://www.bidthebay.com/construction-project-details/water-meter-replacement-and-ami-infrastructure-project-city-of-rohnert-park/r/recEpoiRrOM3Imrhg,2026-07-10T09:08:53-07:00,766,yes,,award_results,no
recEr2RpOwvGr6i70,Betty Reid Soskin Buildings 100 & 300 Tenant Improvements,West Contra Costa Unified School District,Contra Costa,El Sobrante,Closed,construction,betty-reid-soskin-buildings-100-300-tenant-improvements-west-contra-costa-unified-school-district,97,yes,results,construction,https://www.bidthebay.com/construction-project-details/betty-reid-soskin-buildings-100-300-tenant-improvements-west-contra-costa-unified-school-district/r/recEr2RpOwvGr6i70,2026-05-28T00:14:48-07:00,808,no,,recently_closed,no
recEsyEkvgBxuXq7Z,Shoreway Environmental Center Site Improvement / Phasing / Costing Feasibility and Planning Study,South Bayside Waste Management Authority (RethinkWaste),San Mateo,San Carlos / Redwood City,Closed,professional services,shoreway-environmental-center-site-improvement-phasing-costing-feasibility-and-planning-study-south-bayside-waste-management-authority-rethinkwaste,147,no,,,,2026-04-23T17:12:06-07:00,374,no,,closed_stale_no_results,no
recEuDdw4MFYiMRf3,Environmental Review Services  ,City of Cupertino,Santa Clara,Cupertino ,Closed,professional services,environmental-review-services-city-of-cupertino,47,yes,results,professional services,https://www.bidthebay.com/professional-services-project-details/environmental-review-services-city-of-cupertino/r/recEuDdw4MFYiMRf3,2026-07-18T00:02:42-07:00,2271,no,,recently_closed,no
recEvZ308GfF9hWjg,San Francisco Public Library Main Library Roof Replacement,City and County of San Francisco,San Francisco,San Francisco,Closed,construction,san-francisco-public-library-main-library-roof-replacement-city-and-county-of-san-francisco,91,no,,,,2026-04-11T10:46:43-07:00,653,no,,closed_stale_no_results,no
recEwS8hrelUn6rHY,Stanley Hall 208 Faculty Office Renovation,UC Berkeley,Alameda,Berkeley,Closed,construction,stanley-hall-208-faculty-office-renovation-uc-berkeley,54,yes,results,construction,https://www.bidthebay.com/construction-project-details/stanley-hall-208-faculty-office-renovation-uc-berkeley/r/recEwS8hrelUn6rHY,2026-07-30T07:18:32-07:00,333,yes,,award_results,no
recEwisjcRy28yqtb,"Planning and Related Architectural, Engineering, and Environmental Professional Consulting Services",County of Santa Clara,Santa Clara,Various Cities,Closed,professional services,planning-and-related-architectural-engineering-and-environmental-professional-consulting-services-county-of-santa-clara,119,yes,results,professional services,https://www.bidthebay.com/professional-services-project-details/planning-and-related-architectural-engineering-and-environmental-professional-consulting-services-county-of-santa-clara/r/recEwisjcRy28yqtb,2026-06-26T08:32:40-07:00,239,no,,recently_closed,no
recEyirjGnRNBwu6l,Building 2400 & 3800 Demolition Project at Chabot College,Chabot Las Positas Community College District,Alameda,Hayward,Closed,construction,building-2400-3800-demolition-project-at-chabot-college-chabot-las-positas-community-college-district,101,yes,results,construction,https://www.bidthebay.com/construction-project-details/building-2400-3800-demolition-project-at-chabot-college-chabot-las-positas-community-college-district/r/recEyirjGnRNBwu6l,2026-03-31T11:26:28-07:00,0,yes,No description at all,award_results,no
recEyu16upkCmnPIx,On-Call Flood Prevention Contractor Services,City of East Palo Alto,San Mateo,East Palo Alto,Closed,construction,on-call-flood-prevention-contractor-services-city-of-east-palo-alto,67,no,,,,2026-04-11T10:47:48-07:00,415,no,,closed_stale_no_results,no
recEz7HSww4cYs68v,Embarcadero West Rail Safety Project - CMSS,City of Oakland,Alameda,Oakland,Open,professional services,embarcadero-west-rail-safety-project-cmss-city-of-oakland,57,yes,open,professional services,https://www.bidthebay.com/professional-services-project-details/embarcadero-west-rail-safety-project-cmss-city-of-oakland/r/recEz7HSww4cYs68v,2026-09-05T09:29:07-07:00,349,no,,open_solicitation,no
recEzhKOMdy9ukn1V,Napa County Animal Shelter Phase I Furnace Replacement,County of Napa,Napa,Napa,Closed,construction,napa-county-animal-shelter-phase-i-furnace-replacement-county-of-napa,69,yes,results,construction,https://www.bidthebay.com/construction-project-details/napa-county-animal-shelter-phase-i-furnace-replacement-county-of-napa/r/recEzhKOMdy9ukn1V,2026-09-11T07:35:02-07:00,193,yes,,award_results,no
recF1W3OWJ8IIoFBs,WWTP Electrical Improvements Phase 1 CM Services,Dublin San Ramon Services District,Alameda,Pleasanton,Open,professional services,wwtp-electrical-improvements-phase-1-cm-services-pleasanton,59,yes,open,professional services,https://www.bidthebay.com/professional-services-project-details/wwtp-electrical-improvements-phase-1-cm-services-pleasanton/r/recF1W3OWJ8IIoFBs,2026-09-11T05:33:08-07:00,738,no,,open_solicitation,no
recF1cDGdYXfqAglT,"Graffiti Abatement Services in Alameda, Contra Costa, San Francisco, San Mateo, Solano, and Marin Counties",California Department of Transportation (Caltrans),Alameda; Contra Costa; San Francisco; San Mateo; Solano; Marin,Various Cities,Closed,construction,graffiti-abatement-services-in-alameda-contra-costa-san-francisco-san-mateo-solano-and-marin-counties-cal-trans-district-4,122,yes,results,construction,https://www.bidthebay.com/construction-project-details/graffiti-abatement-services-in-alameda-contra-costa-san-francisco-san-mateo-solano-and-marin-counties-cal-trans-district-4/r/recF1cDGdYXfqAglT,2026-09-07T15:49:52-07:00,0,no,No description at all,recently_closed,no
recF1nWiKoG1GHXhQ,Patterson ES Storm Drain and Asphalt Repairs,Fremont Unified School District,Alameda,Fremont,Closed,construction,patterson-es-storm-drain-and-asphalt-repairs-fremont-unified-school-district,76,yes,results,construction,https://www.bidthebay.com/construction-project-details/patterson-es-storm-drain-and-asphalt-repairs-fremont-unified-school-district/r/recF1nWiKoG1GHXhQ,2026-07-08T09:50:47-07:00,191,yes,,award_results,no
recF3GOYNf1hdEaT0,"DW Fencing (Evergreen Valley, Mt. Pleasant, Oak Grove, Piedmont Hills High Schools)",East Side Union High School District,Santa Clara,San Jose,Closed,construction,dw-fencing-evergreen-valley-mt-pleasant-oak-grove-piedmont-hills-high-schools-east-side-union-high-school-district,114,yes,results,construction,https://www.bidthebay.com/construction-project-details/dw-fencing-evergreen-valley-mt-pleasant-oak-grove-piedmont-hills-high-schools-east-side-union-high-school-district/r/recF3GOYNf1hdEaT0,2026-03-30T11:08:08-07:00,215,yes,,award_results,no
recF49Q4a14gbLJts,Reseal Building 51 Roof-Mounted HVAC Joints on Coast Guard Island,U.S. Coast Guard,Alameda,Alameda,Open,construction,reseal-building-51-roof-mounted-hvac-joints-on-coast-guard-island-us-coast-guard,80,yes,open,construction,https://www.bidthebay.com/construction-project-details/reseal-building-51-roof-mounted-hvac-joints-on-coast-guard-island-us-coast-guard/r/recF49Q4a14gbLJts,2026-09-07T10:25:55-07:00,511,no,Open but due date passed,open_solicitation,no
recF6ehKc0Ogof9bA,On-Call General Engineering Services (GES),Marin Transit,Marin,Various,Closed,professional services,on-call-general-engineering-services-ges-marin-transit,54,yes,results,professional services,https://www.bidthebay.com/professional-services-project-details/on-call-general-engineering-services-ges-marin-transit/r/recF6ehKc0Ogof9bA,2026-08-01T00:05:07-07:00,431,no,,recently_closed,no
recF9VJvJMsa4KZeT,Wastewater Facilities Security Enhancements,San Francisco Public Utilities Commission,San Francisco,San Francisco,Closed,construction; professional services,wastewater-facilities-security-enhancements-san-francisco-public-utilities-commission,85,yes,results,construction,https://www.bidthebay.com/construction-project-details/wastewater-facilities-security-enhancements-san-francisco-public-utilities-commission/r/recF9VJvJMsa4KZeT,2026-07-22T00:01:43-07:00,373,no,,multi_category_provisional_construction,yes
recFA4ppdJAHq54aE,"Place Polyester Concrete Overlay, HMA, and Replace Joint Seals",California Department of Transportation (Caltrans),Alameda,Alameda ,Closed,construction,place-polyester-concrete-overlay-hma-and-replace-joint-seals-cal-trans-district-4,81,yes,results,construction,https://www.bidthebay.com/construction-project-details/place-polyester-concrete-overlay-hma-and-replace-joint-seals-cal-trans-district-4/r/recFA4ppdJAHq54aE,2026-09-07T15:49:52-07:00,0,yes,No description at all,award_results,no
recFAFkeE1hTc1ytf,Hot Mix Asphalt and Coldmix Cutback Material,City of Palo Alto,Santa Clara,Palo Alto,Closed,construction,hot-mix-asphalt-and-coldmix-cutback-material-city-of-palo-alto,62,yes,results,construction,https://www.bidthebay.com/construction-project-details/hot-mix-asphalt-and-coldmix-cutback-material-city-of-palo-alto/r/recFAFkeE1hTc1ytf,2026-07-16T08:41:11-07:00,1281,yes,,award_results,no
recFAq8sVJ3AzQXYN,Sonoma Tank No. 1 Recoating,Sonoma Water (Sonoma County Water Agency),Sonoma,Sonoma,Closed,construction,sonoma-tank-no-1-recoating-sonoma-water,39,yes,results,construction,https://www.bidthebay.com/construction-project-details/sonoma-tank-no-1-recoating-sonoma-water/r/recFAq8sVJ3AzQXYN,2026-09-07T11:37:33-07:00,0,yes,No description at all,award_results,no
recFDxuXZ7MYK2bj7,Building Commissioning Services for Evans Modernization,City College of San Francisco,San Francisco,San Francisco,Closed,professional services,building-commissioning-services-for-evans-modernization-city-college-of-san-francisco,85,yes,results,professional services,https://www.bidthebay.com/professional-services-project-details/building-commissioning-services-for-evans-modernization-city-college-of-san-francisco/r/recFDxuXZ7MYK2bj7,2026-04-15T05:23:15-07:00,582,no,,recently_closed,no
recFFfvQN7QHLCMW2,As-Needed Streetlight Repair Services,City of Burlingame,San Mateo,Burlingame ,Closed,construction,as-needed-streetlight-repair-services-city-of-burlingame,56,yes,results,construction,https://www.bidthebay.com/construction-project-details/as-needed-streetlight-repair-services-city-of-burlingame/r/recFFfvQN7QHLCMW2,2026-05-29T00:02:27-07:00,789,no,,recently_closed,no
recFH0Hn0Qm0O9U0b,FY 2026 Curb Ramp & Sidewalk Repair Project,City of Berkeley,Alameda,Berkeley ,Closed,construction,fy-2026-curb-ramp-sidewalk-repair-project-city-of-berkeley,58,yes,results,construction,https://www.bidthebay.com/construction-project-details/fy-2026-curb-ramp-sidewalk-repair-project-city-of-berkeley/r/recFH0Hn0Qm0O9U0b,2026-03-24T06:09:52-07:00,699,yes,,award_results,no
recFKaF4Rmia12YzS,Security Lobby Turnstiles and Gate Barrier Arms Installation,California Department of Transportation (Caltrans),Alameda,Oakland,Closed,construction,security-lobby-turnstiles-and-gate-barrier-arms-installation-cal-trans-district-4,81,no,,,,2026-09-07T15:49:52-07:00,786,no,,closed_stale_no_results,no
recFLTDC5rRAqI0iI,Sanitary Sewer Rehabilitation of Sub-Basin 85-211,City of Oakland,Alameda,Oakland,Open,construction,sanitary-sewer-rehabilitation-of-sub-basin-85-211-city-of-oakland,65,yes,open,construction,https://www.bidthebay.com/construction-project-details/sanitary-sewer-rehabilitation-of-sub-basin-85-211-city-of-oakland/r/recFLTDC5rRAqI0iI,2026-09-02T09:36:36-07:00,480,no,,open_solicitation,no
recFLmd1DHQr7KXz9,On-Call Temporary Perimeter Fencing Services,County of San Mateo,San Mateo,San Mateo,Closed,construction,on-call-temporary-perimeter-fencing-services-county-of-san-mateo,64,yes,results,construction,https://www.bidthebay.com/construction-project-details/on-call-temporary-perimeter-fencing-services-county-of-san-mateo/r/recFLmd1DHQr7KXz9,2026-05-26T03:15:33-07:00,649,no,,recently_closed,no
recFLy2HEneZB7DPA,Upper Yosemite Creek Daylighting,San Francisco Public Utilities Commission,San Francisco,San Francisco,Closed,construction,upper-yosemite-creek-daylighting-san-francisco-public-utilities-commission,74,no,,,,2026-06-27T20:31:44-07:00,251,no,,closed_stale_no_results,no
recFNFiq4d4elSYhh,Water Treatment Plant Alternative Fuel Conversion – Professional Design Services,City of Pittsburg,Contra Costa,Pittsburg,Closed,professional services,water-treatment-plant-alternative-fuel-conversion-professional-design-services-city-of-pittsburg,96,yes,results,professional services,https://www.bidthebay.com/professional-services-project-details/water-treatment-plant-alternative-fuel-conversion-professional-design-services-city-of-pittsburg/r/recFNFiq4d4elSYhh,2026-07-21T00:01:49-07:00,451,no,,recently_closed,no
recFOW2DeVwO6YvmL,8-inch Ductile Iron Water Main Replacement on Lincoln Way and Irving St. from Sunset Blvd. to 19th Ave. and on Various Side Streets,San Francisco Public Utilities Commission,San Francisco,San Francisco,Closed,construction,8-inch-ductile-iron-water-main-replacement-on-lincoln-way-and-irving-st-from-sunset-blvd-to-19th-ave-and-on-various-side-streets-san-francisco-public-utilities-commission,170,yes,results,construction,https://www.bidthebay.com/construction-project-details/8-inch-ductile-iron-water-main-replacement-on-lincoln-way-and-irving-st-from-sunset-blvd-to-19th-ave-and-on-various-side-streets-san-francisco-public-utilities-commission/r/recFOW2DeVwO6YvmL,2026-08-07T00:04:23-07:00,195,no,,recently_closed,no
recFPIInbdGMuMUl8,On-Call Electrical Engineering Services,Vallejo Flood & Wastewater District,Solano,Vallejo,Open,professional services,on-call-electrical-engineering-services-vallejo,47,yes,open,professional services,https://www.bidthebay.com/professional-services-project-details/on-call-electrical-engineering-services-vallejo/r/recFPIInbdGMuMUl8,2026-09-10T10:32:14-07:00,80,no,,open_solicitation,no
recFTpXC48wmga87f,Central Park Community Center Project,City of Fremont,Alameda,Fremont,Closed,construction,central-park-community-center-project-city-of-fremont,53,yes,results,construction,https://www.bidthebay.com/construction-project-details/central-park-community-center-project-city-of-fremont/r/recFTpXC48wmga87f,2026-03-25T23:27:57-07:00,0,yes,No description at all,award_results,no
recFUvm7SWZEjZzpJ,Prequalification - Electrical Contractors - Secondary Process Improvements Phase 1,Delta Diablo Sanitation District,Contra Costa,Antioch,Closed,construction,prequalification-electrical-contractors-secondary-process-improvements-phase-1-delta-diablo-sanitation-district,111,yes,results,construction,https://www.bidthebay.com/construction-project-details/prequalification-electrical-contractors-secondary-process-improvements-phase-1-delta-diablo-sanitation-district/r/recFUvm7SWZEjZzpJ,2026-04-22T17:07:59-07:00,1058,no,,recently_closed,no
recFVR7ZIM3NERPn8,Basketball Court Lighting,City of Brentwood,Contra Costa,Brentwood,Closed,professional services,basketball-court-lighting-city-of-brentwood,43,yes,results,professional services,https://www.bidthebay.com/professional-services-project-details/basketball-court-lighting-city-of-brentwood/r/recFVR7ZIM3NERPn8,2026-05-19T17:09:13-07:00,426,no,,recently_closed,no
recFWFpW4k2x1QMim,Vallejo Mill ES Modernization HVAC  ,Fremont Unified School District,Alameda,Fremont,Closed,construction,vallejo-mill-es-modernization-hvac-fremont-unified-school-district,66,yes,results,construction,https://www.bidthebay.com/construction-project-details/vallejo-mill-es-modernization-hvac-fremont-unified-school-district/r/recFWFpW4k2x1QMim,2026-07-08T10:07:10-07:00,0,yes,No description at all,award_results,no
recFYgosKk7WkSiVo,Thurgood Marshall High School - Water Outlets Remediation,San Francisco Unified School District,San Francisco,San Francisco,Closed,construction,thurgood-marshall-high-school-water-outlets-remediation-san-francisco-unified-school-district,93,yes,results,construction,https://www.bidthebay.com/construction-project-details/thurgood-marshall-high-school-water-outlets-remediation-san-francisco-unified-school-district/r/recFYgosKk7WkSiVo,2026-05-13T02:47:15-07:00,669,yes,,award_results,no
recFZPwXDehCGs9bJ,"Track Surfacing, Lining, and Ballast Restoration",Sonoma-Marin Area Rail Transit (SMART),Sonoma; Marin,"Sonoma, Marin, and Napa Counties, CA",Closed,construction,track-surfacing-lining-and-ballast-restoration-sonoma-marin-area-rail-transit-smart,83,yes,results,construction,https://www.bidthebay.com/construction-project-details/track-surfacing-lining-and-ballast-restoration-sonoma-marin-area-rail-transit-smart/r/recFZPwXDehCGs9bJ,2026-08-11T09:33:06-07:00,361,yes,,award_results,no
recFZTHU5ipMankR2,Fiesta Gardens/Turnbull Child Development Center – Fire Alarm Upgrade Project,San Mateo-Foster City School District,San Mateo,Foster City,Closed,construction,fiesta-gardens-turnbull-child-development-center-fire-alarm-upgrade-project-san-mateo-foster-city-school-district,113,yes,results,construction,https://www.bidthebay.com/construction-project-details/fiesta-gardens-turnbull-child-development-center-fire-alarm-upgrade-project-san-mateo-foster-city-school-district/r/recFZTHU5ipMankR2,2026-05-12T17:01:07-07:00,208,no,,recently_closed,no
recFaKcgcCFrqQ48K,Pump Station Fire Hardening Improvement Project,Marin Water (Marin Municipal Water District),Marin,Marin,Closed,construction,pump-station-fire-hardening-improvement-project-marin-water,59,yes,results,construction,https://www.bidthebay.com/construction-project-details/pump-station-fire-hardening-improvement-project-marin-water/r/recFaKcgcCFrqQ48K,2026-09-07T11:37:33-07:00,219,no,,recently_closed,no
recFbVjAJ0z4las3N,Terminal 3 West Modernization - TP 80 - Demolition (East Addition Only),San Francisco International Airport,San Mateo,San Francisco,Closed,construction,terminal-3-west-modernization-tp-80-demolition-east-addition-only-san-francisco-international-airport-sfo,105,yes,results,construction,https://www.bidthebay.com/construction-project-details/terminal-3-west-modernization-tp-80-demolition-east-addition-only-san-francisco-international-airport-sfo/r/recFbVjAJ0z4las3N,2026-09-07T10:43:39-07:00,361,no,,recently_closed,no
recFcwQuRLnxtBO7Y,2026 Pavement Maintenance Phase 2,City of Cupertino,Santa Clara,Cupertino ,Closed,construction,2026-pavement-maintenance-phase-2-city-of-cupertino,51,yes,results,construction,https://www.bidthebay.com/construction-project-details/2026-pavement-maintenance-phase-2-city-of-cupertino/r/recFcwQuRLnxtBO7Y,2026-05-12T05:43:57-07:00,154,yes,,award_results,no
recFdcZezKdbLuUgP,Citywide Concrete Grinding and Shaving City Project,City of Vallejo,Solano,Vallejo ,Closed,construction,citywide-concrete-grinding-and-shaving-city-project-city-of-vallejo,67,yes,results,construction,https://www.bidthebay.com/construction-project-details/citywide-concrete-grinding-and-shaving-city-project-city-of-vallejo/r/recFdcZezKdbLuUgP,2026-03-24T09:05:32-07:00,1527,yes,,award_results,no
recFgEPptP7Tn7we6,Chadbourne Carriage House Wood Shingle Roof  Replacement,City of Fremont,Alameda,Fremont,Closed,construction,chadbourne-carriage-house-roof-replacement-project-city-of-fremont,66,yes,results,construction,https://www.bidthebay.com/construction-project-details/chadbourne-carriage-house-roof-replacement-project-city-of-fremont/r/recFgEPptP7Tn7we6,2026-09-10T09:11:13-07:00,0,yes,No description at all,award_results,no
recFhlgFpS0C4Ih8b,On-Call Construction Services for Sewer and Stormwater,Vallejo Flood and Wastewater District,Solano,Vallejo,Closed,construction,on-call-construction-services-for-sewer-and-stormwater-vallejo-flood-wastewater-district,88,no,,,,2026-09-07T11:36:49-07:00,285,no,,closed_stale_no_results,no
recFigOHhJ4ZsfLbS,On-Call Airport Pavement Engineering Design Services ,Port of Oakland,Alameda,Oakland,Closed,professional services,on-call-airport-pavement-engineering-design-services-port-of-oakland,68,no,,,,2026-04-11T10:48:27-07:00,545,no,,closed_stale_no_results,no
recFiwo4xjqkDO25J,Shatterproof Window Film & Installation,City of Milpitas,Santa Clara,Milpitas,Closed,construction,shatterproof-window-film-installation-city-of-milpitas,54,yes,results,construction,https://www.bidthebay.com/construction-project-details/shatterproof-window-film-installation-city-of-milpitas/r/recFiwo4xjqkDO25J,2026-09-02T00:04:28-07:00,1007,no,,recently_closed,no
recFlUmqzdSzHkfYj,Canceled: Preventative Maintenance for Department of Environmental Services' Surveillance and Security System,City of San Jose,Santa Clara,San Jose,Closed,construction,canceled-preventative-maintenance-for-department-of-environmental-services-surveillance-and-security-system-city-of-san-jose,124,yes,results,construction,https://www.bidthebay.com/construction-project-details/canceled-preventative-maintenance-for-department-of-environmental-services-surveillance-and-security-system-city-of-san-jose/r/recFlUmqzdSzHkfYj,2026-07-16T02:57:04-07:00,172,no,,recently_closed,no
recFoGPA4yziY22RY,SCCOE Classroom Flooring (Multiple Sites) ,Santa Clara County Office of Education,Santa Clara,San Jose,Closed,construction,sccoe-classroom-flooring-multiple-sites-santa-clara-county-office-of-education,78,yes,results,construction,https://www.bidthebay.com/construction-project-details/sccoe-classroom-flooring-multiple-sites-santa-clara-county-office-of-education/r/recFoGPA4yziY22RY,2026-08-18T11:16:15-07:00,235,yes,,award_results,no
recFovUzd1U5BZ14f,DM FY23 Hearst Field Annex Switchgear Replacement,UC Berkeley,Alameda,Berkeley,Closed,construction,dm-fy23-hearst-field-annex-switchgear-replacement-uc-berkeley,61,yes,results,construction,https://www.bidthebay.com/construction-project-details/dm-fy23-hearst-field-annex-switchgear-replacement-uc-berkeley/r/recFovUzd1U5BZ14f,2026-06-01T01:37:13-07:00,526,yes,,award_results,no
recFpH3APv9hqA8AO,Professional A&E Services for the New Operations Control Center at VTA Almaden Headquarters,Santa Clara Valley Transportation Authority,Santa Clara,San Jose,Closed,professional services,professional-a-e-services-for-the-new-operations-control-center-at-vta-almaden-headquarters-santa-clara-valley-transportation-authority,135,yes,results,professional services,https://www.bidthebay.com/professional-services-project-details/professional-a-e-services-for-the-new-operations-control-center-at-vta-almaden-headquarters-santa-clara-valley-transportation-authority/r/recFpH3APv9hqA8AO,2026-07-30T08:29:02-07:00,929,no,,recently_closed,no
recFqqaykwcEWeC1C,2026 Major Streets Resurfacing #2,City of San Jose,Santa Clara,San Jose,Closed,construction,2026-major-streets-resurfacing-2-city-of-san-jose,49,yes,results,construction,https://www.bidthebay.com/construction-project-details/2026-major-streets-resurfacing-2-city-of-san-jose/r/recFqqaykwcEWeC1C,2026-06-05T08:24:51-07:00,134,yes,,award_results,no
recFsT9f30UuQcaqm,Design Services for Electrical Upgrades - Main Switchboard Assembly,Town of Windsor,Sonoma,Windsor,Closed,professional services,design-services-for-electrical-upgrades-main-switchboard-assembly-town-of-windsor,81,no,,,,2026-03-24T07:42:07-07:00,357,no,,closed_stale_no_results,no
recFsik6qEvi0isyO,Martinelli Center Carpet Replacement,County of Alameda  ,Alameda,Livermore,Closed,construction,martinelli-center-carpet-replacement-county-of-alameda,54,yes,results,construction,https://www.bidthebay.com/construction-project-details/martinelli-center-carpet-replacement-county-of-alameda/r/recFsik6qEvi0isyO,2026-05-12T17:01:04-07:00,454,no,,recently_closed,no
recFsu68RN7nNbSCt,"As-Needed Public Works Construction Services (Signals/Lighting, Concrete/Paving, Signs/Markings)",City of South San Francisco,San Mateo,South San Francisco,Closed,construction,as-needed-public-works-construction-services-signals-lighting-concrete-paving-signs-markings-city-of-south-san-francisco,120,yes,results,construction,https://www.bidthebay.com/construction-project-details/as-needed-public-works-construction-services-signals-lighting-concrete-paving-signs-markings-city-of-south-san-francisco/r/recFsu68RN7nNbSCt,2026-06-26T21:58:57-07:00,1232,no,,recently_closed,no
recFtYizIaFO3SGGm,Corporation Yard Electric Vehicle Charging Stations Project,City of San Mateo,San Mateo,San Mateo,Closed,construction,corporation-yard-electric-vehicle-charging-stations-project-city-of-san-mateo,77,yes,results,construction,https://www.bidthebay.com/construction-project-details/corporation-yard-electric-vehicle-charging-stations-project-city-of-san-mateo/r/recFtYizIaFO3SGGm,2026-07-03T00:04:54-07:00,172,no,,recently_closed,no
recFtdWlmuexzPPGW,Install Midwest Guardrail System – Sonoma County,California Department of Transportation (Caltrans),Sonoma,Petaluma,Closed,construction,install-midwest-guardrail-system-sonoma-county-cal-trans-district-4,67,no,,,,2026-09-07T15:49:52-07:00,159,no,,closed_stale_no_results,no
recFvYI96KxTll0y9,Design-Build Services for the Terminal Electrical Upgrade Project,San Francisco International Airport,San Francisco,San Francisco,Closed,construction,design-build-services-for-the-terminal-electrical-upgrade-project-san-francisco-international-airport-sfo,105,yes,results,construction,https://www.bidthebay.com/construction-project-details/design-build-services-for-the-terminal-electrical-upgrade-project-san-francisco-international-airport-sfo/r/recFvYI96KxTll0y9,2026-09-07T10:40:24-07:00,1354,no,,recently_closed,no
recFxPQpZuGBVx09P,Park Street Transit Signal Priority and Signal Optimization Project,Alameda-Contra Costa Transit District (AC Transit),Alameda,Alameda,Closed,construction,park-street-transit-signal-priority-and-signal-optimization-project-alameda-contra-costa-transit-district-ac-transit,116,yes,results,construction,https://www.bidthebay.com/construction-project-details/park-street-transit-signal-priority-and-signal-optimization-project-alameda-contra-costa-transit-district-ac-transit/r/recFxPQpZuGBVx09P,2026-08-11T09:19:50-07:00,261,yes,,award_results,no
recFxX2d0sUHJNl6J,Treasure Island E1.2 Bid GMP Select Trades,City and County of San Francisco,San Francisco,San Francisco,Closed,construction,treasure-island-e1-2-bid-gmp-select-trades-city-and-county-of-san-francisco,75,yes,results,construction,https://www.bidthebay.com/construction-project-details/treasure-island-e1-2-bid-gmp-select-trades-city-and-county-of-san-francisco/r/recFxX2d0sUHJNl6J,2026-08-20T00:04:00-07:00,353,no,,recently_closed,no
recFxk57g8d3jTraJ,"2,000 Tons of Type 3 Railroad Ballast",Sonoma-Marin Area Rail Transit (SMART),Sonoma; Marin,"Fulton, Petaluma, Novato",Closed,construction,2-000-tons-of-type-3-railroad-ballast-sonoma-marin-area-rail-transit-smart,74,yes,results,construction,https://www.bidthebay.com/construction-project-details/2-000-tons-of-type-3-railroad-ballast-sonoma-marin-area-rail-transit-smart/r/recFxk57g8d3jTraJ,2026-08-11T09:33:51-07:00,1208,yes,,award_results,no
recFyKUMk5U6yNC4n,1925 Courtyard Connection,UC Berkeley,Alameda,Berkeley,Closed,professional services,1925-courtyard-connection-uc-berkeley,37,yes,results,professional services,https://www.bidthebay.com/professional-services-project-details/1925-courtyard-connection-uc-berkeley/r/recFyKUMk5U6yNC4n,2026-07-15T00:02:49-07:00,1915,no,,recently_closed,no
recFz0XBxTCbkO0KW,Spreckels Wetland Debris Removal,Santa Clara Valley Open Space Authority,Santa Clara,San Jose,Closed,construction,spreckels-wetland-debris-removal-santa-clara-valley-open-space-authority,72,yes,results,construction,https://www.bidthebay.com/construction-project-details/spreckels-wetland-debris-removal-santa-clara-valley-open-space-authority/r/recFz0XBxTCbkO0KW,2026-05-01T17:02:02-07:00,305,no,,recently_closed,no
recG0N2J7Yx6kFu5V,Design-Build Services for Martin Luther King Jr. Neighborhood Park and Trail and Bayer Neighborhood Park Natural Play Area Renovation, City of Santa Rosa,Sonoma,Santa Rosa,Closed,construction; professional services,design-build-services-for-martin-luther-king-jr-neighborhood-park-and-trail-and-bayer-neighborhood-park-natural-play-area-renovation-city-of-santa-rosa,151,yes,results,construction,https://www.bidthebay.com/construction-project-details/design-build-services-for-martin-luther-king-jr-neighborhood-park-and-trail-and-bayer-neighborhood-park-natural-play-area-renovation-city-of-santa-rosa/r/recG0N2J7Yx6kFu5V,2026-04-28T17:07:08-07:00,204,no,,multi_category_provisional_construction,yes
recG0lYI9l4iGFCMl,Wavecrest Road Water Line Project,City of Half Moon Bay,San Mateo,Half Moon Bay,Closed,construction,wavecrest-road-water-line-project-city-of-half-moon-bay,55,yes,results,construction,https://www.bidthebay.com/construction-project-details/wavecrest-road-water-line-project-city-of-half-moon-bay/r/recG0lYI9l4iGFCMl,2026-07-09T00:02:33-07:00,249,no,,recently_closed,no
recG1KdzdF2o7sTKV,PE Boiler Controls Retrofit,Contra Costa Community College District,Contra Costa,Pittsburg,Closed,construction,pe-boiler-controls-retrofit-contra-costa-community-college-district,67,yes,results,construction,https://www.bidthebay.com/construction-project-details/pe-boiler-controls-retrofit-contra-costa-community-college-district/r/recG1KdzdF2o7sTKV,2026-08-21T07:00:29-07:00,170,yes,,award_results,no
recG2OzWyhxfYwXWN,Senior Center Roof Improvements,City of San Mateo,San Mateo,San Mateo,Closed,construction,senior-center-roof-improvements-city-of-san-mateo,49,yes,results,construction,https://www.bidthebay.com/construction-project-details/senior-center-roof-improvements-city-of-san-mateo/r/recG2OzWyhxfYwXWN,2026-07-10T04:16:50-07:00,106,no,,recently_closed,no
recG2iA5Uw78jDQdQ,Botanical Garden Paving – MLBE,City and County of San Francisco,San Francisco,San Francisco,Closed,construction,botanical-garden-paving-mlbe-city-and-county-of-san-francisco,61,yes,results,construction,https://www.bidthebay.com/construction-project-details/botanical-garden-paving-mlbe-city-and-county-of-san-francisco/r/recG2iA5Uw78jDQdQ,2026-09-11T00:02:09-07:00,146,no,,recently_closed,no
recG67tWUJzfIQfJU,UCB Bancroft Student Housing Building BP #10.1 - Interior Architectural Woodwork,UC Berkeley,Alameda,Berkeley,Closed,construction,ucb-bancroft-student-housing-building-bp-10-1-interior-architectural-woodwork-uc-berkeley,89,yes,results,construction,https://www.bidthebay.com/construction-project-details/ucb-bancroft-student-housing-building-bp-10-1-interior-architectural-woodwork-uc-berkeley/r/recG67tWUJzfIQfJU,2026-09-03T07:41:45-07:00,264,yes,,award_results,no
recG6DigJMtmO8qzT,Master Agreement for Owner's Advisor Services for the Pump Stations Improvements Phase 1 Project,City of San Jose,Santa Clara,San Jose,Closed,professional services,master-agreement-for-owner-s-advisor-services-for-the-pump-stations-improvements-phase-1-project-city-of-san-jose,113,yes,results,professional services,https://www.bidthebay.com/professional-services-project-details/master-agreement-for-owner-s-advisor-services-for-the-pump-stations-improvements-phase-1-project-city-of-san-jose/r/recG6DigJMtmO8qzT,2026-07-07T00:01:46-07:00,347,no,,recently_closed,no
recG6J6dzxtC6Ez5p,Land Surveying Services at Various School Sites,Oakland Unified School District,Alameda,Oakland,Closed,professional services,land-surveying-services-at-various-school-sites-oakland-unified-school-district,79,yes,results,professional services,https://www.bidthebay.com/professional-services-project-details/land-surveying-services-at-various-school-sites-oakland-unified-school-district/r/recG6J6dzxtC6Ez5p,2026-04-30T17:08:23-07:00,458,no,,recently_closed,no
recG6v4og3Eg2Bkb1,Artificial Turf Installation Services for Preschool Play Areas,Mountain View Whisman School District,Santa Clara,Mountain View ,Closed,construction,artificial-turf-installation-services-for-preschool-play-areas-mountain-view-whisman-school-district,100,no,,,,2026-05-22T17:56:08-07:00,265,no,,closed_stale_no_results,no
recG7LaGWK0h1JQaM,Playground Equipment Project for Ages 2-5 and 5-12,Dixon Unified School District,Solano,Dixon,Closed,construction,playground-equipment-project-for-ages-2-5-and-5-12-dixon-unified-school-district,80,yes,results,construction,https://www.bidthebay.com/construction-project-details/playground-equipment-project-for-ages-2-5-and-5-12-dixon-unified-school-district/r/recG7LaGWK0h1JQaM,2026-09-11T00:02:07-07:00,978,no,,recently_closed,no
recG8VBocd4A7zyGS,Sir Francis Drake Blvd MP 20.28 Landslide Repair,County of Marin,Marin, San Rafael,Closed,construction,sir-francis-drake-blvd-mp-20-28-landslide-repair-county-of-marin,64,yes,results,construction,https://www.bidthebay.com/construction-project-details/sir-francis-drake-blvd-mp-20-28-landslide-repair-county-of-marin/r/recG8VBocd4A7zyGS,2026-06-05T00:04:50-07:00,439,no,,recently_closed,no
recG9Xe7Y0kCPmAJp,Affordable Housing Development of Two City-Owned Sites,City of San Jose,Santa Clara,San Jose,Closed,construction,affordable-housing-development-of-two-city-owned-sites-city-of-san-jose,71,no,,,,2026-03-24T08:40:35-07:00,471,no,,closed_stale_no_results,no
recGA5QwEjZeVzTFB,Citywide Curb Ramps 2026-2027,City of Oakland,Alameda,Oakland,Closed,construction,citywide-curb-ramps-2026-2027-city-of-oakland,45,yes,results,construction,https://www.bidthebay.com/construction-project-details/citywide-curb-ramps-2026-2027-city-of-oakland/r/recGA5QwEjZeVzTFB,2026-05-07T17:01:08-07:00,896,no,,recently_closed,no
recGESPG0rAgJdkTZ,South Berkeley Senior Center – Water Heater Replacement,City of Berkeley,Alameda,Berkeley,Closed,construction,south-berkeley-senior-center-water-heater-replacement-city-of-berkeley,70,no,,,,2026-03-28T10:02:09-07:00,498,no,,closed_stale_no_results,no
recGF7I6FSuLs1xk6,As-Needed Agreements for Construction Services - Architecture Section,San Francisco International Airport,San Francisco,San Francisco,Closed,construction,as-needed-agreements-for-construction-services-architecture-section-san-francisco-international-airport-sfo,107,yes,results,construction,https://www.bidthebay.com/construction-project-details/as-needed-agreements-for-construction-services-architecture-section-san-francisco-international-airport-sfo/r/recGF7I6FSuLs1xk6,2026-09-07T10:40:08-07:00,1055,no,,recently_closed,no
recGFkxiLSLiOWHCE,Districtwide Irrigation System Replacement Project,San Mateo County Community College District,San Mateo,San Mateo,Closed,construction,districtwide-irrigation-system-replacement-project-san-mateo-county-community-college-district,94,yes,results,construction,https://www.bidthebay.com/construction-project-details/districtwide-irrigation-system-replacement-project-san-mateo-county-community-college-district/r/recGFkxiLSLiOWHCE,2026-06-02T00:03:46-07:00,419,no,,recently_closed,no
recGFs0clygceZbZj,Adams Middle School Campus-Wide Cellular Coverage,Brentwood Union School District,Contra Costa,Brentwood,Open,construction,adams-middle-school-campus-wide-cellular-coverage-brentwood,59,yes,open,construction,https://www.bidthebay.com/construction-project-details/adams-middle-school-campus-wide-cellular-coverage-brentwood/r/recGFs0clygceZbZj,2026-09-10T12:22:01-07:00,184,no,,open_solicitation,no
recGHGqZHnzkp69h3,Rejected: DM FY23 Soda Hall Building Automation Controls Replacement,UC Berkeley,Alameda,Berkeley ,Closed,construction,rejected-dm-fy23-soda-hall-building-automation-controls-replacement-uc-berkeley,79,no,,,,2026-06-27T20:24:10-07:00,366,no,,closed_stale_no_results,no
recGLQgTHqLl6Nabp,SFO Boarding Area F Refresh Project - TP 02 - Core Trade Design Build - Electrical & Special Systems,San Francisco International Airport,San Mateo,San Francisco,Closed,construction; professional services,sfo-boarding-area-f-refresh-tp-02-core-trade-san-francisco,58,yes,results,construction,https://www.bidthebay.com/construction-project-details/sfo-boarding-area-f-refresh-tp-02-core-trade-san-francisco/r/recGLQgTHqLl6Nabp,2026-09-10T00:02:11-07:00,1806,no,,multi_category_provisional_construction,yes
recGLzyuWFVtX7AmU,Soscol Avenue Rehabilitation,City of Napa,Napa,Napa,Closed,construction,soscol-avenue-rehabilitation-city-of-napa,41,yes,results,construction,https://www.bidthebay.com/construction-project-details/soscol-avenue-rehabilitation-city-of-napa/r/recGLzyuWFVtX7AmU,2026-07-09T11:53:53-07:00,174,yes,,award_results,no
recGO0SKWghkn88n7,Warehouse Walk-in “Freezer B” Mechanical Retrofit - Rebid ,Hayward Unified School District,Alameda,Hayward,Closed,construction,warehouse-walk-in-freezer-b-mechanical-retrofit-rebid-hayward-unified-school-district,85,yes,results,construction,https://www.bidthebay.com/construction-project-details/warehouse-walk-in-freezer-b-mechanical-retrofit-rebid-hayward-unified-school-district/r/recGO0SKWghkn88n7,2026-05-21T05:04:41-07:00,186,yes,,award_results,no
recGOduAFltL8ft3l,Flooring Services in Napa and Sonoma Counties,California Department of Transportation (Caltrans),Napa; Sonoma,Napa / North Bay region,Closed,construction,flooring-services-in-napa-and-sonoma-counties-cal-trans-district-4,66,yes,results,construction,https://www.bidthebay.com/construction-project-details/flooring-services-in-napa-and-sonoma-counties-cal-trans-district-4/r/recGOduAFltL8ft3l,2026-09-07T15:49:52-07:00,216,no,,recently_closed,no
recGPK3GZV4Xy4awE,Valley Vista Public Waldorf New TK Project,Petaluma City Schools,Sonoma,Petaluma,Closed,construction; professional services,valley-vista-public-waldorf-new-tk-project-petaluma-city-schools,64,yes,results,construction,https://www.bidthebay.com/construction-project-details/valley-vista-public-waldorf-new-tk-project-petaluma-city-schools/r/recGPK3GZV4Xy4awE,2026-06-03T00:06:59-07:00,556,no,,multi_category_provisional_construction,yes
recGPkNeIpQMbEaFo,Architectural and Engineering Services for the Reconstruction of City of Richmond Fire Station No. 66,City of Richmond,Contra Costa,Richmond,Closed,professional services,architectural-and-engineering-services-for-the-reconstruction-of-city-of-richmond-fire-station-no-66-city-of-richmond,117,yes,results,professional services,https://www.bidthebay.com/professional-services-project-details/architectural-and-engineering-services-for-the-reconstruction-of-city-of-richmond-fire-station-no-66-city-of-richmond/r/recGPkNeIpQMbEaFo,2026-04-11T10:49:50-07:00,543,no,,recently_closed,no
recGTQ7CYFZCzJyGH,PH HSIR FY27 ADA Transition Plan,University of California San Francisco,San Francisco,San Francisco,Open,professional services,ph-hsir-fy27-ada-transition-plan-university-of-california-san-francisco,71,yes,open,professional services,https://www.bidthebay.com/professional-services-project-details/ph-hsir-fy27-ada-transition-plan-university-of-california-san-francisco/r/recGTQ7CYFZCzJyGH,2026-09-03T10:19:34-07:00,977,no,,open_solicitation,no
recGUEzBCVEBEUeEs,2026 Culvert Replacement Project,City of Sausalito,Marin,Sausalito,Closed,professional services,2026-culvert-replacement-project-city-of-sausalito,50,no,,,,2026-04-11T10:47:36-07:00,561,no,,closed_stale_no_results,no
recGXBGnqRpU7XU3R,Distribution System Leak Detection Services,City of Benicia,Solano,Benicia ,Closed,professional services,distribution-system-leak-detection-services-city-of-benicia,59,no,,,,2026-03-30T10:03:39-07:00,735,no,,closed_stale_no_results,no
recGZVaW8i91qtoc8,Storm Drain Inspection Services,County of Santa Clara,Santa Clara,Various Cities,Closed,professional services,storm-drain-inspection-services-county-of-santa-clara,53,yes,results,professional services,https://www.bidthebay.com/professional-services-project-details/storm-drain-inspection-services-county-of-santa-clara/r/recGZVaW8i91qtoc8,2026-06-26T08:32:55-07:00,115,no,,recently_closed,no
recGZuOyiZ6pU65F8,UCB EHCP – Increment 1.1 – WP-01: MR Site Utilities  ,UC Berkeley,Alameda,Berkeley,Closed,construction,ucb-ehcp-increment-1-1-wp-01-mr-site-utilities-uc-berkeley,58,yes,results,construction,https://www.bidthebay.com/construction-project-details/ucb-ehcp-increment-1-1-wp-01-mr-site-utilities-uc-berkeley/r/recGZuOyiZ6pU65F8,2026-07-10T11:55:43-07:00,1172,yes,,award_results,no
recGamIuifOHSSLzA,Central Kitchen Freezer Upgrade Project,Sequoia Union High School District,San Mateo, Redwood City,Closed,construction,central-kitchen-freezer-upgrade-project-sequoia-union-high-school-district,74,yes,results,construction,https://www.bidthebay.com/construction-project-details/central-kitchen-freezer-upgrade-project-sequoia-union-high-school-district/r/recGamIuifOHSSLzA,2026-07-08T21:45:48-07:00,247,no,,recently_closed,no
recGcCuzrKaOe1gw3,Sanitary Sewer Condition Assessment FY 2025-2026 Package IV,City of San Jose,Santa Clara,San Jose,Closed,construction,sanitary-sewer-condition-assessment-fy-2025-2026-package-iv-city-of-san-jose,76,no,,,,2026-03-25T07:48:27-07:00,576,no,,closed_stale_no_results,no
recGeGoxVBJfbzQcs,ADA Pathway,Contra Costa Community College District,Contra Costa,Pleasant Hill,Closed,construction,ada-pathway-contra-costa-community-college-district,51,yes,results,construction,https://www.bidthebay.com/construction-project-details/ada-pathway-contra-costa-community-college-district/r/recGeGoxVBJfbzQcs,2026-08-20T10:27:44-07:00,131,yes,,award_results,no
recGg0wNZTqUt8jO1,On-Call Structural Engineering Services 2027,Santa Clara Valley Water District,Santa Clara,San Jose,Closed,professional services,on-call-structural-engineering-services-2027-santa-clara-valley-water-district,78,yes,results,professional services,https://www.bidthebay.com/professional-services-project-details/on-call-structural-engineering-services-2027-santa-clara-valley-water-district/r/recGg0wNZTqUt8jO1,2026-08-14T00:01:41-07:00,1617,no,,recently_closed,no
recGiDLZge7WDF1i6,Development Engineering Material Testing and Special Inspection,City of Antioch,Contra Costa,Antioch,Closed,professional services,development-engineering-material-testing-and-special-inspection-city-of-antioch,79,no,,,,2026-03-30T09:19:47-07:00,1979,no,,closed_stale_no_results,no
recGilibKTx1lpSlc,"PC Air Systems, Rooftop Air Units, and Ventilators Preventive Maintenance and Repair Services",San Francisco International Airport,San Mateo,San Francisco,Closed,construction,pc-air-systems-rooftop-air-units-and-ventilators-preventive-maintenance-and-repair-services-san-francisco-international-airport-sfo,131,no,,,,2026-09-07T10:43:39-07:00,387,no,,closed_stale_no_results,no
recGknHPLCII11ssO,2027 Pavement Preservation Project,City of Cotati,Sonoma,Cotati,Closed,construction,2027-pavement-preservation-project-city-of-cotati,49,yes,results,construction,https://www.bidthebay.com/construction-project-details/2027-pavement-preservation-project-city-of-cotati/r/recGknHPLCII11ssO,2026-09-02T00:04:32-07:00,152,no,,recently_closed,no
recGmBOmRES7EriVB,Evans Center Modernization & Voluntary Seismic Upgrade & Spray Booth Installation,City College of San Francisco,San Francisco,San Francisco,Closed,construction,evans-center-modernization-voluntary-seismic-upgrade-spray-booth-installation-city-college-of-san-francisco,107,no,,,,2026-04-22T08:21:58-07:00,496,no,,closed_stale_no_results,no
recGsfUeARHcQlhlG,Construction Management Services Sunnyvale East and West Channels Flood Protection Project,Santa Clara Valley Water District,Santa Clara,Sunnyvale,Closed,professional services,construction-management-services-sunnyvale-east-and-west-channels-flood-protection-project-santa-clara-valley-water-district,124,no,,,,2026-03-24T07:29:39-07:00,117,no,,closed_stale_no_results,no
recGv3eH9i0JqgSQX,"Fremont Elementary School New Admin, MPR & TK/K Buildings and Site Improvements",Antioch Unified School District ,Contra Costa,Antioch,Closed,construction,fremont-elementary-school-new-admin-mpr-tk-k-buildings-and-site-improvements-antioch-unified-school-district,108,yes,results,construction,https://www.bidthebay.com/construction-project-details/fremont-elementary-school-new-admin-mpr-tk-k-buildings-and-site-improvements-antioch-unified-school-district/r/recGv3eH9i0JqgSQX,2026-04-23T17:11:55-07:00,1207,no,,recently_closed,no
recGz2inZjvo7XTG2,BSVII - Therma and A&F Property Restoration,Santa Clara Valley Transportation Authority,Santa Clara,San Jose,Closed,construction,bsvii-therma-and-a-f-property-restoration-santa-clara-valley-transportation-authority,85,no,,,,2026-03-30T10:04:42-07:00,944,no,,closed_stale_no_results,no
recGzOWq9MbfCOleC,Storm Drain Investigation and Cleaning,City of Walnut Creek,Contra Costa,Walnut Creek,Closed,construction,storm-drain-investigation-and-cleaning-city-of-walnut-creek,59,no,,,,2026-03-30T10:19:30-07:00,629,no,,closed_stale_no_results,no
recH1E2Hwc6AjyUlI,On-Call Public Works Maintenance and Urgent/Emergency Response Services,City of Foster City,San Mateo,Foster City,Open,construction,on-call-public-works-maintenance-and-urgent-emergency-response-services-city-of-foster-city,91,yes,open,construction,https://www.bidthebay.com/construction-project-details/on-call-public-works-maintenance-and-urgent-emergency-response-services-city-of-foster-city/r/recH1E2Hwc6AjyUlI,2026-08-31T18:55:51-07:00,951,no,,open_solicitation,no
recH8s0Rr8H8HAqJC,Facilities Master Plan Preparation,Saratoga Union School District,Santa Clara,Saratoga,Closed,professional services,facilities-master-plan-preparation-saratoga-union-school-district,65,yes,results,professional services,https://www.bidthebay.com/professional-services-project-details/facilities-master-plan-preparation-saratoga-union-school-district/r/recH8s0Rr8H8HAqJC,2026-05-29T04:54:48-07:00,691,no,,recently_closed,no
recH9nFLtKPrHZZnU,Geysers Resort Road PM 10.42 Storm Damage Repair Project,County of Sonoma,Sonoma,Sonoma,Open,construction,geysers-resort-road-pm-10-42-storm-damage-repair-project-county-of-sonoma,73,yes,open,construction,https://www.bidthebay.com/construction-project-details/geysers-resort-road-pm-10-42-storm-damage-repair-project-county-of-sonoma/r/recH9nFLtKPrHZZnU,2026-09-09T22:39:22-07:00,339,no,,open_solicitation,no
recHFDo2YGvjDzsmq,Roofing System Replacement Services in Contra Costa County,California Department of Transportation (Caltrans),Contra Costa,Hercules,Closed,construction,roofing-system-replacement-services-in-contra-costa-county-cal-trans-district-4,79,yes,results,construction,https://www.bidthebay.com/construction-project-details/roofing-system-replacement-services-in-contra-costa-county-cal-trans-district-4/r/recHFDo2YGvjDzsmq,2026-09-07T15:49:52-07:00,342,no,,recently_closed,no
recHFUfv3B2CvVv3t,Sanitary Sewer Rehabilitation (Subbasin 56-02) Phase 1,City of Oakland,Alameda,Oakland,Closed,construction,sanitary-sewer-rehabilitation-subbasin-56-02-phase-1-city-of-oakland,68,yes,results,construction,https://www.bidthebay.com/construction-project-details/sanitary-sewer-rehabilitation-subbasin-56-02-phase-1-city-of-oakland/r/recHFUfv3B2CvVv3t,2026-06-05T00:04:55-07:00,455,no,,recently_closed,no
recHG29bAY0b3ZGlU,Rooftop K-8 Mayeda Campus - Destructive Testing  ,San Francisco Unified School District,San Francisco,San Francisco,Closed,construction,rooftop-k-8-mayeda-campus-destructive-testing-san-francisco-unified-school-district,83,yes,results,construction,https://www.bidthebay.com/construction-project-details/rooftop-k-8-mayeda-campus-destructive-testing-san-francisco-unified-school-district/r/recHG29bAY0b3ZGlU,2026-08-05T08:30:21-07:00,281,yes,,award_results,no
recHHsVTwpNoWuquD,Construction On Various Bridges In Contra Costa County In City Of Richmond,City of Richmond,Contra Costa,Richmond,Closed,construction,construction-on-various-bridges-in-contra-costa-county-in-city-of-richmond-city-of-richmond,91,yes,results,construction,https://www.bidthebay.com/construction-project-details/construction-on-various-bridges-in-contra-costa-county-in-city-of-richmond-city-of-richmond/r/recHHsVTwpNoWuquD,2026-03-30T10:13:21-07:00,738,yes,,award_results,no
recHMBTwcFPIFAyli,Master As-Needed Agreement M22 General Building Services,City and County of San Francisco,San Francisco,San Francisco,Open,construction,master-as-needed-agreement-m22-general-building-services-city-and-county-of-san-francisco,89,yes,open,construction,https://www.bidthebay.com/construction-project-details/master-as-needed-agreement-m22-general-building-services-city-and-county-of-san-francisco/r/recHMBTwcFPIFAyli,2026-06-22T09:42:21-07:00,862,no,,open_solicitation,no
recHN9ic19MQgVZBM,Main Street/Delta Road Intersection Signalization Project,City of Oakley,Contra Costa,Oakley,Closed,construction,main-street-delta-road-intersection-signalization-project-city-of-oakley,72,yes,results,construction,https://www.bidthebay.com/construction-project-details/main-street-delta-road-intersection-signalization-project-city-of-oakley/r/recHN9ic19MQgVZBM,2026-07-24T08:59:39-07:00,619,yes,,award_results,no
recHOwyhQCUSOrpKQ,Lawler Park Water Fountain Replacement Project,City of Suisun City,Solano,Suisun ,Closed,construction,lawler-park-water-fountain-replacement-project-city-of-suisun-city,66,yes,results,construction,https://www.bidthebay.com/construction-project-details/lawler-park-water-fountain-replacement-project-city-of-suisun-city/r/recHOwyhQCUSOrpKQ,2026-04-11T10:48:39-07:00,0,no,No description at all,recently_closed,no
recHPBwRsU3azpyri,Fox Elementary School MUR Modernization Project,Belmont-Redwood Shores School District,San Mateo,Belmont,Closed,construction,fox-elementary-school-mur-modernization-project-belmont-redwood-shores-school-district,86,no,,,,2026-08-24T21:43:26-07:00,752,no,,closed_stale_no_results,no
recHPbYNYwsyfgzr9,"Fire Extinguishers and Kitchen Hoods Inspection, Testing and Maintenance Services",City of Morgan Hill,Santa Clara,Morgan Hill,Closed,construction,fire-extinguishers-and-kitchen-hoods-inspection-testing-and-maintenance-services-city-of-morgan-hill,100,yes,results,construction,https://www.bidthebay.com/construction-project-details/fire-extinguishers-and-kitchen-hoods-inspection-testing-and-maintenance-services-city-of-morgan-hill/r/recHPbYNYwsyfgzr9,2026-07-15T00:02:40-07:00,387,no,,recently_closed,no
recHUGDbIkyLqPs7S,Union Street Pavement Renovation and Sewer Replacement,City and County of San Francisco,San Francisco,San Francisco,Closed,construction,union-street-pavement-renovation-and-sewer-replacement-city-and-county-of-san-francisco,87,yes,results,construction,https://www.bidthebay.com/construction-project-details/union-street-pavement-renovation-and-sewer-replacement-city-and-county-of-san-francisco/r/recHUGDbIkyLqPs7S,2026-08-20T00:03:55-07:00,114,no,,recently_closed,no
recHXSecJYZOBYHBE,SID Dally Canal Unit South Improvement Project,Solano County,Solano,Fairfield,Closed,construction,sid-dally-canal-unit-south-improvement-project-solano-county,60,no,,,,2026-03-24T07:12:04-07:00,326,no,,closed_stale_no_results,no
recHaMIWIMxZz1DBt,Terminal 3 West Modernization – TP 173 – East Exterior Wall,San Francisco International Airport,San Mateo,San Francisco,Open,construction,terminal-3-west-modernization-tp-173-east-exterior-wall-san-francisco-international-airport-sfo,95,yes,open,construction,https://www.bidthebay.com/construction-project-details/terminal-3-west-modernization-tp-173-east-exterior-wall-san-francisco-international-airport-sfo/r/recHaMIWIMxZz1DBt,2026-09-07T10:40:21-07:00,437,no,,open_solicitation,no
recHhUzOsqOTAvbRm,Regional Wastewater Facility HVAC Improvements Phase 1 - Rebid,City of San Jose,Santa Clara,San Jose,Closed,construction,regional-wastewater-facility-hvac-improvements-phase-1-rebid-city-of-san-jose,77,yes,results,construction,https://www.bidthebay.com/construction-project-details/regional-wastewater-facility-hvac-improvements-phase-1-rebid-city-of-san-jose/r/recHhUzOsqOTAvbRm,2026-08-19T06:50:26-07:00,173,yes,,award_results,no
recHiLOgb7yRkGmIi,Traffic Signals and Lightings Maintenance Services,City of Menlo Park,San Mateo,Menlo Park,Closed,construction,traffic-signals-and-lightings-maintenance-services-city-of-menlo-park,69,yes,results,construction,https://www.bidthebay.com/construction-project-details/traffic-signals-and-lightings-maintenance-services-city-of-menlo-park/r/recHiLOgb7yRkGmIi,2026-05-29T00:02:30-07:00,354,no,,recently_closed,no
recHkPHBnsSCXEIWJ,EBMUD Well Demolition Phase 2 ,Oro Loma Sanitary District,Alameda,San Lorenzo,Closed,construction,ebmud-well-demolition-phase-2-oro-loma-sanitary-district,56,no,,,,2026-04-11T10:47:24-07:00,0,no,No description at all,closed_stale_no_results,no
recHksX48DtLHpCm4,"Well Nos. 33, 35, and 40 Rehabilitation Project",City of Rohnert Park,Sonoma,Rohnert Park,Closed,construction,well-nos-33-35-and-40-rehabilitation-project-city-of-rohnert-park,65,yes,results,construction,https://www.bidthebay.com/construction-project-details/well-nos-33-35-and-40-rehabilitation-project-city-of-rohnert-park/r/recHksX48DtLHpCm4,2026-06-04T07:40:07-07:00,203,yes,,award_results,no
recHlLTSs4agskFBr,San Juan Pump Station & Force Main Rehabilitation Project,City of Belmont,San Mateo,Belmont,Closed,construction,san-juan-pump-station-force-main-rehabilitation-project-city-of-belmont,71,yes,results,construction,https://www.bidthebay.com/construction-project-details/san-juan-pump-station-force-main-rehabilitation-project-city-of-belmont/r/recHlLTSs4agskFBr,2026-06-01T03:07:55-07:00,446,yes,,award_results,no
recHo1IXy9RIx0Av6,Roofing and HVAC Replacement at Dartmouth Middle School,Union School District,Santa Clara,San Jose,Closed,construction,roofing-and-hvac-replacement-at-dartmouth-middle-school-union-school-district,77,no,,,,2026-03-24T07:47:22-07:00,0,no,No description at all,closed_stale_no_results,no
recHopqJ85wSZLk3n,North Base (NB) Water Line Replacement,San Mateo County Transit District,San Mateo,South San Francisco,Closed,construction,north-base-nb-water-line-replacement-san-mateo-county-transit-district,70,yes,results,construction,https://www.bidthebay.com/construction-project-details/north-base-nb-water-line-replacement-san-mateo-county-transit-district/r/recHopqJ85wSZLk3n,2026-07-30T07:45:34-07:00,565,yes,,award_results,no
recHowWwFAUhiCbDY,Dolores Huerta Elementary School - Roof Replacement of Administration/Library Building,San Francisco Unified School District,San Francisco,San Francisco,Closed,construction,dolores-huerta-elementary-school-roof-replacement-of-administration-library-building-san-francisco-unified-school-district,122,yes,results,construction,https://www.bidthebay.com/construction-project-details/dolores-huerta-elementary-school-roof-replacement-of-administration-library-building-san-francisco-unified-school-district/r/recHowWwFAUhiCbDY,2026-04-01T11:13:33-07:00,74,yes,,award_results,no
recHpAHHbyBpGCBL8,UCB EHCP – Increment 6 – WP-27: Painting and Coatings,UC Berkeley,Alameda,Berkeley,Closed,construction,ucb-ehcp-increment-6-wp-27-painting-and-coatings-uc-berkeley,60,yes,results,construction,https://www.bidthebay.com/construction-project-details/ucb-ehcp-increment-6-wp-27-painting-and-coatings-uc-berkeley/r/recHpAHHbyBpGCBL8,2026-09-10T00:02:07-07:00,199,no,,recently_closed,no
recHrhe0F3r2c6unz,Professional Services for Performing Arts Center Renovation,City of Sunnyvale,Santa Clara,Sunnyvale,Open,professional services,professional-services-for-performing-arts-center-renovation-city-of-sunnyvale,77,yes,open,professional services,https://www.bidthebay.com/professional-services-project-details/professional-services-for-performing-arts-center-renovation-city-of-sunnyvale/r/recHrhe0F3r2c6unz,2026-09-05T08:52:06-07:00,1476,no,,open_solicitation,no
recHsb6H16DYlihKx,James Monroe Elementary School Exterior Paint Project,Santa Rosa City Schools,Sonoma,Santa Rosa,Closed,construction,james-monroe-elementary-school-exterior-paint-project-santa-rosa-city-schools,77,no,,,,2026-04-11T10:49:20-07:00,123,no,,closed_stale_no_results,no
recHthAVKkgPHmk5d,Willow Road and Highway 101 Landscaping Project,City of Menlo Park,San Mateo,Menlo Park,Closed,construction,willow-road-and-highway-101-landscaping-project-city-of-menlo-park,66,yes,results,construction,https://www.bidthebay.com/construction-project-details/willow-road-and-highway-101-landscaping-project-city-of-menlo-park/r/recHthAVKkgPHmk5d,2026-05-08T17:04:08-07:00,900,no,,recently_closed,no
recHtk9EYE03NDpRi,On-Call Transportation Engineering Services (2026-2029) ,Contra Costa County,Contra Costa,Various,Closed,professional services,on-call-transportation-engineering-services-2026-2029-contra-costa-county,73,yes,results,professional services,https://www.bidthebay.com/professional-services-project-details/on-call-transportation-engineering-services-2026-2029-contra-costa-county/r/recHtk9EYE03NDpRi,2026-08-31T19:48:36-07:00,610,no,,recently_closed,no
recHujN0jhgoxkCn1,McDowell School New DLI Academy,Petaluma City Schools,Sonoma,Petaluma,Closed,construction,mcdowell-school-new-dli-academy-petaluma-city-schools,53,yes,results,construction,https://www.bidthebay.com/construction-project-details/mcdowell-school-new-dli-academy-petaluma-city-schools/r/recHujN0jhgoxkCn1,2026-08-04T04:16:27-07:00,326,no,,recently_closed,no
recHw3DfG3eJxjKgW,Emergency Generator Replacement,City of Pleasanton,Alameda,Pleasanton,Closed,construction,emergency-generator-replacement-city-of-pleasanton,50,yes,results,construction,https://www.bidthebay.com/construction-project-details/emergency-generator-replacement-city-of-pleasanton/r/recHw3DfG3eJxjKgW,2026-08-26T09:57:01-07:00,163,no,,recently_closed,no
recHyLNNOH4x3cetF,Oakland Inner and Outer Harbor FY26 Maintenance Dredging,U.S. Department of the Army,Alameda,Oakland,Closed,construction,oakland-inner-and-outer-harbor-fy26-maintenance-dredging-department-of-the-army,79,yes,results,construction,https://www.bidthebay.com/construction-project-details/oakland-inner-and-outer-harbor-fy26-maintenance-dredging-department-of-the-army/r/recHyLNNOH4x3cetF,2026-09-07T11:36:49-07:00,360,no,,recently_closed,no
recHyc1CWp8qeqrcC,John Muir Elementary School Restroom Alterations - Rebid,San Francisco Unified School District,San Francisco,San Francisco,Closed,construction,john-muir-elementary-school-restroom-alterations-rebid-san-francisco-unified-school-district,92,yes,results,construction,https://www.bidthebay.com/construction-project-details/john-muir-elementary-school-restroom-alterations-rebid-san-francisco-unified-school-district/r/recHyc1CWp8qeqrcC,2026-04-26T10:13:12-07:00,647,yes,,award_results,no
recHzwNMFj5f3sLPn,DMU Onboard Camera System Upgrade,Sonoma-Marin Area Rail Transit (SMART),Sonoma,Santa Rosa,Open,professional services,dmu-onboard-camera-system-upgrade-santa-rosa,44,yes,open,professional services,https://www.bidthebay.com/professional-services-project-details/dmu-onboard-camera-system-upgrade-santa-rosa/r/recHzwNMFj5f3sLPn,2026-09-09T20:45:30-07:00,1322,no,,open_solicitation,no
recI0YrLq8PfMSo0f,Moraga Avenue Pedestrian Safety Project,City of Piedmont,Alameda,Piedmont,Closed,construction,moraga-avenue-pedestrian-safety-project-city-of-piedmont,56,yes,results,construction,https://www.bidthebay.com/construction-project-details/moraga-avenue-pedestrian-safety-project-city-of-piedmont/r/recI0YrLq8PfMSo0f,2026-08-27T09:22:37-07:00,261,yes,,award_results,no
recI1WGLfNvQNM7AY,SOMArts Cultural Center - ADA Barrier Removal,City and County of San Francisco,San Francisco,San Francisco,Closed,construction,somarts-cultural-center-ada-barrier-removal-city-and-county-of-san-francisco,76,yes,results,construction,https://www.bidthebay.com/construction-project-details/somarts-cultural-center-ada-barrier-removal-city-and-county-of-san-francisco/r/recI1WGLfNvQNM7AY,2026-08-13T00:01:43-07:00,780,no,,recently_closed,no
recI1vzQfAe16sRT2,Tennyson Park Streetlight Project,City of Hayward,Alameda,Hayward,Closed,construction,tennyson-park-streetlight-project-city-of-hayward,49,yes,results,construction,https://www.bidthebay.com/construction-project-details/tennyson-park-streetlight-project-city-of-hayward/r/recI1vzQfAe16sRT2,2026-09-03T09:22:33-07:00,655,yes,,award_results,no
recI4ahI5ujDRFLaz,CCTV Inspections and Recommendations for Interceptor System,East Bay Municipal Utility District,Alameda,"Alameda, Oakland, Emeryville",Open,professional services,cctv-inspections-and-recommendations-for-interceptor-system-east-bay-municipal-utility-district,95,yes,open,professional services,https://www.bidthebay.com/professional-services-project-details/cctv-inspections-and-recommendations-for-interceptor-system-east-bay-municipal-utility-district/r/recI4ahI5ujDRFLaz,2026-09-05T09:30:44-07:00,782,no,,open_solicitation,no
recI7pIZYudMtzZFx,RSF Garage Safety Improvements,UC Berkeley,Alameda,Berkeley,Closed,construction,rsf-garage-safety-improvements-uc-berkeley,42,yes,results,construction,https://www.bidthebay.com/construction-project-details/rsf-garage-safety-improvements-uc-berkeley/r/recI7pIZYudMtzZFx,2026-07-15T06:34:42-07:00,144,yes,,award_results,no
recIEpTZyAZZx2Lvx,Administrative Office Suite 400 & Breezeways Furniture Procurement & Installation Project,Midpeninsula Regional Open Space District,Santa Clara,Los Altos,Open,construction; supplier,administrative-office-suite-400-breezeways-furniture-procurement-installation-project-midpeninsula-regional-open-space-district,127,yes,open,construction,https://www.bidthebay.com/construction-project-details/administrative-office-suite-400-breezeways-furniture-procurement-installation-project-midpeninsula-regional-open-space-district/r/recIEpTZyAZZx2Lvx,2026-09-08T20:18:06-07:00,277,no,,open_solicitation,no
recIGCqSaM3gQ4vAb,On-Call Environmental Consulting Services,City of Hayward,Alameda,Hayward,Closed,professional services,on-call-environmental-consulting-services-city-of-hayward,57,yes,results,professional services,https://www.bidthebay.com/professional-services-project-details/on-call-environmental-consulting-services-city-of-hayward/r/recIGCqSaM3gQ4vAb,2026-07-21T06:02:26-07:00,261,no,,recently_closed,no
recIHswofdHVlvAcC,Woodland Avenue Street Improvement Project,City of East Palo Alto ,San Mateo,East Palo Alto,Closed,professional services,woodland-avenue-street-improvement-project-city-of-east-palo-alto,65,yes,results,professional services,https://www.bidthebay.com/professional-services-project-details/woodland-avenue-street-improvement-project-city-of-east-palo-alto/r/recIHswofdHVlvAcC,2026-08-01T00:05:05-07:00,335,no,,recently_closed,no
recIJO8rvqGY9okHd,Well 15 & 21 Blending Facility Project,City of Vacaville,Solano,Vacaville,Closed,construction,well-15-21-blending-facility-project-city-of-vacaville,54,yes,results,construction,https://www.bidthebay.com/construction-project-details/well-15-21-blending-facility-project-city-of-vacaville/r/recIJO8rvqGY9okHd,2026-09-09T00:02:01-07:00,798,no,,recently_closed,no
recILhiSBuHBTd8Pl,Civil Engineering Consulting Services for Various School Sites,Oakland Unified School District,Alameda,Oakland,Closed,construction,civil-engineering-consulting-services-for-various-school-sites-oakland-unified-school-district,94,yes,results,construction,https://www.bidthebay.com/construction-project-details/civil-engineering-consulting-services-for-various-school-sites-oakland-unified-school-district/r/recILhiSBuHBTd8Pl,2026-07-24T00:01:58-07:00,946,no,,recently_closed,no
recIMnlVrRE0gH2U7,As-Needed Pavement Marking and Striping Services,City of Burlingame,San Mateo,Burlingame ,Closed,construction,as-needed-pavement-marking-and-striping-services-city-of-burlingame,67,yes,results,construction,https://www.bidthebay.com/construction-project-details/as-needed-pavement-marking-and-striping-services-city-of-burlingame/r/recIMnlVrRE0gH2U7,2026-05-30T00:03:48-07:00,491,no,,recently_closed,no
recIN46PJC6eQrquf,Tamalpais High School Pool Replastering Project,Tamalpais Union High School District,Marin,Mill Valley,Closed,construction,tamalpais-high-school-pool-replastering-project-tamalpais-union-high-school-district,84,no,,,,2026-04-11T10:48:12-07:00,167,no,,closed_stale_no_results,no
recIN6ERbXt5sjDMu,Light Rail Transit (LRT) System & Infrastructure - Repair & Maintenance Job Order Contract (JOC),Santa Clara Valley Transportation Authority,Santa Clara,Various Cities,Closed,construction,light-rail-transit-lrt-system-infrastructure-repair-maintenance-job-order-contract-joc-santa-clara-valley-transportation-authority,130,yes,results,construction,https://www.bidthebay.com/construction-project-details/light-rail-transit-lrt-system-infrastructure-repair-maintenance-job-order-contract-joc-santa-clara-valley-transportation-authority/r/recIN6ERbXt5sjDMu,2026-07-21T00:01:47-07:00,814,no,,recently_closed,no
recINXxXH3KU2a9DV,As-Needed Unit Turnover Flooring Services,Housing Authority of the City of Alameda,Alameda,Alameda,Closed,construction,as-needed-unit-turnover-flooring-services-housing-authority-of-the-city-of-alameda,82,yes,results,construction,https://www.bidthebay.com/construction-project-details/as-needed-unit-turnover-flooring-services-housing-authority-of-the-city-of-alameda/r/recINXxXH3KU2a9DV,2026-08-19T20:21:05-07:00,374,no,,recently_closed,no
recIOiu5glDw2uENs,FY26 Installation of Small Trash Capture Devices,City of Gilroy,Santa Clara,Gilroy,Closed,construction,fy26-installation-of-small-trash-capture-devices-city-of-gilroy,63,yes,results,construction,https://www.bidthebay.com/construction-project-details/fy26-installation-of-small-trash-capture-devices-city-of-gilroy/r/recIOiu5glDw2uENs,2026-03-24T07:13:20-07:00,356,yes,,award_results,no
recIRz840xcFOJkHv,Bonita Ave Accessible Parking and Striping Project,City of Piedmont,Alameda,Piedmont,Closed,construction,bonita-ave-accessible-parking-and-striping-project-city-of-piedmont,67,yes,results,construction,https://www.bidthebay.com/construction-project-details/bonita-ave-accessible-parking-and-striping-project-city-of-piedmont/r/recIRz840xcFOJkHv,2026-04-20T06:04:57-07:00,226,yes,,award_results,no
recITZ3Zm0Ote0U4m,Leadfree Waterworks Materials,Contra Costa Water District,Contra Costa,Concord,Closed,construction,leadfree-waterworks-materials-contra-costa-water-district,57,no,,,,2026-04-11T10:49:50-07:00,0,no,No description at all,closed_stale_no_results,no
recIToHDRW71mxN4s,Remove MBGR and Install Concrete Barrier and MGS in Santa Clara County,California Department of Transportation (Caltrans),Santa Clara,Santa Clara ,Closed,construction,remove-mbgr-and-install-concrete-barrier-and-mgs-in-santa-clara-county-cal-trans-district-4,91,yes,results,construction,https://www.bidthebay.com/construction-project-details/remove-mbgr-and-install-concrete-barrier-and-mgs-in-santa-clara-county-cal-trans-district-4/r/recIToHDRW71mxN4s,2026-09-07T15:49:52-07:00,262,no,,recently_closed,no
recIUD1ZoXguUQRb4,Airport Apron E Pavement Preservation Project,County of Sonoma,Sonoma,Santa Rosa,Closed,construction,airport-apron-e-pavement-preservation-project-county-of-sonoma,62,yes,results,construction,https://www.bidthebay.com/construction-project-details/airport-apron-e-pavement-preservation-project-county-of-sonoma/r/recIUD1ZoXguUQRb4,2026-07-31T00:01:51-07:00,204,no,,recently_closed,no
recIVWkh9HTlhaoyy,On-Call Construction Management Services for Wastewater Treatment Plant,City of San Mateo,San Mateo,San Mateo,Closed,professional services,on-call-construction-management-services-for-wastewater-treatment-plant-city-of-san-mateo,89,yes,results,professional services,https://www.bidthebay.com/professional-services-project-details/on-call-construction-management-services-for-wastewater-treatment-plant-city-of-san-mateo/r/recIVWkh9HTlhaoyy,2026-07-10T02:59:53-07:00,181,no,,recently_closed,no
recIXvdrOaSk36S6N,Lower Green Valley Creek Off-Channel Habitat Enhancement Project – Confluence Reach (Construction),Gold Ridge Resource Conservation District,Sonoma,Sebastopol,Closed,construction,lower-green-valley-creek-off-channel-habitat-enhancement-project-confluence-reach-construction-gold-ridge-resource-conservation-district,136,no,,,,2026-04-11T10:49:04-07:00,475,no,,closed_stale_no_results,no
recIYs9NoSPhcjuCN,Renovate McKay Avenue Utilities Project,East Bay Regional Park District,Alameda,Alameda,Closed,construction,renovate-mckay-avenue-utilities-project-east-bay-regional-park-district,71,yes,results,construction,https://www.bidthebay.com/construction-project-details/renovate-mckay-avenue-utilities-project-east-bay-regional-park-district/r/recIYs9NoSPhcjuCN,2026-06-26T00:00:39-07:00,182,no,,recently_closed,no
recIeRC0UEcn2Tytu,Westmont High School Carport and Kitchen Shed Addition,Campbell Union High School District,Santa Clara,Campbell,Closed,construction,westmont-high-school-carport-and-kitchen-shed-addition-cambell-union-high-school-district,89,yes,results,construction,https://www.bidthebay.com/construction-project-details/westmont-high-school-carport-and-kitchen-shed-addition-cambell-union-high-school-district/r/recIeRC0UEcn2Tytu,2026-09-07T11:36:49-07:00,0,yes,No description at all,award_results,no
recIfhVtEkaltL8Bl,Dry Creek Wells Capacity Improvements Project,City of Healdsburg,Sonoma,Healdsburg,Open,construction,dry-creek-wells-capacity-improvements-project-city-of-healdsburg,64,yes,open,construction,https://www.bidthebay.com/construction-project-details/dry-creek-wells-capacity-improvements-project-city-of-healdsburg/r/recIfhVtEkaltL8Bl,2026-08-19T09:29:11-07:00,493,no,,open_solicitation,no
recIkXece6OdpSLY6,Longfellow Elementary School Restroom and Play Yard Renovation for Transitional Kindergarten,San Francisco Unified School District,San Francisco,San Francisco,Closed,construction,longfellow-elementary-school-restroom-and-play-yard-renovation-for-transitional-kindergarten-san-francisco-unified-school-district,130,yes,results,construction,https://www.bidthebay.com/construction-project-details/longfellow-elementary-school-restroom-and-play-yard-renovation-for-transitional-kindergarten-san-francisco-unified-school-district/r/recIkXece6OdpSLY6,2026-05-12T05:38:25-07:00,581,yes,,award_results,no
recIlOwFT7zzJINVa,FY26 Road Renewal,UC Berkeley,Alameda,Berkeley,Closed,construction,fy26-road-renewal-uc-berkeley,29,yes,results,construction,https://www.bidthebay.com/construction-project-details/fy26-road-renewal-uc-berkeley/r/recIlOwFT7zzJINVa,2026-07-08T10:30:45-07:00,556,yes,,award_results,no
recInfNIAMJbfNCmh,FY 2026-27 Pavement Resurfacing Project,City of Pacifica,San Mateo,Pacifica,Closed,construction,fy-2026-27-pavement-resurfacing-project-city-of-pacifica,56,yes,results,construction,https://www.bidthebay.com/construction-project-details/fy-2026-27-pavement-resurfacing-project-city-of-pacifica/r/recInfNIAMJbfNCmh,2026-04-08T10:37:22-07:00,179,yes,,award_results,no
recIqw5Dkk9mjcaKv,As-Needed Electrical Services,California Employment Development Department,Santa Clara,San Jose,Closed,construction,as-needed-electrical-services-california-employment-development-department,74,yes,results,construction,https://www.bidthebay.com/construction-project-details/as-needed-electrical-services-california-employment-development-department/r/recIqw5Dkk9mjcaKv,2026-06-11T00:01:37-07:00,303,no,,recently_closed,no
recIr2Q7BXgIP3ssE,Homestead High School Buildings C and L Replacement Project ,Fremont Union High School District,Santa Clara,Cupertino,Closed,construction; professional services,homestead-high-school-buildings-c-and-l-replacement-project-fremont-union-high-school-district,94,yes,results,construction,https://www.bidthebay.com/construction-project-details/homestead-high-school-buildings-c-and-l-replacement-project-fremont-union-high-school-district/r/recIr2Q7BXgIP3ssE,2026-06-23T20:55:06-07:00,1843,no,,multi_category_provisional_construction,yes
recIt9MMp8d2J5act,On-Call Architectural Services,City of Dublin,Alameda,Dublin,Closed,professional services,on-call-architectural-services-city-of-dublin,45,yes,results,professional services,https://www.bidthebay.com/professional-services-project-details/on-call-architectural-services-city-of-dublin/r/recIt9MMp8d2J5act,2026-04-24T17:03:30-07:00,259,no,,recently_closed,no
recIuMzZ6090jPXXv,Junipero Serra Park Paving Project,County of San Mateo,San Mateo,San Mateo,Closed,construction,junipero-serra-park-paving-project-county-of-san-mateo,54,yes,results,construction,https://www.bidthebay.com/construction-project-details/junipero-serra-park-paving-project-county-of-san-mateo/r/recIuMzZ6090jPXXv,2026-08-13T10:16:52-07:00,377,yes,,award_results,no
recIuqpjsN7eEJsOC,Various Locations Sewer Replacement No. 23,San Francisco Public Utilities Commission,San Francisco,San Francisco,Closed,construction,various-locations-sewer-replacement-no-23-san-francisco-public-utilities-commission,83,yes,results,construction,https://www.bidthebay.com/construction-project-details/various-locations-sewer-replacement-no-23-san-francisco-public-utilities-commission/r/recIuqpjsN7eEJsOC,2026-05-29T00:02:13-07:00,158,no,,recently_closed,no
recIxKYhqCp3n93P0,City Buildings Assessment,City of Albany,Alameda,Albany,Closed,professional services,city-buildings-assessment-city-of-albany,40,yes,results,professional services,https://www.bidthebay.com/professional-services-project-details/city-buildings-assessment-city-of-albany/r/recIxKYhqCp3n93P0,2026-07-23T00:01:45-07:00,829,no,,recently_closed,no
recIxZ1bzGK8Vk3G6,Lazy River Pool Replaster at Silliman Aquatic Center,City of Newark,Alameda,Newark,Closed,construction,lazy-river-pool-replaster-at-silliman-aquatic-center-city-of-newark,67,no,,,,2026-03-24T08:41:57-07:00,844,no,,closed_stale_no_results,no
recIxmHIkYQuGJt9M,Utility Engineering Request for Qualifications,Town of Windsor,Sonoma,Windsor,Open,professional services,utility-engineering-request-for-qualifications-town-of-windsor,62,yes,open,professional services,https://www.bidthebay.com/professional-services-project-details/utility-engineering-request-for-qualifications-town-of-windsor/r/recIxmHIkYQuGJt9M,2026-03-23T01:40:22-07:00,225,no,,open_solicitation,no
recIy6SccXxHWF1TV,West SF CPA Replacement Project,City and County of San Francisco,San Francisco,San Francisco,Closed,construction,west-sf-cpa-replacement-project-city-and-county-of-san-francisco,64,no,,,,2026-04-11T10:48:02-07:00,227,no,,closed_stale_no_results,no
recIzPveRSyz7osOp,Central Expressway Pavement Rehabilitation Project Between Bowers Ave and Scott Blvd,County of Santa Clara,Santa Clara,Santa Clara,Closed,construction,central-expressway-pavement-rehabilitation-project-between-bowers-ave-and-scott-blvd-county-of-santa-clara,106,yes,results,construction,https://www.bidthebay.com/construction-project-details/central-expressway-pavement-rehabilitation-project-between-bowers-ave-and-scott-blvd-county-of-santa-clara/r/recIzPveRSyz7osOp,2026-06-01T01:51:21-07:00,771,yes,,award_results,no
recIzkV7pnDSc6mje,Gravity Sewer Replacement Project Design Engineering,Castro Valley Sanitary District,Alameda,Castro Valley,Closed,professional services,gravity-sewer-replacement-project-design-engineering-castro-valley-sanitary-district,84,yes,results,professional services,https://www.bidthebay.com/professional-services-project-details/gravity-sewer-replacement-project-design-engineering-castro-valley-sanitary-district/r/recIzkV7pnDSc6mje,2026-04-28T17:07:12-07:00,278,no,,recently_closed,no
recJ0IIvIN0aEE6Iq,Swanston Preschool Demolition Project,Gilroy Unified School District,Santa Clara,Gilroy,Closed,construction,swanston-preschool-demolition-project-gilroy-unified-school-district,68,yes,results,construction,https://www.bidthebay.com/construction-project-details/swanston-preschool-demolition-project-gilroy-unified-school-district/r/recJ0IIvIN0aEE6Iq,2026-07-10T03:35:39-07:00,1181,yes,,award_results,no
recJ0awFPWgv1bVcw,Rental Car Quick Turn & Landside Improvements,County of Sonoma,Sonoma,Santa Rosa,Closed,construction; professional services,rental-car-quick-turn-landside-improvements-county-of-sonoma,60,yes,results,construction,https://www.bidthebay.com/construction-project-details/rental-car-quick-turn-landside-improvements-county-of-sonoma/r/recJ0awFPWgv1bVcw,2026-07-24T00:01:46-07:00,456,no,,multi_category_provisional_construction,yes
recJ0g2Go35hkyYOi,Cemetery Paving Services,City of Santa Clara,Santa Clara,Santa Clara,Closed,construction,cemetery-paving-services-city-of-santa-clara,44,yes,results,construction,https://www.bidthebay.com/construction-project-details/cemetery-paving-services-city-of-santa-clara/r/recJ0g2Go35hkyYOi,2026-07-28T08:57:30-07:00,106,yes,,award_results,no
recJ2btUxY5ylvULD,98th Ave Crossing Improvements,City of Oakland,Alameda,Oakland,Closed,construction,98th-ave-crossing-improvements-city-of-oakland,46,no,,,,2026-04-11T10:49:20-07:00,532,no,,closed_stale_no_results,no
recJ363r3CfyZYXAW,Sunnyvale School District Office Exterior Improvements,Sunnyvale School District,Santa Clara,Sunnyvale,Closed,construction,sunnyvale-school-district-office-exterior-improvements-sunnyvale-school-district,80,yes,results,construction,https://www.bidthebay.com/construction-project-details/sunnyvale-school-district-office-exterior-improvements-sunnyvale-school-district/r/recJ363r3CfyZYXAW,2026-05-22T17:56:37-07:00,260,no,,recently_closed,no
recJ4nRMj4LYfg2zv,On-Call Contracts for Traffic Engineering and Design Services,City of Sunnyvale,Santa Clara,Sunnyvale,Open,professional services,on-call-contracts-for-traffic-engineering-and-design-services-city-of-sunnyvale,79,yes,open,professional services,https://www.bidthebay.com/professional-services-project-details/on-call-contracts-for-traffic-engineering-and-design-services-city-of-sunnyvale/r/recJ4nRMj4LYfg2zv,2026-09-04T01:02:50-07:00,1594,no,,open_solicitation,no
recJ4qFGEQp0AZEUc,Robles Trunk Lining Phase 1,City of Santa Rosa,Sonoma,Santa Rosa,Closed,construction,robles-trunk-lining-phase-1-city-of-santa-rosa,46,yes,results,construction,https://www.bidthebay.com/construction-project-details/robles-trunk-lining-phase-1-city-of-santa-rosa/r/recJ4qFGEQp0AZEUc,2026-03-27T07:28:11-07:00,203,yes,,award_results,no
recJ5OUy8BbmO0R66,Building 1400 Lighting Upgrade Project,Solano Community College District,Solano,Fairfield,Closed,construction,building-1400-lighting-upgrade-project-solano-community-college-district,72,yes,results,construction,https://www.bidthebay.com/construction-project-details/building-1400-lighting-upgrade-project-solano-community-college-district/r/recJ5OUy8BbmO0R66,2026-04-22T22:45:32-07:00,1362,yes,,award_results,no
recJ6DeuIu77JmKKo,Units 1 and 2 Building Systems,UC Berkeley,Alameda,Berkeley,Closed,professional services,units-1-and-2-building-systems-uc-berkeley,42,yes,results,professional services,https://www.bidthebay.com/professional-services-project-details/units-1-and-2-building-systems-uc-berkeley/r/recJ6DeuIu77JmKKo,2026-05-01T17:02:10-07:00,381,no,,recently_closed,no
recJ6OjzRUlO3DIMz,Rooftop Solar Project,City of Vallejo,Solano,Vallejo,Closed,construction,rooftop-solar-project-city-of-vallejo,37,yes,results,construction,https://www.bidthebay.com/construction-project-details/rooftop-solar-project-city-of-vallejo/r/recJ6OjzRUlO3DIMz,2026-09-09T00:02:07-07:00,679,no,,recently_closed,no
recJ74v9sdntQI4Dh,UCSF Helen Diller Hospital at Parnassus Heights – Interior Signage,University of California San Francisco,San Francisco,San Francisco,Closed,construction,ucsf-helen-diller-hospital-at-parnassus-heights-interior-signage-university-of-california-san-francisco,103,yes,results,construction,https://www.bidthebay.com/construction-project-details/ucsf-helen-diller-hospital-at-parnassus-heights-interior-signage-university-of-california-san-francisco/r/recJ74v9sdntQI4Dh,2026-07-15T03:55:35-07:00,572,yes,,award_results,no
recJ7j45CZ1FwcVA6,Petaluma Jr. High School Courtyard Improvements Project,Petaluma City Schools,Sonoma,Petaluma,Closed,construction,petaluma-jr-high-school-courtyard-improvements-project-petaluma-city-schools,76,no,,,,2026-04-11T10:48:22-07:00,507,no,,closed_stale_no_results,no
recJ7nuJrN5emizTt,"Fryer Creek Drive, Pickett Street and Nash Street Pavement Rehab Project  ",City of Sonoma,Sonoma,Sonoma,Closed,construction,fryer-creek-drive-pickett-street-and-nash-street-pavement-rehab-project-city-of-sonoma,86,yes,results,construction,https://www.bidthebay.com/construction-project-details/fryer-creek-drive-pickett-street-and-nash-street-pavement-rehab-project-city-of-sonoma/r/recJ7nuJrN5emizTt,2026-03-30T09:49:09-07:00,462,yes,,award_results,no
recJ98pTyccOc3pCf,Civic Center Green Stormwater Infrastructure Project - Phase 1,County of Marin,Marin,San Rafael,Closed,construction,civic-center-green-stormwater-infrastructure-project-phase-1-county-of-marin,76,yes,results,construction,https://www.bidthebay.com/construction-project-details/civic-center-green-stormwater-infrastructure-project-phase-1-county-of-marin/r/recJ98pTyccOc3pCf,2026-07-17T00:02:36-07:00,412,no,,recently_closed,no
recJCLreVeOasLX87,Mulas Wetland Mitigation Project,Sonoma Resource Conservation District,Sonoma,Sonoma,Open,professional services,mulas-wetland-mitigation-project-sonoma-resource-conservation-district,70,yes,open,professional services,https://www.bidthebay.com/professional-services-project-details/mulas-wetland-mitigation-project-sonoma-resource-conservation-district/r/recJCLreVeOasLX87,2026-08-12T08:35:10-07:00,657,no,,open_solicitation,no
recJCnmicv4r6e95D,City Hall Flagpole Replacement Phase 1 Project,City of Brentwood,Contra Costa,Brentwood,Closed,construction,city-hall-flagpole-replacement-phase-1-project-city-of-brentwood,64,yes,results,construction,https://www.bidthebay.com/construction-project-details/city-hall-flagpole-replacement-phase-1-project-city-of-brentwood/r/recJCnmicv4r6e95D,2026-09-03T09:14:08-07:00,320,yes,,award_results,no
recJDp65rWOlXuH7x,Progressive Design-Build RMC Seismic Compliance,County of Santa Clara,Santa Clara,San José,Open,construction; professional services,progressive-design-build-rmc-seismic-compliance-county-of-santa-clara,69,yes,open,construction,https://www.bidthebay.com/construction-project-details/progressive-design-build-rmc-seismic-compliance-county-of-santa-clara/r/recJDp65rWOlXuH7x,2026-09-05T21:30:06-07:00,217,no,,multi_category_provisional_construction,yes
recJF5XfjnHAKjGiP,Union Middle School Roofing Replacement,Union School District,Santa Clara,San Jose,Closed,construction,union-middle-school-roofing-replacement-union-school-district,61,no,,,,2026-04-11T10:47:39-07:00,254,no,,closed_stale_no_results,no
recJF9FJbbFtRpMQv,2026 Pavement Digout Project,County of Marin,Marin,San Rafael,Closed,construction,2026-pavement-digout-project-county-of-marin,44,yes,results,construction,https://www.bidthebay.com/construction-project-details/2026-pavement-digout-project-county-of-marin/r/recJF9FJbbFtRpMQv,2026-04-26T15:11:26-07:00,209,no,,recently_closed,no
recJHPnJYjciAn4xh,Sonoma State Nursing Expansion - Design Build Trades,Sonoma State University,Sonoma,Rohnert Park,Closed,construction,sonoma-state-nursing-expansion-design-build-trades-sonoma-state-university,74,yes,results,construction,https://www.bidthebay.com/construction-project-details/sonoma-state-nursing-expansion-design-build-trades-sonoma-state-university/r/recJHPnJYjciAn4xh,2026-04-29T08:00:15-07:00,603,no,,recently_closed,no
recJIzvltvGSenZAs,Stevenson Bridge Construction Management Consultant Contract,Solano County ,Solano,Solano County,Closed,professional services,stevenson-bridge-construction-management-consultant-contract-solano-county,74,no,,,,2026-04-11T10:49:20-07:00,549,no,,closed_stale_no_results,no
recJOL6M8PNLqccrR,On-Call Geotechnical Services during Construction,Marin Water (Marin Municipal Water District),Marin,San Rafael,Closed,professional services,on-call-geotechnical-services-during-construction-marin-municipal-water-district,80,yes,results,professional services,https://www.bidthebay.com/professional-services-project-details/on-call-geotechnical-services-during-construction-marin-municipal-water-district/r/recJOL6M8PNLqccrR,2026-09-07T11:37:33-07:00,452,no,,recently_closed,no
recJOkPlSRX6TB31F,Pierson Street Rehabilitation,City of Santa Rosa,Sonoma,Santa Rosa,Closed,construction,pierson-street-rehabilitation-city-of-santa-rosa,48,no,,,,2026-04-11T10:49:12-07:00,481,no,,closed_stale_no_results,no
recJPIb34RsnvXRh0,Citywide Active Transportation Wayfinding Design,City of Petaluma,Sonoma,Petaluma,Closed,professional services,citywide-active-transportation-wayfinding-design-city-of-petaluma,65,no,,,,2026-04-11T10:47:28-07:00,764,no,,closed_stale_no_results,no
recJRBuVPVlULLksY,On-Call Fire Sprinkler and Alarm Maintenance Services,Contra Costa County,Contra Costa,Contra Costa,Closed,construction,on-call-fire-sprinkler-and-alarm-maintenance-services-contra-costa-county,73,yes,results,construction,https://www.bidthebay.com/construction-project-details/on-call-fire-sprinkler-and-alarm-maintenance-services-contra-costa-county/r/recJRBuVPVlULLksY,2026-07-28T08:54:18-07:00,189,yes,,award_results,no
recJTslKyHEoD2Gc5,Archie Williams High School Performing Arts Center Modernization and Expansion Project,Tamalpais Union High School District,Marin,San Anselmo,Open,construction; professional services,archie-williams-high-school-performing-arts-center-modernization-and-expansion-project-tamalpais-union-high-school-district,123,yes,open,construction,https://www.bidthebay.com/construction-project-details/archie-williams-high-school-performing-arts-center-modernization-and-expansion-project-tamalpais-union-high-school-district/r/recJTslKyHEoD2Gc5,2026-08-23T21:31:40-07:00,546,no,,multi_category_provisional_construction,yes
recJViZu3qZ86ypGj,Geotechnical Engineering Services,Cupertino Union School District,Santa Clara,Cupertino,Closed,professional services,geotechnical-engineering-services-cupertino-union-school-district,65,yes,results,professional services,https://www.bidthebay.com/professional-services-project-details/geotechnical-engineering-services-cupertino-union-school-district/r/recJViZu3qZ86ypGj,2026-05-29T00:02:19-07:00,311,no,,recently_closed,no
recJaeWZ4iPtDNbbU,Hope House Foundation Repairs,Contra Costa Public Works,Contra Costa,Martinez,Closed,construction,hope-house-foundation-repairs-contra-costa-public-works,55,no,,,,2026-03-24T08:35:57-07:00,625,no,,closed_stale_no_results,no
recJbZyT9e4Db7Taa,Fence and Gate Maintenance/Repairs,County of Sonoma,Sonoma,Santa Rosa,Closed,construction,fence-and-gate-maintenance-repairs-county-of-sonoma,51,yes,results,construction,https://www.bidthebay.com/construction-project-details/fence-and-gate-maintenance-repairs-county-of-sonoma/r/recJbZyT9e4Db7Taa,2026-06-04T00:14:02-07:00,1638,no,,recently_closed,no
recJcqcbhqtVonO9d,Folger Drive Emergency Operations Center Project,City of Belmont,San Mateo,Belmont,Closed,construction,folger-drive-emergency-operations-center-project-city-of-belmont,64,no,,,,2026-03-30T09:42:59-07:00,222,no,,closed_stale_no_results,no
recJeUSnhXS52Eulf,"Cold Plane AC, Place HMA, Repair Culvert and Drainage System",California Department of Transportation (Caltrans),Santa Clara,San Jose,Closed,construction,cold-plane-ac-place-hma-repair-culvert-and-drainage-system-cal-trans-district-4,79,yes,results,construction,https://www.bidthebay.com/construction-project-details/cold-plane-ac-place-hma-repair-culvert-and-drainage-system-cal-trans-district-4/r/recJeUSnhXS52Eulf,2026-09-07T15:49:52-07:00,200,no,,recently_closed,no
recJfh1qFBzAUUDt7,Male & Female Gym Locker Room Renovations at Sector San Francisco,U.S. Coast Guard,San Francisco,San Francisco,Open,construction,male-female-gym-locker-room-renovations-at-sector-san-francisco-us-coast-guard,78,yes,open,construction,https://www.bidthebay.com/construction-project-details/male-female-gym-locker-room-renovations-at-sector-san-francisco-us-coast-guard/r/recJfh1qFBzAUUDt7,2026-09-07T10:25:35-07:00,851,no,,open_solicitation,no
recJgP4tZzr9LkiqE,Shannon Elementary School - Site Electrical,West Contra Costa Unified School District,Contra Costa,Pinole,Closed,construction,shannon-elementary-school-site-electrical-west-contra-costa-unified-school-district,83,yes,results,construction,https://www.bidthebay.com/construction-project-details/shannon-elementary-school-site-electrical-west-contra-costa-unified-school-district/r/recJgP4tZzr9LkiqE,2026-03-27T09:40:25-07:00,112,yes,,award_results,no
recJhRW4CHE05sdLg,"DW Swimming Pool Modernization (AH, EV, OG)",East Side Union High School District,Santa Clara,San Jose,Closed,construction; professional services,dw-swimming-pool-modernization-ah-ev-og-east-side-union-high-school-district,76,yes,results,construction,https://www.bidthebay.com/construction-project-details/dw-swimming-pool-modernization-ah-ev-og-east-side-union-high-school-district/r/recJhRW4CHE05sdLg,2026-09-04T00:01:56-07:00,663,no,,multi_category_provisional_construction,yes
recJhWnOkMqBxMJQC,As-Needed Electrical Services,City of Santa Clara,Santa Clara,Santa Clara,Open,construction,as-needed-electrical-services-santa-clara,41,yes,open,construction,https://www.bidthebay.com/construction-project-details/as-needed-electrical-services-santa-clara/r/recJhWnOkMqBxMJQC,2026-09-09T22:34:34-07:00,340,no,,open_solicitation,no
recJheYaoEo18N9ts,14th Street Safety Project,City of Oakland,Alameda,Oakland,Closed,construction,14th-street-safety-project-city-of-oakland,42,no,,,,2026-03-28T09:18:41-07:00,496,no,,closed_stale_no_results,no
recJj9rB0WU0IGX8o,Building 22-27 Bathroom Renovations at Sector San Francisco,U.S. Coast Guard,San Francisco,San Francisco,Open,construction,building-22-27-bathroom-renovations-at-sector-san-francisco-us-coast-guard,74,yes,open,construction,https://www.bidthebay.com/construction-project-details/building-22-27-bathroom-renovations-at-sector-san-francisco-us-coast-guard/r/recJj9rB0WU0IGX8o,2026-09-07T10:27:24-07:00,445,no,,open_solicitation,no
recJkMR2x1ne3tphp,Martin Luther King Jr Way Complete Streets Resurfacing Project,City of Oakland,Alameda,Oakland,Closed,construction,martin-luther-king-jr-way-complete-streets-resurfacing-project-city-of-oakland,78,yes,results,construction,https://www.bidthebay.com/construction-project-details/martin-luther-king-jr-way-complete-streets-resurfacing-project-city-of-oakland/r/recJkMR2x1ne3tphp,2026-05-08T00:47:37-07:00,618,no,,recently_closed,no
recJkiPSG0ZF4oaXB,On-Call Construction Management Services for Sanitary Sewer Collection Systems,City of San Mateo,San Mateo,San Mateo,Closed,professional services,on-call-construction-management-services-for-sanitary-sewer-collection-systems-city-of-san-mateo,96,yes,results,professional services,https://www.bidthebay.com/professional-services-project-details/on-call-construction-management-services-for-sanitary-sewer-collection-systems-city-of-san-mateo/r/recJkiPSG0ZF4oaXB,2026-07-10T03:00:46-07:00,209,no,,recently_closed,no
recJpiuzdSAGBlAiM,Bale Slough - Bear Creek Restoration Project - Group B,County of Napa,Napa,Napa,Closed,construction,bale-slough-bear-creek-restoration-project-group-b-county-of-napa,65,yes,results,construction,https://www.bidthebay.com/construction-project-details/bale-slough-bear-creek-restoration-project-group-b-county-of-napa/r/recJpiuzdSAGBlAiM,2026-07-30T08:24:21-07:00,368,yes,,award_results,no
recJqQ9AhsRus4ZWi,WV Facilities Building Water Intrusion,West Valley Mission Community College District,Santa Clara,Saratoga,Closed,construction,wv-facilities-building-water-intrusion-west-valley-mission-community-college-district,85,yes,results,construction,https://www.bidthebay.com/construction-project-details/wv-facilities-building-water-intrusion-west-valley-mission-community-college-district/r/recJqQ9AhsRus4ZWi,2026-09-07T10:29:36-07:00,240,yes,,award_results,no
recJqgKIGva8a5gBe,Citywide Emergency Sanitary Sewer Rehabilitation,City of Oakland,Alameda,Oakland,Closed,construction,citywide-emergency-sanitary-sewer-rehabilitation-city-of-oakland,64,no,,,,2026-03-30T11:07:41-07:00,1047,no,,closed_stale_no_results,no
recJsWp3f79HFneqJ,Mills Creek Mitigation Project,City of Burlingame,San Mateo,Burlingame,Closed,construction,mills-creek-mitigation-project-city-of-burlingame,49,yes,results,construction,https://www.bidthebay.com/construction-project-details/mills-creek-mitigation-project-city-of-burlingame/r/recJsWp3f79HFneqJ,2026-09-11T00:02:09-07:00,151,no,,recently_closed,no
recJuj0n2wydGso1a,Irrigation Repair and Installation Services  ,California Department of Transportation (Caltrans),Santa Clara,Santa Clara & Alameda Counties,Closed,construction,irrigation-repair-and-installation-services-cal-trans-district-4,64,no,,,,2026-09-11T00:01:15-07:00,0,no,No description at all,closed_stale_no_results,no
recJzHqn2iFYtKDPj,Marina Lagoon Operations and Maintenance Permit Assistance,City of San Mateo,San Mateo,San Mateo,Closed,professional services,marina-lagoon-operations-and-maintenance-permit-assistance-city-of-san-mateo,76,yes,results,professional services,https://www.bidthebay.com/professional-services-project-details/marina-lagoon-operations-and-maintenance-permit-assistance-city-of-san-mateo/r/recJzHqn2iFYtKDPj,2026-07-10T04:17:25-07:00,342,no,,recently_closed,no
recK2BazoxBmOZf3Z,On-Call Utilities Engineering Services,City of Gilroy,Santa Clara,Gilroy,Closed,professional services,on-call-utilities-engineering-services-city-of-gilroy,53,yes,results,professional services,https://www.bidthebay.com/professional-services-project-details/on-call-utilities-engineering-services-city-of-gilroy/r/recK2BazoxBmOZf3Z,2026-08-21T09:27:26-07:00,224,yes,,award_results,no
recK50ti1ek51j76W,Rheem Blvd & Chalda Slide Repair Project,Town of Moraga,Contra Costa,Moraga,Closed,professional services,rheem-blvd-chalda-slide-repair-project-town-of-moraga,53,yes,results,professional services,https://www.bidthebay.com/professional-services-project-details/rheem-blvd-chalda-slide-repair-project-town-of-moraga/r/recK50ti1ek51j76W,2026-06-11T00:01:29-07:00,755,no,,recently_closed,no
recK58NzamiLHZ2AY,Pool for Minor Construction and Maintenance Services,Oakland Housing Authority,Alameda,Oakland,Open,construction,pool-for-minor-construction-and-maintenance-services-oakland-housing-authority,78,yes,open,construction,https://www.bidthebay.com/construction-project-details/pool-for-minor-construction-and-maintenance-services-oakland-housing-authority/r/recK58NzamiLHZ2AY,2026-09-08T20:20:38-07:00,1613,no,,open_solicitation,no
recK5G7JLFbIaLWO9,Reservoir Ground Monitoring Survey and As-Needed Surveying and Ancillary Services,Alameda County Water District,Alameda,Alameda ,Closed,professional services,reservoir-ground-monitoring-survey-and-as-needed-surveying-and-ancillary-services-alameda-county-water-district,111,yes,results,professional services,https://www.bidthebay.com/professional-services-project-details/reservoir-ground-monitoring-survey-and-as-needed-surveying-and-ancillary-services-alameda-county-water-district/r/recK5G7JLFbIaLWO9,2026-04-23T17:12:05-07:00,208,no,,recently_closed,no
recK5yFYWfLNv71Uc,Golden Gate Suspension Bridge Seismic Retrofit Contract 1 North and South Towers and North and South Side Spans Structural Steel Fabrication and Shop Painting Inspection Services,"Golden Gate Bridge, Highway and Transportation District",San Francisco; Marin,San Francisco / Marin County,Closed,professional services,golden-gate-suspension-bridge-seismic-retrofit-contract-1-north-and-south-towers-and-north-and-south-side-spans-structural-steel-fabrication-and-shop-painting-inspection-services-golden-gate-bridge-highway-and-transportation-district,233,yes,results,professional services,https://www.bidthebay.com/professional-services-project-details/golden-gate-suspension-bridge-seismic-retrofit-contract-1-north-and-south-towers-and-north-and-south-side-spans-structural-steel-fabrication-and-shop-painting-inspection-services-golden-gate-bridge-highway-and-transportation-district/r/recK5yFYWfLNv71Uc,2026-06-10T00:13:07-07:00,318,no,,recently_closed,no
recK76zpI6RyrrgdF,CCCFPD On-Call District-Wide Wood and Iron Fence Installation and Repair Work,Contra Costa County,Contra Costa,Contra Costa,Closed,construction,cccfpd-on-call-district-wide-wood-and-iron-fence-installation-and-repair-work-contra-costa-county,97,yes,results,construction,https://www.bidthebay.com/construction-project-details/cccfpd-on-call-district-wide-wood-and-iron-fence-installation-and-repair-work-contra-costa-county/r/recK76zpI6RyrrgdF,2026-07-28T10:06:01-07:00,0,yes,No description at all,award_results,no
recK7ZLRb8WWBzBOX,Cold Plane Asphalt Concrete Pavement and Place Hot Mix Asphalt,California Department of Transportation (Caltrans),Solano,Dixon,Closed,construction,cold-plane-asphalt-concrete-pavement-and-place-hot-mix-asphalt-cal-trans-district-4,83,yes,results,construction,https://www.bidthebay.com/construction-project-details/cold-plane-asphalt-concrete-pavement-and-place-hot-mix-asphalt-cal-trans-district-4/r/recK7ZLRb8WWBzBOX,2026-09-07T15:49:52-07:00,308,yes,,award_results,no
recK8Npx4zAP4rUsj,Chain of Lakes PFAS Treatment Plant Process Optimization Study,Zone 7 Water Agency ,Alameda,Livermore,Closed,professional services,chain-of-lakes-pfas-treatment-plant-process-optimization-study-zone-7-water-agency,82,yes,results,professional services,https://www.bidthebay.com/professional-services-project-details/chain-of-lakes-pfas-treatment-plant-process-optimization-study-zone-7-water-agency/r/recK8Npx4zAP4rUsj,2026-07-30T09:41:53-07:00,170,no,,recently_closed,no
recKBRbSiZqy5oilw,CHP Hayward Area office - HVAC Maintenance Services,California Highway Patrol,Alameda,Hayward,Closed,construction,chp-hayward-area-office-hvac-maintenance-services-california-highway-patrol,75,yes,results,construction,https://www.bidthebay.com/construction-project-details/chp-hayward-area-office-hvac-maintenance-services-california-highway-patrol/r/recKBRbSiZqy5oilw,2026-06-11T00:01:34-07:00,159,no,,recently_closed,no
recKBZ89fcOjbnrdv,Dixon Fire Station 82 Project,City of Dixon,Solano,Dixon,Closed,construction,dixon-fire-station-82-project-city-of-dixon,43,yes,results,construction,https://www.bidthebay.com/construction-project-details/dixon-fire-station-82-project-city-of-dixon/r/recKBZ89fcOjbnrdv,2026-08-11T07:07:32-07:00,553,yes,,award_results,no
recKCg62lhKYYHpev,Right of Way Fencing,San Mateo County Transit District,San Mateo,San Carlos,Closed,construction,right-of-way-fencing-san-mateo-county-transit-district,54,yes,results,construction,https://www.bidthebay.com/construction-project-details/right-of-way-fencing-san-mateo-county-transit-district/r/recKCg62lhKYYHpev,2026-03-24T08:39:01-07:00,247,yes,,award_results,no
recKDIB94WGgPYJcH,Santa Clara Convention Center - HVAC Chilled Water & Cooling Tower Replacement,City of Santa Clara,Santa Clara,Santa Clara,Closed,construction,santa-clara-convention-center-hvac-chilled-water-cooling-tower-replacement-city-of-santa-clara,94,yes,results,construction,https://www.bidthebay.com/construction-project-details/santa-clara-convention-center-hvac-chilled-water-cooling-tower-replacement-city-of-santa-clara/r/recKDIB94WGgPYJcH,2026-07-31T13:05:32-07:00,589,no,,recently_closed,no
recKDsLE3UVeIvTwS,Replacement of Capehart Roofing Phase IV,National Park Service,Marin,Sausalito,Closed,construction,replacement-of-capehart-roofing-phase-iv-national-park-service,62,yes,results,construction,https://www.bidthebay.com/construction-project-details/replacement-of-capehart-roofing-phase-iv-national-park-service/r/recKDsLE3UVeIvTwS,2026-07-14T03:55:00-07:00,486,no,,recently_closed,no
recKEahsHRxp2oJWQ,Sunnyvale School District Office Exterior Improvements - Rebid,Sunnyvale School District,Santa Clara,Sunnyvale,Closed,construction,sunnyvale-school-district-office-exterior-improvements-rebid-sunnyvale-school-district,86,yes,results,construction,https://www.bidthebay.com/construction-project-details/sunnyvale-school-district-office-exterior-improvements-rebid-sunnyvale-school-district/r/recKEahsHRxp2oJWQ,2026-05-12T17:01:11-07:00,124,no,,recently_closed,no
recKFgFuc31lmorWa,2026 Pavement Maintenance Project,Town of Tiburon,Marin,Tiburon ,Closed,construction,2026-pavement-maintenance-project-town-of-tiburon,49,yes,results,construction,https://www.bidthebay.com/construction-project-details/2026-pavement-maintenance-project-town-of-tiburon/r/recKFgFuc31lmorWa,2026-07-28T08:55:18-07:00,155,yes,,award_results,no
recKH5BuBHSVlk6yn,Asset Protection - Fencing and Gates,Solano County,Solano,Fairfield,Closed,construction,asset-protection-fencing-and-gates-solano-county,48,no,,,,2026-03-28T10:10:16-07:00,735,no,,closed_stale_no_results,no
recKH6a8iR42yUbkH,Emerald Glen Ballfield Improvement – Shade Structures,Dublin Unified School District,Alameda,Dublin,Closed,construction,emerald-glen-ballfield-improvement-shade-structures-dublin-unified-school-district,82,no,,,,2026-07-10T12:10:40-07:00,43,no,,closed_stale_no_results,no
recKN6bMOCn6GaEpy,Guadalupe Elementary School - Play Structure,San Francisco Unified School District,San Francisco,San Francisco,Closed,construction,guadalupe-elementary-school-play-structure-san-francisco-unified-school-district,80,yes,results,construction,https://www.bidthebay.com/construction-project-details/guadalupe-elementary-school-play-structure-san-francisco-unified-school-district/r/recKN6bMOCn6GaEpy,2026-04-28T09:31:33-07:00,698,yes,,award_results,no
recKNg0SMk2wP2HS2,Public Works Wastewater Division 2026 On-Call Engineering Services,City of Pacifica ,San Mateo,Pacifica ,Closed,professional services,public-works-wastewater-division-2026-on-call-engineering-services-city-of-pacifica,83,yes,results,professional services,https://www.bidthebay.com/professional-services-project-details/public-works-wastewater-division-2026-on-call-engineering-services-city-of-pacifica/r/recKNg0SMk2wP2HS2,2026-05-23T11:14:20-07:00,200,no,,recently_closed,no
recKOB2DfT6Tx1cZY,Scott House Renovations,City of Novato,Marin,Novato,Open,construction,scott-house-renovations-city-of-novato,38,yes,open,construction,https://www.bidthebay.com/construction-project-details/scott-house-renovations-city-of-novato/r/recKOB2DfT6Tx1cZY,2026-09-05T21:19:42-07:00,2994,no,,open_solicitation,no
recKOTKenxXxzQ6u1,Wildcat Fish Passage Implementation Project,Contra Costa County,Contra Costa,Contra Costa County,Closed,construction,wildcat-fish-passage-implementation-project-contra-costa-county,63,yes,results,construction,https://www.bidthebay.com/construction-project-details/wildcat-fish-passage-implementation-project-contra-costa-county/r/recKOTKenxXxzQ6u1,2026-09-10T08:50:36-07:00,554,yes,,award_results,no
recKOYMlvEmvsRhYN,Replacement of Edgewater Drive Bridges (Right/NB & Left/SB),City of Oakland,Alameda,Oakland,Closed,construction,replacement-of-edgewater-drive-bridges-right-nb-left-sb-city-of-oakland,71,no,,,,2026-03-31T11:44:20-07:00,541,no,,closed_stale_no_results,no
recKPwGt2DpnOUPiX,East Burlingame Terrace Subdivision Water Main Replacement Project & Valve Replacement Project Phase III,City of Burlingame,San Mateo,Burlingame,Closed,construction,east-burlingame-terrace-subdivision-water-main-replacement-project-valve-replacement-project-phase-iii-city-of-burlingame,121,yes,results,construction,https://www.bidthebay.com/construction-project-details/east-burlingame-terrace-subdivision-water-main-replacement-project-valve-replacement-project-phase-iii-city-of-burlingame/r/recKPwGt2DpnOUPiX,2026-08-19T00:04:05-07:00,1068,no,,recently_closed,no
recKQZVhGLLzIBUlI,Harvest Park MS Field Renovations - Hard Court Renovations,Pleasanton Unified School District,Alameda,Pleasanton,Closed,construction,harvest-park-ms-field-renovations-hard-court-renovations-pleasanton-unified-school-district,91,yes,results,construction,https://www.bidthebay.com/construction-project-details/harvest-park-ms-field-renovations-hard-court-renovations-pleasanton-unified-school-district/r/recKQZVhGLLzIBUlI,2026-05-05T17:01:18-07:00,392,no,,recently_closed,no
recKQga9uaatHbbV1,Saratoga Avenue Sewer Rehabilitation Project,West Valley Sanitation District,Santa Clara,Saratoga,Closed,construction,saratoga-avenue-sewer-rehabilitation-project-west-valley-sanitation-district,76,yes,results,construction,https://www.bidthebay.com/construction-project-details/saratoga-avenue-sewer-rehabilitation-project-west-valley-sanitation-district/r/recKQga9uaatHbbV1,2026-06-05T08:41:40-07:00,444,yes,,award_results,no
recKQvhVsyA9U8rLg,Residential Street Light Replacement Project,Town of Colma,San Mateo,Colma,Closed,construction,residential-street-light-replacement-project-town-of-colma,58,no,,,,2026-04-11T10:47:41-07:00,457,no,,closed_stale_no_results,no
recKT9Ae4PBdyXGez,1700 Sango Court Building Demolition,City of Milpitas,Santa Clara,Milpitas,Open,construction,1700-sango-court-building-demolition-city-of-milpitas,53,yes,open,construction,https://www.bidthebay.com/construction-project-details/1700-sango-court-building-demolition-city-of-milpitas/r/recKT9Ae4PBdyXGez,2026-09-03T08:53:06-07:00,419,no,,open_solicitation,no
recKVLwlZoLoOBkVZ,Install Security Fence and Rock Mulch in the City and County of San Francisco,California Department of Transportation (Caltrans),San Francisco,San Francisco,Closed,construction,install-security-fence-and-rock-mulch-in-the-city-and-county-of-san-francisco-california-department-of-transportation,117,no,,,,2026-09-07T15:50:31-07:00,0,no,No description at all,closed_stale_no_results,no
recKbce5x93N59FOC,James Logan High School - Generator & Fence Project,New Haven Unified School District,Alameda,Union City,Closed,construction,james-logan-high-school-generator-fence-project-new-haven-unified-school-district,81,yes,results,construction,https://www.bidthebay.com/construction-project-details/james-logan-high-school-generator-fence-project-new-haven-unified-school-district/r/recKbce5x93N59FOC,2026-07-22T20:26:30-07:00,280,yes,,award_results,no
recKdvgq92zV09tZE,CCCFPD On-Call District-Wide Masonry Wall Installation and Repair Work,Contra Costa County,Contra Costa,Various Cities,Closed,construction,cccfpd-on-call-district-wide-masonry-wall-installation-and-repair-work-contra-costa-county,90,yes,results,construction,https://www.bidthebay.com/construction-project-details/cccfpd-on-call-district-wide-masonry-wall-installation-and-repair-work-contra-costa-county/r/recKdvgq92zV09tZE,2026-06-26T08:32:11-07:00,179,no,,recently_closed,no
recKhOzXu4p0NibQE,New Shade Structure at La Paloma High School Project,Liberty Union High School District,Contra Costa,Brentwood,Closed,construction,new-shade-structure-at-la-paloma-high-school-project-liberty-union-high-school-district,87,yes,results,construction,https://www.bidthebay.com/construction-project-details/new-shade-structure-at-la-paloma-high-school-project-liberty-union-high-school-district/r/recKhOzXu4p0NibQE,2026-08-07T10:50:09-07:00,376,no,,recently_closed,no
recKimYyY3yx7WRjF,2026 Road Sealant Project,County of Marin,Marin,Multiple cities in Marin County,Closed,construction,2026-road-sealant-project-county-of-marin,41,yes,results,construction,https://www.bidthebay.com/construction-project-details/2026-road-sealant-project-county-of-marin/r/recKimYyY3yx7WRjF,2026-04-11T10:49:50-07:00,400,no,,recently_closed,no
recKlQOlXmnzTVJ4I,San Pedro Valley Shop Sewer Line Replacement,County of San Mateo,San Mateo,Pacifica,Closed,construction,san-pedro-valley-shop-sewer-line-replacement-county-of-san-mateo,64,yes,results,construction,https://www.bidthebay.com/construction-project-details/san-pedro-valley-shop-sewer-line-replacement-county-of-san-mateo/r/recKlQOlXmnzTVJ4I,2026-04-19T22:33:12-07:00,1367,no,,recently_closed,no
recKmBQqq64yriHz9,Cargo Building 720.1 & GSE Building 742 Project - Site Paving & Hardscape,San Francisco International Airport,San Mateo,San Francisco,Closed,construction,cargo-building-720-1-gse-building-742-project-site-paving-hardscape-san-francisco-international-airport-sfo,107,yes,results,construction,https://www.bidthebay.com/construction-project-details/cargo-building-720-1-gse-building-742-project-site-paving-hardscape-san-francisco-international-airport-sfo/r/recKmBQqq64yriHz9,2026-09-07T10:43:39-07:00,309,no,,recently_closed,no
recKnA1fRRGwyfwM6,Gnoss Field Airport Fuel Farm Secondary Containment Upgrade,County of Marin,Marin,Novato,Closed,construction,gnoss-field-airport-fuel-farm-secondary-containment-upgrade-county-of-marin,75,yes,results,construction,https://www.bidthebay.com/construction-project-details/gnoss-field-airport-fuel-farm-secondary-containment-upgrade-county-of-marin/r/recKnA1fRRGwyfwM6,2026-05-05T17:01:28-07:00,287,no,,recently_closed,no
recKnM41Kq9oJzZ53,Early Childhood Lab Building (Bldg.3500) & Play Yard Alterations at Chabot College,Chabot Las Positas Community College District,Alameda,Hayward,Closed,construction,early-childhood-lab-building-bldg-3500-play-yard-alterations-at-chabot-college-chabot-las-positas-community-college-district,124,yes,results,construction,https://www.bidthebay.com/construction-project-details/early-childhood-lab-building-bldg-3500-play-yard-alterations-at-chabot-college-chabot-las-positas-community-college-district/r/recKnM41Kq9oJzZ53,2026-05-11T00:19:51-07:00,0,yes,No description at all,award_results,no
recKp4tWIkcb622bZ,Access Control Install at District Office and MOT Building,Sequoia Union High School District,San Mateo,Redwood City,Closed,construction,access-control-install-at-district-office-and-mot-building-sequoia-union-high-school-district,93,yes,results,construction,https://www.bidthebay.com/construction-project-details/access-control-install-at-district-office-and-mot-building-sequoia-union-high-school-district/r/recKp4tWIkcb622bZ,2026-07-08T21:46:02-07:00,130,yes,,award_results,no
recKvVr6H8fdPrsSV,Venetia Valley Temporary Portable Building,San Rafael City Schools ,Marin,San Rafael,Closed,construction,venetia-valley-temporary-portable-building-san-rafael-city-schools,66,yes,results,construction,https://www.bidthebay.com/construction-project-details/venetia-valley-temporary-portable-building-san-rafael-city-schools/r/recKvVr6H8fdPrsSV,2026-05-15T20:15:06-07:00,363,yes,,award_results,no
recKvgn2Iemi2eLhe,Asset Protection - Painting and Coating,Solano County,Solano,Fairfield,Closed,construction,asset-protection-painting-and-coating-solano-county,51,no,,,,2026-03-28T10:08:36-07:00,737,no,,closed_stale_no_results,no
recKxAvNtUjQfH1NP,East Pipeline Inspection and Rehabilitation Project,Santa Clara Valley Water District,Santa Clara,San Jose,Closed,construction,east-pipeline-inspection-and-rehabilitation-project-santa-clara-valley-water-district,85,no,,,,2026-04-15T17:01:28-07:00,166,no,,closed_stale_no_results,no
recKxI44eQDoXjouE,Ida Jew and Robert Sanders Re-Roofing and Painting ,Mount Pleasant Elementary School District,Santa Clara,San Jose,Closed,construction,ida-jew-and-robert-sanders-re-roofing-and-painting-mount-pleasant-elementary-school-district,92,no,,,,2026-04-11T10:46:57-07:00,353,no,,closed_stale_no_results,no
recL4w8pgSXEomDvS,"2026 Rodeo Fiberized Slurry Seal, Overlays, and Curb Ramps Project",Contra Costa County,Contra Costa,Rodeo,Closed,construction,2026-rodeo-fiberized-slurry-seal-overlays-and-curb-ramps-project-contra-costa-county,84,yes,results,construction,https://www.bidthebay.com/construction-project-details/2026-rodeo-fiberized-slurry-seal-overlays-and-curb-ramps-project-contra-costa-county/r/recL4w8pgSXEomDvS,2026-09-10T08:51:49-07:00,507,yes,,award_results,no
recL6cEKZGtpImCYR,Grayson & Walnut Creeks Levee Improvement at CCCSD Treatment Plant Project,Contra Costa Public Works,Contra Costa,Martinez,Closed,construction,grayson-walnut-creeks-levee-improvement-at-cccsd-treatment-plant-project-contra-costa-public-works,98,no,,,,2026-03-24T08:44:13-07:00,526,no,,closed_stale_no_results,no
recL9zC3dnLWDuYEV,Central CPA Replacement,City and County of San Francisco,San Francisco,San Francisco,Closed,construction,central-cpa-replacement-city-and-county-of-san-francisco,56,no,,,,2026-04-11T10:46:06-07:00,89,no,,closed_stale_no_results,no
recLBk7f3STnf1hSU,Bell Canyon Intake Tower and Valve House Construction Management and Inspection Services,City of St. Helena ,Napa,St. Helena,Closed,professional services,bell-canyon-intake-tower-and-valve-house-construction-management-and-inspection-services-city-of-st-helena,106,yes,results,professional services,https://www.bidthebay.com/professional-services-project-details/bell-canyon-intake-tower-and-valve-house-construction-management-and-inspection-services-city-of-st-helena/r/recLBk7f3STnf1hSU,2026-07-07T00:01:46-07:00,616,no,,recently_closed,no
recLD3TEER1sNybs2,Pier 80 Improvements,Port of San Francisco,San Francisco,San Francisco,Closed,construction,pier-80-improvements-port-of-san-francisco,42,no,,,,2026-04-14T07:39:53-07:00,709,no,,closed_stale_no_results,no
recLEB78RYleaHWcj,Annual Sidewalk Repair Program FY25-26,City of Piedmont,Alameda,Piedmont,Closed,construction,annual-sidewalk-repair-program-fy25-26-city-of-piedmont,55,yes,results,construction,https://www.bidthebay.com/construction-project-details/annual-sidewalk-repair-program-fy25-26-city-of-piedmont/r/recLEB78RYleaHWcj,2026-03-30T09:58:40-07:00,0,yes,No description at all,award_results,no
recLFnbcHQGwfUZ6h,Pescadero Community Microgrid Engineering Services,Peninsula Clean Energy (PCE),San Mateo,Pescadero,Open,professional services,pescadero-community-microgrid-engineering-services-peninsula-clean-energy,73,yes,open,professional services,https://www.bidthebay.com/professional-services-project-details/pescadero-community-microgrid-engineering-services-peninsula-clean-energy/r/recLFnbcHQGwfUZ6h,2026-09-07T11:36:49-07:00,1634,no,,open_solicitation,no
recLJS0CZWbGY6KDk,Moraga Road and Canyon Road Complete Streets Project,Contra Costa Transportation Authority,Contra Costa,"Moraga, Danville",Closed,construction,moraga-road-and-canyon-road-complete-streets-project-contra-costa-transportation-authority,90,yes,results,construction,https://www.bidthebay.com/construction-project-details/moraga-road-and-canyon-road-complete-streets-project-contra-costa-transportation-authority/r/recLJS0CZWbGY6KDk,2026-08-20T09:49:25-07:00,381,yes,,award_results,no
recLNYPVCb5QIBZk4,"Design-Build Installation Services for Electric Vehicle Charging Infrastructure, Phase 1, District  ",Central Contra Costa Sanitary District,Contra Costa,Contra Costa,Closed,construction; professional services,design-build-installation-services-for-electric-vehicle-charging-infrastructure-phase-1-district-central-contra-costa-sanitary-district,135,no,,,,2026-03-24T07:41:22-07:00,472,no,,closed_stale_no_results,no
recLPAxvNMC3xJYE8,Station San Francisco Male & Female Bathroom Renovation,U.S. Coast Guard,San Francisco,San Francisco,Closed,construction,station-san-francisco-male-female-bathroom-renovation-us-coast-guard,68,yes,results,construction,https://www.bidthebay.com/construction-project-details/station-san-francisco-male-female-bathroom-renovation-us-coast-guard/r/recLPAxvNMC3xJYE8,2026-09-07T10:26:51-07:00,567,no,,recently_closed,no
recLQptXJv3hkbmFi,Canceled: Asset Protection - Demolition,Solano County,Solano,Fairfield,Closed,construction,canceled-asset-protection-demolition-solano-county,50,no,,,,2026-07-21T06:04:32-07:00,725,no,,closed_stale_no_results,no
recLQunYOqYazfXag,Santa Rosa Ave at Bellevue Ave Traffic Signal,City of Santa Rosa,Sonoma,Santa Rosa,Closed,construction,santa-rosa-ave-at-bellevue-ave-traffic-signal-city-of-santa-rosa,64,yes,results,construction,https://www.bidthebay.com/construction-project-details/santa-rosa-ave-at-bellevue-ave-traffic-signal-city-of-santa-rosa/r/recLQunYOqYazfXag,2026-06-24T00:05:46-07:00,234,no,,recently_closed,no
recLUcYZ0Ljz6QBUj,DM FY21 Dwinelle Hall HVAC System Refurbishment - Rebid,UC Berkeley,Alameda,Berkeley,Closed,construction,dm-fy21-dwinelle-hall-hvac-system-refurbishment-rebid-uc-berkeley,65,yes,results,construction,https://www.bidthebay.com/construction-project-details/dm-fy21-dwinelle-hall-hvac-system-refurbishment-rebid-uc-berkeley/r/recLUcYZ0Ljz6QBUj,2026-09-05T22:51:56-07:00,305,yes,,award_results,no
recLUxboGZ7aBE3F9,Non-Routine and Routine Electrical Services  ,California Department of Transportation (Caltrans),Alameda; Contra Costa; Marin; Napa; San Francisco; San Mateo; Santa Clara; Sonoma; Solano,"Alameda, Contra Costa, Marin, Napa, San Francisco, San Mateo, Santa Clara, Solano, Sonoma counties",Closed,construction,non-routine-and-routine-electrical-services-cal-trans-district-4,64,no,,,,2026-09-07T15:49:52-07:00,622,no,,closed_stale_no_results,no
recLVWSM2e8NKCgwP,Terra Linda High School Track Events Relocation Project,San Rafael City Schools,Marin,San Rafael,Closed,construction,terra-linda-high-school-track-events-relocation-project-san-rafael-city-schools,79,yes,results,construction,https://www.bidthebay.com/construction-project-details/terra-linda-high-school-track-events-relocation-project-san-rafael-city-schools/r/recLVWSM2e8NKCgwP,2026-04-23T20:59:20-07:00,310,yes,,award_results,no
recLYChJrpnTzAwan,"Upgrade S3, S7, and Seminar Flat Roofs",Foothill-De Anza Community College District,Santa Clara,Cupertino,Closed,construction,upgrade-s3-s7-and-seminar-flat-roofs-foothill-de-anza-community-college-district,80,yes,results,construction,https://www.bidthebay.com/construction-project-details/upgrade-s3-s7-and-seminar-flat-roofs-foothill-de-anza-community-college-district/r/recLYChJrpnTzAwan,2026-03-30T10:15:57-07:00,234,yes,,award_results,no
recLZ1lhYQqu7gXOV,Replace Existing Overhead Sign Panel in San Francisco County,California Department of Transportation (Caltrans),San Francisco,San Francisco ,Closed,construction,replace-existing-overhead-sign-panel-in-san-francisco-county-cal-trans-district-4,81,yes,results,construction,https://www.bidthebay.com/construction-project-details/replace-existing-overhead-sign-panel-in-san-francisco-county-cal-trans-district-4/r/recLZ1lhYQqu7gXOV,2026-09-07T15:49:52-07:00,0,no,No description at all,recently_closed,no
recLZOxr8xmHEzTTg,Meredith Pier Access Improvements Project,County of Sonoma,Sonoma,Bodega,Closed,construction,meredith-pier-access-improvements-project-county-of-sonoma,58,yes,results,construction,https://www.bidthebay.com/construction-project-details/meredith-pier-access-improvements-project-county-of-sonoma/r/recLZOxr8xmHEzTTg,2026-05-21T17:09:56-07:00,171,no,,recently_closed,no
recLZjxoBooTsRBa3,Airport Architectural Design and Engineering Consulting Services,City of Livermore,Alameda,Livermore ,Closed,professional services,airport-architectural-design-and-engineering-consulting-services-city-of-livermore,82,yes,results,professional services,https://www.bidthebay.com/professional-services-project-details/airport-architectural-design-and-engineering-consulting-services-city-of-livermore/r/recLZjxoBooTsRBa3,2026-07-14T03:34:13-07:00,0,no,No description at all,recently_closed,no
recLZlh0ED0PWjsaY,795 Skyway Road Building Replacement Project,County of San Mateo,San Mateo,San Carlos,Closed,construction,795-skyway-road-building-replacement-project-county-of-san-mateo,64,no,,,,2026-03-28T10:09:14-07:00,406,no,,closed_stale_no_results,no
recLbZmQGVQizTEV5,Pump Station Security Upgrades ,San Francisco Public Utilities Commission,San Francisco,San Francisco,Closed,construction,pump-station-security-upgrades-san-francisco-public-utilities-commission,72,no,,,,2026-06-27T20:31:44-07:00,443,no,,closed_stale_no_results,no
recLh1jUWqrNceUtm,Mastick Senior Center Roof Drains,City of Alameda,Alameda,Alameda,Closed,construction,mastick-senior-center-roof-drains-city-of-alameda,49,no,,,,2026-04-11T10:49:24-07:00,335,no,,closed_stale_no_results,no
recLhQMw1llzwIe3r,MDUSD 2026 Roofing Project - Holbrook Language Academy and Valle Verde Elementary School,Mount Diablo Unified School District,Contra Costa,"Concord, Walnut Creek ",Closed,construction,mdusd-2026-roofing-project-holbrook-language-academy-and-valle-verde-elementary-school-mt-diablo-unified-school-district,120,yes,results,construction,https://www.bidthebay.com/construction-project-details/mdusd-2026-roofing-project-holbrook-language-academy-and-valle-verde-elementary-school-mt-diablo-unified-school-district/r/recLhQMw1llzwIe3r,2026-09-07T11:36:49-07:00,135,yes,,award_results,no
recLibrYFMd248Zdl,2026 Concrete Improvements Project (Phase 1 of Cape Seal Project),City of Vallejo,Solano,Vallejo,Closed,construction,2026-concrete-improvements-project-phase-1-of-cape-seal-project-city-of-vallejo,79,yes,results,construction,https://www.bidthebay.com/construction-project-details/2026-concrete-improvements-project-phase-1-of-cape-seal-project-city-of-vallejo/r/recLibrYFMd248Zdl,2026-07-10T00:02:41-07:00,884,no,,recently_closed,no
recLj1FRyeuiPB54W,Infrastructure Maintenance and Environmental Services,San Mateo County Flood and Sea Level Rise District (OneShoreline),San Mateo,San Mateo County,Closed,professional services,infrastructure-maintenance-and-environmental-services-san-mateo-county-flood-sea-level-rise-district-oneshoreline,113,no,,,,2026-09-07T11:36:49-07:00,432,no,,closed_stale_no_results,no
recLj4M5ZlpXqG4Vb,Fire Station 82 Project (Pre-Qualification),City of Dixon,Solano,Dixon,Closed,construction,fire-station-82-project-pre-qualification-city-of-dixon,55,no,,,,2026-04-11T10:49:20-07:00,769,no,,closed_stale_no_results,no
recLjYpIcLp3RnwmW,Powell Avenue at Johnson Street Pedestrian Crossing Enhancements Project,City of Healdsburg,Sonoma,Healdsburg,Closed,construction,powell-avenue-at-johnson-street-pedestrian-crossing-enhancements-project-city-of-healdsburg,91,no,,,,2026-04-11T10:49:50-07:00,374,no,,closed_stale_no_results,no
recLjwv5jviYh4v3H,Newhall Park Water Quality Improvement Project - Rebid,City of Concord,Contra Costa,Concord,Closed,construction,newhall-park-water-quality-improvement-project-rebid-city-of-concord,68,yes,results,construction,https://www.bidthebay.com/construction-project-details/newhall-park-water-quality-improvement-project-rebid-city-of-concord/r/recLjwv5jviYh4v3H,2026-06-23T05:59:51-07:00,813,yes,,award_results,no
recLmpizb3g3Ouj8O,UCB Bancroft Student Housing Building BP #10.6 - Carpet and Resilient Flooring,UC Berkeley,Alameda,Berkeley,Closed,construction,ucb-bancroft-student-housing-building-bp-10-6-carpet-and-resilient-flooring-uc-berkeley,87,yes,results,construction,https://www.bidthebay.com/construction-project-details/ucb-bancroft-student-housing-building-bp-10-6-carpet-and-resilient-flooring-uc-berkeley/r/recLmpizb3g3Ouj8O,2026-06-01T04:05:29-07:00,0,yes,No description at all,award_results,no
recLplusfHI7qcurX,Master As-Needed Solar Services,San Francisco Public Utilities Commission,San Francisco,San Francisco,Closed,construction,master-as-needed-solar-services-san-francisco-public-utilities-commission,73,no,,,,2026-06-27T20:31:44-07:00,790,no,,closed_stale_no_results,no
recLpt2Fv0wofdQaa,Vacant Turnover Preparations Project,Contra Costa County Housing Authority,Contra Costa,Various,Open,construction,vacant-turnover-preparations-project-housing-authority-of-the-county-of-contra-costa,84,yes,open,construction,https://www.bidthebay.com/construction-project-details/vacant-turnover-preparations-project-housing-authority-of-the-county-of-contra-costa/r/recLpt2Fv0wofdQaa,2026-09-07T11:37:33-07:00,303,no,,open_solicitation,no
recLujlznx3AUOf0T,"On-Call Environmental Site Assessments/Hazardous Substance Liability Assessments (ESAS/HSLAS), Remediation, Storm Water Management and Engineering Services",Santa Clara Valley Water District,Santa Clara,San Jose,Closed,professional services,on-call-environmental-site-assessments-hazardous-substance-liability-assessments-esas-hslas-remediation-storm-water-management-and-engineering-services-santa-clara-valley-water-district,185,yes,results,professional services,https://www.bidthebay.com/professional-services-project-details/on-call-environmental-site-assessments-hazardous-substance-liability-assessments-esas-hslas-remediation-storm-water-management-and-engineering-services-santa-clara-valley-water-district/r/recLujlznx3AUOf0T,2026-06-11T00:01:27-07:00,1158,no,,recently_closed,no
recLww3aOjRHDiATi,Master As-Needed Alameda Watershed Improvements,San Francisco Public Utilities Commission,Alameda; Santa Clara,Various ,Open,construction,master-as-needed-alameda-watershed-improvements-various,55,yes,open,construction,https://www.bidthebay.com/construction-project-details/master-as-needed-alameda-watershed-improvements-various/r/recLww3aOjRHDiATi,2026-09-11T05:43:49-07:00,656,no,,open_solicitation,no
recLzfEINicPH64BQ,Materials Testing Services for WW Reclamation Plant,Town of Windsor,Sonoma,Windsor,Closed,professional services,materials-testing-services-for-ww-reclamation-plant-town-of-windsor,67,yes,results,professional services,https://www.bidthebay.com/professional-services-project-details/materials-testing-services-for-ww-reclamation-plant-town-of-windsor/r/recLzfEINicPH64BQ,2026-05-14T11:26:33-07:00,0,no,No description at all,recently_closed,no
recM0dMfWZwVq52TV,"Cold plane, RHMA-G, polyester Conc overlay, CB, replace POC, & CMS system",California Department of Transportation (Caltrans),San Francisco,San Francisco,Closed,construction,cold-plane-rhma-g-polyester-conc-overlay-cb-replace-poc-cms-system-cal-trans-district-4,87,yes,results,construction,https://www.bidthebay.com/construction-project-details/cold-plane-rhma-g-polyester-conc-overlay-cb-replace-poc-cms-system-cal-trans-district-4/r/recM0dMfWZwVq52TV,2026-09-07T15:49:52-07:00,0,yes,No description at all,award_results,no
recM0kR38a2wEQZB1,2026 Crockett and Port Costa Overlays and Curb Ramps Project,Contra Costa County,Contra Costa,Crockett / Port Costa,Closed,construction,2026-crockett-and-port-costa-overlays-and-curb-ramps-project-contra-costa-county,80,yes,results,construction,https://www.bidthebay.com/construction-project-details/2026-crockett-and-port-costa-overlays-and-curb-ramps-project-contra-costa-county/r/recM0kR38a2wEQZB1,2026-09-10T08:52:20-07:00,389,yes,,award_results,no
recM1kcVG7wQ82zP7,Prospect High School Classroom & Administration Building Project,Campbell Union High School District,Santa Clara,Saratoga,Closed,construction; professional services,prospect-high-school-classroom-administration-building-project-campbell-union-high-school-district,98,yes,results,construction,https://www.bidthebay.com/construction-project-details/prospect-high-school-classroom-administration-building-project-campbell-union-high-school-district/r/recM1kcVG7wQ82zP7,2026-08-21T00:04:55-07:00,415,no,,multi_category_provisional_construction,yes
recM4eIoYzWFYq1RN,North Base Concrete Repair FY27,San Mateo County Transit District,San Mateo,South San Francisco,Closed,construction,north-base-concrete-repair-fy27-san-mateo-county-transit-district,65,yes,results,construction,https://www.bidthebay.com/construction-project-details/north-base-concrete-repair-fy27-san-mateo-county-transit-district/r/recM4eIoYzWFYq1RN,2026-09-10T10:56:22-07:00,2688,yes,,award_results,no
recM839xdaEt2TfBU,Nicasio Valley Road Paving Project,County of Marin,Marin,Nicasio,Closed,construction,nicasio-valley-road-paving-project-county-of-marin,50,yes,results,construction,https://www.bidthebay.com/construction-project-details/nicasio-valley-road-paving-project-county-of-marin/r/recM839xdaEt2TfBU,2026-08-11T08:31:54-07:00,209,yes,,award_results,no
recM8spgLPdTU3Guk,"Upgrade Camera and Cabinet Work in Solano, Sonoma, and Marin Counties",California Department of Transportation (Caltrans),Marin; Solano; Sonoma,Various Cities,Closed,construction,upgrade-camera-and-cabinet-work-in-solano-sonoma-and-marin-counties-california-department-of-transportation,107,yes,results,construction,https://www.bidthebay.com/construction-project-details/upgrade-camera-and-cabinet-work-in-solano-sonoma-and-marin-counties-california-department-of-transportation/r/recM8spgLPdTU3Guk,2026-09-07T15:50:31-07:00,0,no,No description at all,recently_closed,no
recM8uvE0CvYb9ZFS,Charging Station Removal/Replacement,Tri Delta Transit,Contra Costa,Antioch,Closed,construction,charging-station-removal-replacement-tri-delta-transit,54,yes,results,construction,https://www.bidthebay.com/construction-project-details/charging-station-removal-replacement-tri-delta-transit/r/recM8uvE0CvYb9ZFS,2026-03-24T21:25:12-07:00,300,yes,,award_results,no
recMABxHLZumqhBJt,"2026 CM, Inspection, and Materials Testing Services for Dawn Way Conveyance Improvements",Town of Windsor,Sonoma,Windsor,Closed,professional services,2026-cm-inspection-and-materials-testing-services-for-dawn-way-conveyance-improvements-town-of-windsor,102,yes,results,professional services,https://www.bidthebay.com/professional-services-project-details/2026-cm-inspection-and-materials-testing-services-for-dawn-way-conveyance-improvements-town-of-windsor/r/recMABxHLZumqhBJt,2026-05-22T17:02:01-07:00,132,no,,recently_closed,no
recMAutgD0yZsIwwV,Paradise Drive Digout Project,County of Marin,Marin,Tiburon,Open,construction,paradise-drive-digout-project-tiburon,37,yes,open,construction,https://www.bidthebay.com/construction-project-details/paradise-drive-digout-project-tiburon/r/recMAutgD0yZsIwwV,2026-09-09T22:17:55-07:00,236,no,,open_solicitation,no
recMB5RMFZ03xpOmQ,Presidio Middle School - Building Envelope Restoration,San Francisco Unified School District,San Francisco,San Francisco,Closed,construction,presidio-middle-school-building-envelope-restoration-san-francisco-unified-school-district,90,yes,results,construction,https://www.bidthebay.com/construction-project-details/presidio-middle-school-building-envelope-restoration-san-francisco-unified-school-district/r/recMB5RMFZ03xpOmQ,2026-04-26T10:13:48-07:00,426,yes,,award_results,no
recMBF39M7EOiP3ro,RVSD Fairfax Capacity and Creek Crossings Project,Ross Valley Sanitary District,Marin,Fairfax,Closed,construction,rvsd-fairfax-capacity-and-creek-crossings-project-ross-valley-sanitary-district,79,yes,results,construction,https://www.bidthebay.com/construction-project-details/rvsd-fairfax-capacity-and-creek-crossings-project-ross-valley-sanitary-district/r/recMBF39M7EOiP3ro,2026-05-13T10:59:53-07:00,1144,yes,,award_results,no
recMFuyw0fRwHi6WZ,Bus Stop Improvement Plan (BSIP): Phase 1DC,San Mateo County Transit District,San Mateo,Daly City,Closed,construction,bus-stop-improvement-plan-bsip-phase-1dc-san-mateo-county-transit-district,74,yes,results,construction,https://www.bidthebay.com/construction-project-details/bus-stop-improvement-plan-bsip-phase-1dc-san-mateo-county-transit-district/r/recMFuyw0fRwHi6WZ,2026-08-27T00:05:10-07:00,301,no,,recently_closed,no
recMGf3qwZOxHRbtY,Bahia Vista Elementary School Play Area and Field Improvements,San Rafael City Schools,Marin,San Rafael,Closed,construction,bahia-vista-elementary-school-play-area-and-field-improvements-san-rafael-city-schools,86,yes,results,construction,https://www.bidthebay.com/construction-project-details/bahia-vista-elementary-school-play-area-and-field-improvements-san-rafael-city-schools/r/recMGf3qwZOxHRbtY,2026-04-23T21:00:03-07:00,554,yes,,award_results,no
recMIiuktL67rFS5y,Fence And Gate Maintenance/Repairs,County of Sonoma,Sonoma,County of Sonoma,Closed,construction,fence-and-gate-maintenance-repairs-county-of-sonoma,51,no,,,,2026-04-11T10:46:42-07:00,144,no,,closed_stale_no_results,no
recMKau6DOTYclOC9,Stinson Beach PV System Upgrade for Golden Gate National Recreation Area,National Park Service,Marin,Stinson Beach,Closed,construction,stinson-beach-pv-system-upgrade-for-golden-gate-national-recreation-area-national-park-service,94,yes,results,construction,https://www.bidthebay.com/construction-project-details/stinson-beach-pv-system-upgrade-for-golden-gate-national-recreation-area-national-park-service/r/recMKau6DOTYclOC9,2026-07-15T04:09:06-07:00,1971,no,,recently_closed,no
recMLWrt47KcsqG5y,"Richmond HS Modernization Phase 1, Inc. 2",West Contra Costa Unified School District,Contra Costa,Richmond,Closed,construction,richmond-hs-modernization-phase-1-inc-2-west-contra-costa-unified-school-district,81,no,,,,2026-03-24T08:38:16-07:00,190,no,,closed_stale_no_results,no
recMQw9qrxK2hkFzs,Helen Putnam Kelly Creek Trail and Bridge Project,County of Sonoma,Sonoma,Petaluma,Open,construction,helen-putnam-kelly-creek-trail-and-bridge-project-county-of-sonoma,66,yes,open,construction,https://www.bidthebay.com/construction-project-details/helen-putnam-kelly-creek-trail-and-bridge-project-county-of-sonoma/r/recMQw9qrxK2hkFzs,2026-08-25T10:54:19-07:00,204,no,,open_solicitation,no
recMSS0HukYSLf1zY,CDD 2000 Marin,City and County of San Francisco,San Francisco,San Francisco,Closed,construction,cdd-2000-marin-city-and-county-of-san-francisco,47,no,,,,2026-06-13T00:03:11-07:00,400,no,,closed_stale_no_results,no
recMSVRdQVaFk1Mbq,Miracle Mile – East Pipeline Replacement Project,Marin Water (Marin Municipal Water District),Marin,San Rafael,Closed,construction,miracle-mile-east-pipeline-replacement-project-marin-water,58,yes,results,construction,https://www.bidthebay.com/construction-project-details/miracle-mile-east-pipeline-replacement-project-marin-water/r/recMSVRdQVaFk1Mbq,2026-09-07T11:37:33-07:00,285,no,,recently_closed,no
recMSiAKfBzXLAdK4,As-Needed HVAC Contractor,City of Richmond,Contra Costa,Richmond ,Closed,construction,as-needed-hvac-contractor-city-of-richmond,42,no,,,,2026-03-30T10:11:25-07:00,148,no,,closed_stale_no_results,no
recMSj3LTXbrporBt,Lincoln Avenue Traffic Safety & Paving Phase 1 - California Boulevard to Soscol Avenue,City of Napa,Napa,Napa,Closed,construction,lincoln-avenue-traffic-safety-paving-phase-1-california-boulevard-to-soscol-avenue-city-of-napa,95,yes,results,construction,https://www.bidthebay.com/construction-project-details/lincoln-avenue-traffic-safety-paving-phase-1-california-boulevard-to-soscol-avenue-city-of-napa/r/recMSj3LTXbrporBt,2026-04-17T08:59:36-07:00,968,yes,,award_results,no
recMT39C01sPkoTf1,Buchanan Park Storm Drain Improvements,City of Pittsburg,Contra Costa,Pittsburg,Open,construction,buchanan-park-storm-drain-improvements-city-of-pittsburg,56,yes,open,construction,https://www.bidthebay.com/construction-project-details/buchanan-park-storm-drain-improvements-city-of-pittsburg/r/recMT39C01sPkoTf1,2026-09-11T05:58:04-07:00,142,no,,open_solicitation,no
recMZJSfUdwVklmbG,2025-26 Pavement Slurry Seal Project,City of Danville,Contra Costa,Danville,Closed,construction,2025-26-pavement-slurry-seal-project-city-of-danville,53,yes,results,construction,https://www.bidthebay.com/construction-project-details/2025-26-pavement-slurry-seal-project-city-of-danville/r/recMZJSfUdwVklmbG,2026-03-24T07:35:27-07:00,658,yes,,award_results,no
recMcxFPiSkuN0WUL,Professional Design Services Preventative Maintenance for Various Bridges,City of Sunnyvale,Santa Clara,Sunnyvale & Santa Clara,Closed,professional services,professional-design-services-preventative-maintenance-for-various-bridges-city-of-sunnyvale,91,no,,,,2026-06-26T08:36:24-07:00,338,no,,closed_stale_no_results,no
recMdvrThiWI1n9iV,Santa Teresa Fire Station Construction Project,City of Gilroy,Santa Clara,Gilroy,Closed,construction; professional services,santa-teresa-fire-station-construction-project-city-of-gilroy,61,yes,results,construction,https://www.bidthebay.com/construction-project-details/santa-teresa-fire-station-construction-project-city-of-gilroy/r/recMdvrThiWI1n9iV,2026-06-24T10:01:24-07:00,193,yes,,multi_category_provisional_construction,yes
recMh2lcyOgcUX1mX,Fire Flow Improvement Program – Palm Avenue Pipeline Replacement Project,Marin Water (Marin Municipal Water District),Marin, Corte Madera,Closed,construction,fire-flow-improvement-program-palm-avenue-pipeline-replacement-project-marin-water,82,yes,results,construction,https://www.bidthebay.com/construction-project-details/fire-flow-improvement-program-palm-avenue-pipeline-replacement-project-marin-water/r/recMh2lcyOgcUX1mX,2026-09-07T11:37:33-07:00,202,yes,,award_results,no
recMhgFoeu70PMImG,Sanitary Sewer Repairs FY 2025-2026 Package III,City of San Jose,Santa Clara,San Jose,Closed,construction,sanitary-sewer-repairs-fy-2025-2026-package-iii-city-of-san-jose,64,yes,results,construction,https://www.bidthebay.com/construction-project-details/sanitary-sewer-repairs-fy-2025-2026-package-iii-city-of-san-jose/r/recMhgFoeu70PMImG,2026-03-25T07:51:52-07:00,486,yes,,award_results,no
recMhxhDaYDJcs4jk,2026 Sewer Lateral Replacement Project,City of San Carlos,San Mateo,San Carlos,Closed,construction,2026-sewer-lateral-replacement-project-city-of-san-carlos,57,yes,results,construction,https://www.bidthebay.com/construction-project-details/2026-sewer-lateral-replacement-project-city-of-san-carlos/r/recMhxhDaYDJcs4jk,2026-05-07T17:01:25-07:00,235,no,,recently_closed,no
recMi9gfebo4AHr2y,Culvert Replacement on East Avenue,Alameda County Public Works Agency,Alameda,Hayward,Closed,construction,culvert-replacement-on-east-avenue-alameda-county-public-works,62,yes,results,construction,https://www.bidthebay.com/construction-project-details/culvert-replacement-on-east-avenue-alameda-county-public-works/r/recMi9gfebo4AHr2y,2026-09-07T11:36:49-07:00,490,no,,recently_closed,no
recMlYGFrbsGIdBLt,SCUSD Offsite Improvements Briarwood Elementary School,Santa Clara Unified School District,Santa Clara,Santa Clara ,Closed,construction,scusd-offsite-improvements-briarwood-elementary-school-santa-clara-unified-school-district,90,yes,results,construction,https://www.bidthebay.com/construction-project-details/scusd-offsite-improvements-briarwood-elementary-school-santa-clara-unified-school-district/r/recMlYGFrbsGIdBLt,2026-03-30T10:19:22-07:00,329,yes,,award_results,no
recMm2PEMcfsdksMY,Storm Drain Infrastructure Condition Assessment,City of Sonoma ,Sonoma,Sonoma,Closed,professional services,storm-drain-infrastructure-condition-assessment-city-of-sonoma,62,yes,results,professional services,https://www.bidthebay.com/professional-services-project-details/storm-drain-infrastructure-condition-assessment-city-of-sonoma/r/recMm2PEMcfsdksMY,2026-07-25T00:01:43-07:00,223,no,,recently_closed,no
recMrquTyk80hwYhT,Wurr Road at Bloomquist Creek and Peterson Creek Culvert Repair Project,San Mateo Resource Conservation District,San Mateo,Pescadero,Closed,construction,wurr-road-at-bloomquist-creek-and-peterson-creek-culvert-repair-project-san-mateo-resource-conservation-district,112,yes,results,construction,https://www.bidthebay.com/construction-project-details/wurr-road-at-bloomquist-creek-and-peterson-creek-culvert-repair-project-san-mateo-resource-conservation-district/r/recMrquTyk80hwYhT,2026-07-09T04:10:36-07:00,1314,yes,,award_results,no
recMsGJqNxAfviknq,2026 Pavement Digout Project Phase 2,County of Marin,Marin,Marin County-wide,Closed,construction,2026-pavement-digout-project-phase-2-county-of-marin,52,yes,results,construction,https://www.bidthebay.com/construction-project-details/2026-pavement-digout-project-phase-2-county-of-marin/r/recMsGJqNxAfviknq,2026-05-07T17:01:29-07:00,242,no,,recently_closed,no
recMsS7jBtTqRugyC,Professional Services for Fair Oaks Avenue Signalization at Three Locations,City of Sunnyvale ,Santa Clara,Sunnyvale,Open,professional services,professional-services-for-fair-oaks-avenue-signalization-at-three-locations-city-of-sunnyvale,93,yes,open,professional services,https://www.bidthebay.com/professional-services-project-details/professional-services-for-fair-oaks-avenue-signalization-at-three-locations-city-of-sunnyvale/r/recMsS7jBtTqRugyC,2026-09-01T08:46:51-07:00,2062,no,,open_solicitation,no
recMsqfK7XrCw4tRk,Flooring Services,Contra Costa County Housing Authority,Contra Costa,"Antioch, Bay Point, Brentwood, Martinez, Oakley, Pittsburg, Rodeo, San Pablo",Closed,construction,flooring-services-housing-authority-of-the-county-of-contra-costa,65,no,,,,2026-09-07T11:37:33-07:00,0,no,No description at all,closed_stale_no_results,no
recMtgPukh3Bi3lqU,Marin County Juvenile Hall Accessibility Updates,County of Marin,Marin,San Rafael,Closed,professional services,marin-county-juvenile-hall-accessibility-updates-county-of-marin,64,yes,results,professional services,https://www.bidthebay.com/professional-services-project-details/marin-county-juvenile-hall-accessibility-updates-county-of-marin/r/recMtgPukh3Bi3lqU,2026-08-11T08:34:04-07:00,975,no,,recently_closed,no
recMuLecjPFHtpVYg,Renaissance at Fischer - Exterior Painting,Alum Rock Union School District,Santa Clara,San Jose,Closed,construction,renaissance-at-fischer-exterior-painting-alum-rock-union-school-district,72,yes,results,construction,https://www.bidthebay.com/construction-project-details/renaissance-at-fischer-exterior-painting-alum-rock-union-school-district/r/recMuLecjPFHtpVYg,2026-07-06T02:58:48-07:00,213,yes,,award_results,no
recMwLtTiSi7A90wZ,Callan and Meath Crossing Enhancements,City of South San Francisco,San Mateo,South San Francisco,Closed,construction,callan-and-meath-crossing-enhancements-city-of-south-san-francisco,66,yes,results,construction,https://www.bidthebay.com/construction-project-details/callan-and-meath-crossing-enhancements-city-of-south-san-francisco/r/recMwLtTiSi7A90wZ,2026-07-30T08:27:06-07:00,964,yes,,award_results,no
recMx8siQX4ppA8us,Restore Hayward Marsh – Phase 1A Project,East Bay Regional Park District,Alameda,Hayward,Closed,construction,restore-hayward-marsh-phase-1a-project-east-bay-regional-park-district,70,yes,results,construction,https://www.bidthebay.com/construction-project-details/restore-hayward-marsh-phase-1a-project-east-bay-regional-park-district/r/recMx8siQX4ppA8us,2026-06-26T00:00:42-07:00,582,no,,recently_closed,no
recMxqGAdlIurAWRK,Glass and Glazing Services,Sequoia Union High School District,San Mateo,Redwood City and Various San Mateo County Cities,Closed,construction,glass-and-glazing-services-sequoia-union-high-school-district,61,yes,results,construction,https://www.bidthebay.com/construction-project-details/glass-and-glazing-services-sequoia-union-high-school-district/r/recMxqGAdlIurAWRK,2026-07-08T21:41:02-07:00,556,no,,recently_closed,no
recMyOaLC4HluQX0W,Seeger Dam Spillway Modernization Design and Alternatives Selection Project,Marin Water (Marin Municipal Water District),Marin,Nicasio,Closed,professional services,seeger-dam-spillway-modernization-design-and-alternatives-selection-project-marin-water,87,yes,results,professional services,https://www.bidthebay.com/professional-services-project-details/seeger-dam-spillway-modernization-design-and-alternatives-selection-project-marin-water/r/recMyOaLC4HluQX0W,2026-09-07T11:37:33-07:00,729,no,,recently_closed,no
recMyXXWdqdBAy3wj,Drainage Maintenance Master Plan,Fairfield-Suisun Sewer District,Solano,Fairfield / Suisun City,Closed,professional services,drainage-maintenance-master-plan-fairfield-suisun-sewer-district,64,yes,results,professional services,https://www.bidthebay.com/professional-services-project-details/drainage-maintenance-master-plan-fairfield-suisun-sewer-district/r/recMyXXWdqdBAy3wj,2026-05-09T00:36:13-07:00,876,no,,recently_closed,no
recMyxTZSv3Rm3U0p,Rejected: Tennis Court Resurfacing Project,City of Palo Alto,Santa Clara,Palo Alto,Closed,construction,rejected-tennis-court-resurfacing-project-city-of-palo-alto,59,yes,results,construction,https://www.bidthebay.com/construction-project-details/rejected-tennis-court-resurfacing-project-city-of-palo-alto/r/recMyxTZSv3Rm3U0p,2026-06-29T06:24:14-07:00,243,no,,recently_closed,no
recN0rSV3EEYk76Ns,Residential Alcohol and Drug Rehabilitation Center 264 Morrison Phase 2 – Tenant Improvements,County of Santa Clara,Santa Clara,San Jose,Open,construction,residential-alcohol-and-drug-rehabilitation-center-264-morrison-phase-2-tenant-improvements-county-of-santa-clara,113,yes,open,construction,https://www.bidthebay.com/construction-project-details/residential-alcohol-and-drug-rehabilitation-center-264-morrison-phase-2-tenant-improvements-county-of-santa-clara/r/recN0rSV3EEYk76Ns,2026-09-03T10:17:10-07:00,1723,no,,open_solicitation,no
recN18RknCwJCPL6q,"ChargePoint EV Charging Stations Preventative Maintenance, Testing & Repairs",Sequoia Union High School District,San Mateo,Redwood City,Closed,construction,chargepoint-ev-charging-stations-preventative-maintenance-testing-repairs-sequoia-union-high-school-district,108,yes,results,construction,https://www.bidthebay.com/construction-project-details/chargepoint-ev-charging-stations-preventative-maintenance-testing-repairs-sequoia-union-high-school-district/r/recN18RknCwJCPL6q,2026-07-08T21:41:25-07:00,311,no,,recently_closed,no
recN231FlpkT8pwJz,District-Wide Elevator Maintenance,Sequoia Union High School District,San Mateo,Redwood City,Closed,construction,district-wide-elevator-maintenance-sequoia-union-high-school-district,69,no,,,,2026-07-08T21:46:40-07:00,2149,no,,closed_stale_no_results,no
recN3R9M3DmlaniGh,"Landscape Maintenance, Irrigation Installation, Repairs and Maintenance, and Sustainable Design and Installation Services",County of Santa Clara,Santa Clara, Santa Clara,Closed,construction,landscape-maintenance-irrigation-installation-repairs-and-maintenance-and-sustainable-design-and-installation-services-county-of-santa-clara,140,no,,,,2026-07-08T10:18:51-07:00,332,no,,closed_stale_no_results,no
recN4NrgTBvQs47KI,Long Range Facility Plan,Silicon Valley Clean Water,San Mateo,Redwood City,Closed,professional services,long-range-facility-plan-silicon-valley-clean-water,51,yes,results,professional services,https://www.bidthebay.com/professional-services-project-details/long-range-facility-plan-silicon-valley-clean-water/r/recN4NrgTBvQs47KI,2026-09-09T00:02:10-07:00,595,no,,recently_closed,no
recN59UFYS5PYvCT8,Shoreway Environmental Center Zero Emission Vehicle (ZEV) Charging Project,South Bayside Waste Management Authority (RethinkWaste),San Mateo,San Carlos,Closed,construction,shoreway-environmental-center-zero-emission-vehicle-zev-charging-project-south-bayside-waste-management-authority-rethinkwaste,126,yes,results,construction,https://www.bidthebay.com/construction-project-details/shoreway-environmental-center-zero-emission-vehicle-zev-charging-project-south-bayside-waste-management-authority-rethinkwaste/r/recN59UFYS5PYvCT8,2026-08-13T09:57:33-07:00,505,yes,,award_results,no
recN5GfMIdGVkcQYY,Inspector of Record for Evans Center Modernization & Voluntary Seismic & Spray Booth Installation Project,City College of San Francisco,San Francisco,San Francisco,Closed,professional services,inspector-of-record-for-evans-center-modernization-voluntary-seismic-spray-booth-installation-project-city-college-of-san-francisco,131,no,,,,2026-04-15T05:23:53-07:00,1665,no,,closed_stale_no_results,no
recN6EGCMt90suGbp,"Job Order Contracts 032, 033, 034 & 035",Contra Costa County,Contra Costa,Martinez / Countywide,Open,construction,job-order-contracts-032-033-034-035-contra-costa-county,55,yes,open,construction,https://www.bidthebay.com/construction-project-details/job-order-contracts-032-033-034-035-contra-costa-county/r/recN6EGCMt90suGbp,2026-08-14T09:47:21-07:00,1062,no,,open_solicitation,no
recN6w1HGJANOVvdC,"Bryant Street Community Center Access Control, Door Hardware, and ADA Automatic Door Operators",City of Palo Alto,Santa Clara, Palo Alto,Closed,construction,bryant-street-community-center-access-control-door-hardware-and-ada-automatic-door-operators-city-of-palo-alto,110,yes,results,construction,https://www.bidthebay.com/construction-project-details/bryant-street-community-center-access-control-door-hardware-and-ada-automatic-door-operators-city-of-palo-alto/r/recN6w1HGJANOVvdC,2026-04-14T17:02:40-07:00,178,no,,recently_closed,no
recN7GgJLEwVueiBM,Coleman Elementary School Roof Replacement Project ,San Rafael City Schools,Marin,San Rafael,Closed,construction,coleman-elementary-school-roof-replacement-project-san-rafael-city-schools,74,yes,results,construction,https://www.bidthebay.com/construction-project-details/coleman-elementary-school-roof-replacement-project-san-rafael-city-schools/r/recN7GgJLEwVueiBM,2026-04-23T20:58:06-07:00,204,yes,,award_results,no
recN8wWW3i5QHgJ6e,Fire Station 2 Tenant Improvements,City of Sausalito,Marin,Sausalito,Closed,construction,fire-station-2-tenant-improvements-city-of-sausalito,52,yes,results,construction,https://www.bidthebay.com/construction-project-details/fire-station-2-tenant-improvements-city-of-sausalito/r/recN8wWW3i5QHgJ6e,2026-07-11T09:40:00-07:00,401,yes,,award_results,no
recN9OAlBnECacl7T,On-Call Environmental Consulting Services - Rebid,City of Hayward,Alameda,Hayward ,Closed,professional services,on-call-environmental-consulting-services-rebid-city-of-hayward,63,yes,results,professional services,https://www.bidthebay.com/professional-services-project-details/on-call-environmental-consulting-services-rebid-city-of-hayward/r/recN9OAlBnECacl7T,2026-08-09T21:25:21-07:00,1299,no,,recently_closed,no
recNB4PWcPbWlhQxs,Soccer Scoreboard Project at Las Positas College,Chabot Las Positas Community College District,Alameda,Livermore,Closed,construction,soccer-scoreboard-project-at-las-positas-college-chabot-las-positas-community-college-district,94,yes,results,construction,https://www.bidthebay.com/construction-project-details/soccer-scoreboard-project-at-las-positas-college-chabot-las-positas-community-college-district/r/recNB4PWcPbWlhQxs,2026-08-25T10:20:39-07:00,244,yes,,award_results,no
recND6bATzQ70bbgA,2025/2026 Street Resurfacing Project,Town of Portola Valley,San Mateo,Portola Valley,Closed,construction,2025-2026-street-resurfacing-project-town-of-portola-valley,59,yes,results,construction,https://www.bidthebay.com/construction-project-details/2025-2026-street-resurfacing-project-town-of-portola-valley/r/recND6bATzQ70bbgA,2026-08-19T00:04:12-07:00,861,no,,recently_closed,no
recNEr8V4TSnG7wPP,El Charro Road Precise Roadway Alignment,City of Pleasanton,Alameda,Pleasanton,Closed,professional services,el-charro-road-precise-roadway-alignment-city-of-pleasanton,59,yes,results,professional services,https://www.bidthebay.com/professional-services-project-details/el-charro-road-precise-roadway-alignment-city-of-pleasanton/r/recNEr8V4TSnG7wPP,2026-05-07T17:01:11-07:00,0,no,No description at all,recently_closed,no
recNHqEwkePbMULcj,Synthetic Turf Installation,California Department of Corrections and Rehabilitation,Marin,San Quentin,Closed,construction,synthetic-turf-installation-california-department-of-corrections-and-rehabilitation,83,yes,results,construction,https://www.bidthebay.com/construction-project-details/synthetic-turf-installation-california-department-of-corrections-and-rehabilitation/r/recNHqEwkePbMULcj,2026-06-16T03:05:18-07:00,657,no,,recently_closed,no
recNJLk9FpuA3dN5Z,Scenic Avenue Tank Replacement Project,Marin Water (Marin Municipal Water District),Marin,San Anselmo,Closed,construction,scenic-avenue-tank-replacement-project-marin-water,50,yes,results,construction,https://www.bidthebay.com/construction-project-details/scenic-avenue-tank-replacement-project-marin-water/r/recNJLk9FpuA3dN5Z,2026-09-07T11:37:33-07:00,364,yes,,award_results,no
recNJRp2tJklOWvID,North Marin Line Stabilization – Shafter Valve Relocation Project,Marin Water (Marin Municipal Water District),Marin,Lagunitas,Closed,construction,north-marin-line-stabilization-shafter-valve-relocation-project-marin-water,75,yes,results,construction,https://www.bidthebay.com/construction-project-details/north-marin-line-stabilization-shafter-valve-relocation-project-marin-water/r/recNJRp2tJklOWvID,2026-09-07T11:37:33-07:00,360,yes,,award_results,no
recNNADX7VYKBc4HN,Fire Alarm Design & Install,Sequoia Union High School District,San Mateo,Redwood ,Closed,construction,fire-alarm-design-install-sequoia-union-high-school-district,60,no,,,,2026-07-08T21:47:57-07:00,72,no,,closed_stale_no_results,no
recNNM1j3hz8Zv5iC,RSSP Unit 1 Fence Security Installation,UC Berkeley,Alameda,Berkeley,Closed,professional services,rssp-unit-1-fence-security-installation-uc-berkeley,51,yes,results,professional services,https://www.bidthebay.com/professional-services-project-details/rssp-unit-1-fence-security-installation-uc-berkeley/r/recNNM1j3hz8Zv5iC,2026-08-18T00:01:19-07:00,2202,no,,recently_closed,no
recNQ30QrGr5RPXhY,2026 Pavement Resurfacing Project,City of Suisun City,Solano,Suisun City,Closed,construction,2026-pavement-resurfacing-project-city-of-suisun-city,53,no,,,,2026-04-21T10:21:34-07:00,114,no,,closed_stale_no_results,no
recNSpdZdVtfLuPen,On-Call Paving Services,County of San Mateo,San Mateo,Various Cities,Closed,construction,on-call-paving-services-county-of-san-mateo,43,yes,results,construction,https://www.bidthebay.com/construction-project-details/on-call-paving-services-county-of-san-mateo/r/recNSpdZdVtfLuPen,2026-06-26T09:49:57-07:00,314,no,,recently_closed,no
recNUWDJfFAuw03aT,2025 & 2026 Street Rehabilitation Project,Town of Moraga,Contra Costa,Moraga,Closed,construction,2025-2026-street-rehabilitation-project-town-of-moraga,54,yes,results,construction,https://www.bidthebay.com/construction-project-details/2025-2026-street-rehabilitation-project-town-of-moraga/r/recNUWDJfFAuw03aT,2026-05-06T17:07:38-07:00,781,no,,recently_closed,no
recNUYIslPZ1D5nVA,Parking Lot Rehabilitation Project at Vasona County Park,County of Santa Clara,Santa Clara,Los Gatos,Closed,construction,parking-lot-rehabilitation-project-at-vasona-county-park-county-of-santa-clara,78,yes,results,construction,https://www.bidthebay.com/construction-project-details/parking-lot-rehabilitation-project-at-vasona-county-park-county-of-santa-clara/r/recNUYIslPZ1D5nVA,2026-05-19T11:16:21-07:00,523,yes,,award_results,no
recNWZo1kPPuJSJwN,Rejected: ER Taylor ES Destructive Testing,San Francisco Unified School District,San Francisco,San Francisco,Closed,construction,rejected-er-taylor-es-destructive-testing-san-francisco-unified-school-district,79,yes,results,construction,https://www.bidthebay.com/construction-project-details/rejected-er-taylor-es-destructive-testing-san-francisco-unified-school-district/r/recNWZo1kPPuJSJwN,2026-06-30T03:04:31-07:00,205,no,,recently_closed,no
recNXZ7ih2AAwAO3B,Design-Build Services for the Wayfinding Enhancement Program Phase 2 - Signage Metal Frames (Div 5),San Francisco International Airport,San Mateo,San Francisco,Closed,construction,design-build-services-for-the-wayfinding-enhancement-program-phase-2-signage-metal-frames-div-5-san-francisco-international-airport-sfo,135,yes,results,construction,https://www.bidthebay.com/construction-project-details/design-build-services-for-the-wayfinding-enhancement-program-phase-2-signage-metal-frames-div-5-san-francisco-international-airport-sfo/r/recNXZ7ih2AAwAO3B,2026-09-07T10:43:30-07:00,251,no,,recently_closed,no
recNj2oYVpHv29Bis,Farallone View Elementary School — Playground Civil Site Work,Cabrillo Unified School District,San Mateo,Montara,Closed,construction,farallone-view-elementary-school-playground-civil-site-work-cabrillo-unified-school-district,92,yes,results,construction,https://www.bidthebay.com/construction-project-details/farallone-view-elementary-school-playground-civil-site-work-cabrillo-unified-school-district/r/recNj2oYVpHv29Bis,2026-05-20T17:11:57-07:00,409,no,,recently_closed,no
recNlslHgviDV6xe9,Rejected: Phillip & Sala Burton High School - Install Electrical Power for Food Service Equipment at Temporary Kitchen,San Francisco Unified School District,San Francisco,San Francisco,Closed,construction,rejected-phillip-sala-burton-high-school-install-electrical-power-for-food-service-equipment-at-temporary-kitchen-san-francisco-unified-school-district,151,yes,results,construction,https://www.bidthebay.com/construction-project-details/rejected-phillip-sala-burton-high-school-install-electrical-power-for-food-service-equipment-at-temporary-kitchen-san-francisco-unified-school-district/r/recNlslHgviDV6xe9,2026-08-16T21:46:23-07:00,614,no,,recently_closed,no
recNmZxGJmWUfVrg2,Greenwood Beach Restoration Project,Town of Tiburon,Marin,Tiburon,Closed,construction,greenwood-beach-restoration-project-town-of-tiburon,51,yes,results,construction,https://www.bidthebay.com/construction-project-details/greenwood-beach-restoration-project-town-of-tiburon/r/recNmZxGJmWUfVrg2,2026-07-15T04:29:29-07:00,127,yes,,award_results,no
recNpe2Plf0j4blPV,Steel Jail Doors with Pass-through Slot,City and County of San Francisco,San Francisco,San Francisco,Closed,construction,steel-jail-doors-with-pass-through-slot-city-and-county-of-san-francisco,72,no,,,,2026-04-11T10:47:26-07:00,658,no,,closed_stale_no_results,no
recNqQQDccbg2r4ym,Spring Valley Elementary School - Water Outlets Remediation,San Francisco Unified School District,San Francisco,San Francisco,Closed,construction,spring-valley-elementary-school-water-outlets-remediation-san-francisco-unified-school-district,95,yes,results,construction,https://www.bidthebay.com/construction-project-details/spring-valley-elementary-school-water-outlets-remediation-san-francisco-unified-school-district/r/recNqQQDccbg2r4ym,2026-04-15T10:31:45-07:00,632,yes,,award_results,no
recNsSlr7iRWcvGD7,Architectural Services for Batmale Hall Modernization,City College of San Francisco,San Francisco,San Francisco,Closed,professional services,architectural-services-for-batmale-hall-modernization-city-college-of-san-francisco,83,yes,results,professional services,https://www.bidthebay.com/professional-services-project-details/architectural-services-for-batmale-hall-modernization-city-college-of-san-francisco/r/recNsSlr7iRWcvGD7,2026-08-06T00:04:19-07:00,1972,no,,recently_closed,no
recNvCUXqTy0Ekfet,On-Call General Construction and Emergency Repair Services,City of Dixon,Solano,Dixon ,Closed,construction,on-call-general-construction-and-emergency-repair-services-city-of-dixon,72,yes,results,construction,https://www.bidthebay.com/construction-project-details/on-call-general-construction-and-emergency-repair-services-city-of-dixon/r/recNvCUXqTy0Ekfet,2026-04-11T10:49:50-07:00,2954,no,,recently_closed,no
recNxE8k2PqcPNFWT,Highlands Ranch Tank Improvement ,City of Pittsburg,Contra Costa,Pittsburg,Closed,professional services,highlands-ranch-tank-improvement-city-of-pittsburg,50,no,,,,2026-04-11T10:49:20-07:00,480,no,,closed_stale_no_results,no
recNyKg3lq6jgXzl3,Service Center Electric Vehicle Infrastructure Project,City of Cupertino,Santa Clara,Cupertino ,Closed,construction,service-center-electric-vehicle-infrastructure-project-city-of-cupertino,72,no,,,,2026-04-11T10:47:22-07:00,289,no,,closed_stale_no_results,no
recNyQ5LIN7rgNSX6,Guadalupe Elementary School - Main and Auditorium Building Reroofing Project ,San Francisco Unified School District,San Francisco,San Francisco,Closed,construction,guadalupe-elementary-school-main-and-auditorium-building-reroofing-project-san-francisco-unified-school-district,112,yes,results,construction,https://www.bidthebay.com/construction-project-details/guadalupe-elementary-school-main-and-auditorium-building-reroofing-project-san-francisco-unified-school-district/r/recNyQ5LIN7rgNSX6,2026-03-28T09:49:28-07:00,599,yes,,award_results,no
recNz72lpkykp2syW,Senior Center Natatorium HVAC Repair & Maintenance Services,City of Santa Clara,Santa Clara,Santa Clara,Closed,construction,senior-center-natatorium-hvac-repair-maintenance-services-city-of-santa-clara,77,yes,results,construction,https://www.bidthebay.com/construction-project-details/senior-center-natatorium-hvac-repair-maintenance-services-city-of-santa-clara/r/recNz72lpkykp2syW,2026-05-28T00:14:37-07:00,125,no,,recently_closed,no
recO22wvFOyqH2eAv,Water Softener System Preventative Maintenance and As-Needed Services & Repairs,Zone 7 Water Agency,Alameda,Livermore,Closed,construction,water-softener-system-preventative-maintenance-and-as-needed-services-repairs-zone-7-water-agency,97,no,,,,2026-03-30T10:01:54-07:00,371,no,,closed_stale_no_results,no
recO2zSCMagb3vD8C,Fire Training Tower Renovations,City of Santa Clara,Santa Clara,Santa Clara,Closed,professional services,fire-training-tower-renovations-city-of-santa-clara,51,yes,results,professional services,https://www.bidthebay.com/professional-services-project-details/fire-training-tower-renovations-city-of-santa-clara/r/recO2zSCMagb3vD8C,2026-08-21T00:05:00-07:00,1470,no,,recently_closed,no
recO30ErfhDNCZ6pA,Walden West Materials Testing and Special Inspections,Santa Clara County Office of Education,Santa Clara,San Jose,Closed,professional services,walden-west-materials-testing-and-special-inspections-santa-clara-county-office-of-education,92,yes,results,professional services,https://www.bidthebay.com/professional-services-project-details/walden-west-materials-testing-and-special-inspections-santa-clara-county-office-of-education/r/recO30ErfhDNCZ6pA,2026-08-16T20:46:48-07:00,573,yes,,award_results,no
recO3wDiQbnOGQcdC,2026 Pavement Rehabilitation Project (Morgan Hill),City of Morgan Hill,Santa Clara,Morgan Hill,Closed,construction,2026-pavement-rehabilitation-project-morgan-hill-city-of-morgan-hill,68,yes,results,construction,https://www.bidthebay.com/construction-project-details/2026-pavement-rehabilitation-project-morgan-hill-city-of-morgan-hill/r/recO3wDiQbnOGQcdC,2026-04-30T17:08:12-07:00,398,no,,recently_closed,no
recO9hlCWnCCootdO,Ruskin K1 & K2 Roof Replacement,Berryessa Union School District,Santa Clara,San Jose,Closed,construction,ruskin-k1-k2-roof-replacement-berryessa-union-school-district,61,yes,results,construction,https://www.bidthebay.com/construction-project-details/ruskin-k1-k2-roof-replacement-berryessa-union-school-district/r/recO9hlCWnCCootdO,2026-04-08T06:34:25-07:00,292,yes,,award_results,no
recOA65wkhw1P7SlV,Various Locations Main Sewer Inspection No. 4 and Spot Lining,San Francisco Public Utilities Commission,San Francisco,San Francisco,Closed,construction,various-locations-main-sewer-inspection-no-4-and-spot-lining-san-francisco-public-utilities-commission,102,yes,results,construction,https://www.bidthebay.com/construction-project-details/various-locations-main-sewer-inspection-no-4-and-spot-lining-san-francisco-public-utilities-commission/r/recOA65wkhw1P7SlV,2026-07-31T00:01:44-07:00,171,no,,recently_closed,no
recOAvefbLQJwrCe5,Site Improvements for Lee Bell Park Restroom Project,City of Fairfield,Solano,Fairfield,Closed,construction,site-improvements-for-lee-bell-park-restroom-project-city-of-fairfield,70,yes,results,construction,https://www.bidthebay.com/construction-project-details/site-improvements-for-lee-bell-park-restroom-project-city-of-fairfield/r/recOAvefbLQJwrCe5,2026-05-15T01:57:24-07:00,545,yes,,award_results,no
recODE6oMFl2wTNgq,Bret Harte Elementary School - Elevator Replacement Project ,San Francisco Unified School District,San Francisco,San Francisco,Closed,construction,bret-harte-elementary-school-elevator-replacement-project-san-francisco-unified-school-district,95,yes,results,construction,https://www.bidthebay.com/construction-project-details/bret-harte-elementary-school-elevator-replacement-project-san-francisco-unified-school-district/r/recODE6oMFl2wTNgq,2026-08-13T05:39:57-07:00,338,yes,,award_results,no
recODuEGQo5rZQaZc,Zone One Optimization Study,City of Fairfield,Solano,Fairfield ,Closed,professional services,zone-one-optimization-study-city-of-fairfield,45,yes,results,professional services,https://www.bidthebay.com/professional-services-project-details/zone-one-optimization-study-city-of-fairfield/r/recODuEGQo5rZQaZc,2026-07-17T00:02:41-07:00,154,no,,recently_closed,no
recOEUrtg4lwX74CC,Neighborhood Traffic Calming Project ,City of Antioch,Contra Costa,Antioch,Closed,construction,neighborhood-traffic-calming-project-city-of-antioch,52,yes,results,construction,https://www.bidthebay.com/construction-project-details/neighborhood-traffic-calming-project-city-of-antioch/r/recOEUrtg4lwX74CC,2026-08-26T11:52:16-07:00,207,yes,,award_results,no
recOILzluiCbQA8Z8,Canceled: Concrete Replacement at Sequoia Station,San Mateo County Transit District,San Mateo,San Carlos,Closed,construction,canceled-concrete-replacement-at-sequoia-station-san-mateo-county-transit-district,82,no,,,,2026-04-21T11:40:37-07:00,0,no,No description at all,closed_stale_no_results,no
recOKwgW5NvOvXwpC,Burnell Street Sidewalk Improvements,Napa Valley Transportation Authority,Napa,Napa ,Closed,professional services,burnell-street-sidewalk-improvements-napa-valley-transportation-authority,73,yes,results,professional services,https://www.bidthebay.com/professional-services-project-details/burnell-street-sidewalk-improvements-napa-valley-transportation-authority/r/recOKwgW5NvOvXwpC,2026-07-02T00:04:50-07:00,465,no,,recently_closed,no
recONOknlwVTWycRQ,Parking Meter Pole Removal Project,City of Burlingame,San Mateo,Burlingame,Closed,construction,parking-meter-pole-removal-project-city-of-burlingame,53,yes,results,construction,https://www.bidthebay.com/construction-project-details/parking-meter-pole-removal-project-city-of-burlingame/r/recONOknlwVTWycRQ,2026-03-24T00:32:51-07:00,403,yes,,award_results,no
recORAyZw6eY2gCsh,Miscellaneous Sanitary Sewer Repairs FY 2024-2025 Package II,City of San Jose,Santa Clara,San Jose,Closed,construction,miscellaneous-sanitary-sewer-repairs-fy-2024-2025-package-ii-city-of-san-jose,77,yes,results,construction,https://www.bidthebay.com/construction-project-details/miscellaneous-sanitary-sewer-repairs-fy-2024-2025-package-ii-city-of-san-jose/r/recORAyZw6eY2gCsh,2026-06-01T03:30:51-07:00,417,yes,,award_results,no
recOUMm5mAXOuFwZW,Master Agreement for Flow Monitoring Consulting Services,City of San Jose,Santa Clara,San Jose,Closed,professional services,master-agreement-for-flow-monitoring-consulting-services-city-of-san-jose,73,yes,results,professional services,https://www.bidthebay.com/professional-services-project-details/master-agreement-for-flow-monitoring-consulting-services-city-of-san-jose/r/recOUMm5mAXOuFwZW,2026-05-20T17:11:51-07:00,900,no,,recently_closed,no
recOUrOSv5jTgxhdJ,Hoover Elementary School Turf Replacement,Oakland Unified School District,Alameda,Oakland,Closed,construction,hoover-elementary-school-turf-replacement-oakland-unified-school-district,73,yes,results,construction,https://www.bidthebay.com/construction-project-details/hoover-elementary-school-turf-replacement-oakland-unified-school-district/r/recOUrOSv5jTgxhdJ,2026-05-11T17:03:59-07:00,495,no,,recently_closed,no
recOYzgP5wzswAu1T,Parkway Heights Middle School: Roofing Replacement Project,South San Francisco Unified School District,San Mateo,South San Francisco,Closed,construction,parkway-heights-middle-school-roofing-replacement-project-south-san-francisco-unified-school-district,101,yes,results,construction,https://www.bidthebay.com/construction-project-details/parkway-heights-middle-school-roofing-replacement-project-south-san-francisco-unified-school-district/r/recOYzgP5wzswAu1T,2026-04-14T07:06:25-07:00,357,no,,recently_closed,no
recOaERizAWuVg4Rj,Bryant Elementary School - Rubber Safety Surfacing Tiles,San Francisco Unified School District,San Francisco,San Francisco,Closed,construction,bryant-elementary-school-rubber-safety-surfacing-tiles-san-francisco-unified-school-district,92,yes,results,construction,https://www.bidthebay.com/construction-project-details/bryant-elementary-school-rubber-safety-surfacing-tiles-san-francisco-unified-school-district/r/recOaERizAWuVg4Rj,2026-04-15T10:34:37-07:00,934,yes,,award_results,no
recOdMvXgpFDjQuBc,Rejected: Central Park Pathway from Stevenson Blvd to Lake Elizabeth,City of Fremont,Alameda,Fremont,Closed,construction,central-park-pathway-from-stevenson-blvd-to-lake-elizabeth-city-of-fremont,74,yes,results,construction,https://www.bidthebay.com/construction-project-details/central-park-pathway-from-stevenson-blvd-to-lake-elizabeth-city-of-fremont/r/recOdMvXgpFDjQuBc,2026-09-10T09:14:14-07:00,138,no,,recently_closed,no
recOdSgAjtuMxJSUx,2026 Road Paving Project,City of Lafayette,Contra Costa,Lafayette,Closed,construction,2026-road-paving-project-city-of-lafayette,42,yes,results,construction,https://www.bidthebay.com/construction-project-details/2026-road-paving-project-city-of-lafayette/r/recOdSgAjtuMxJSUx,2026-04-26T10:08:30-07:00,801,yes,,award_results,no
recOeLKLhRrJ3vv2E,Laurel Road Extension from Teton Road to Sellers Avenue Project ,City of Oakley,Contra Costa,Oakley,Closed,professional services,laurel-road-extension-from-teton-road-to-sellers-avenue-project-city-of-oakley,78,yes,results,professional services,https://www.bidthebay.com/professional-services-project-details/laurel-road-extension-from-teton-road-to-sellers-avenue-project-city-of-oakley/r/recOeLKLhRrJ3vv2E,2026-07-31T00:01:49-07:00,1932,no,,recently_closed,no
recOeQMtZ2tbPzSEn,Transportation Planning and Engineering Services,City of Dublin,Alameda,Dublin,Closed,professional services,transportation-planning-and-engineering-services-city-of-dublin,63,no,,,,2026-03-30T09:41:52-07:00,1392,no,,closed_stale_no_results,no
recOfEvqWcaeweqvJ,FY2025-2026 Rancho Solano Pavement Maintenance Project,City of Fairfield,Solano,Fairfield,Closed,construction,fy2025-2026-rancho-solano-pavement-maintenance-project-city-of-fairfield,72,yes,results,construction,https://www.bidthebay.com/construction-project-details/fy2025-2026-rancho-solano-pavement-maintenance-project-city-of-fairfield/r/recOfEvqWcaeweqvJ,2026-07-22T03:11:52-07:00,1026,yes,,award_results,no
recOgUsLP08UFaR3k,Storm Drain Master Plan,City of Burlingame,San Mateo,Burlingame,Closed,professional services,storm-drain-master-plan-city-of-burlingame,42,no,,,,2026-03-30T09:24:28-07:00,2327,no,,closed_stale_no_results,no
recOjBpvFX8xD49xd,Exterior Repainting of North Base and South Base Facilities,San Mateo County Transit District,San Mateo,South San Francisco,Open,construction,exterior-repainting-of-north-base-and-south-base-facilities-san-mateo-county-transit-district,93,yes,open,construction,https://www.bidthebay.com/construction-project-details/exterior-repainting-of-north-base-and-south-base-facilities-san-mateo-county-transit-district/r/recOjBpvFX8xD49xd,2026-09-03T07:30:55-07:00,649,no,,open_solicitation,no
recOoQdlxj2q8zEm7,Bridge Preventive Maintenance Program Repairs,City of Danville,Contra Costa,Danville,Closed,professional services,bridge-preventive-maintenance-program-repairs-city-of-danville,62,yes,results,professional services,https://www.bidthebay.com/professional-services-project-details/bridge-preventive-maintenance-program-repairs-city-of-danville/r/recOoQdlxj2q8zEm7,2026-06-26T00:00:50-07:00,1052,no,,recently_closed,no
recOpNDoV8wM4bp36,HVAC Services,Contra Costa County Housing Authority,Contra Costa,Various,Closed,construction,hvac-services-housing-authority-of-the-county-of-contra-costa,61,yes,results,construction,https://www.bidthebay.com/construction-project-details/hvac-services-housing-authority-of-the-county-of-contra-costa/r/recOpNDoV8wM4bp36,2026-09-07T11:37:33-07:00,384,no,,recently_closed,no
recOqPyyb2GzZwiZq,Taxiway W Pavement Rehabilitation (Phase 3) ,Port of Oakland,Alameda,Oakland ,Closed,construction,taxiway-w-pavement-rehabilitation-phase-3-port-of-oakland,57,no,,,,2026-04-11T10:48:49-07:00,89,no,,closed_stale_no_results,no
recOsxJU0GQ8OuiNN,On-Call Professional Consulting Services for Parks Projects: Construction Management Services,County of San Mateo,San Mateo,Various Cities,Closed,professional services,on-call-professional-consulting-services-for-parks-projects-construction-management-services-county-of-san-mateo,112,no,,,,2026-06-26T08:35:15-07:00,1367,no,,closed_stale_no_results,no
recOuEIgHVkul0I3H,Mission School Elevator Modernization,City and County of San Francisco,San Francisco,San Francisco,Closed,construction,mission-school-elevator-modernization-city-and-county-of-san-francisco,70,no,,,,2026-04-11T10:47:16-07:00,137,no,,closed_stale_no_results,no
recOuT9hIKjVsFaUf,Cary Haas Pedestrian Bridge Replacement,City of San Leandro,Alameda,San Leandro,Closed,construction,cary-haas-pedestrian-bridge-replacement-city-of-san-leandro,59,yes,results,construction,https://www.bidthebay.com/construction-project-details/cary-haas-pedestrian-bridge-replacement-city-of-san-leandro/r/recOuT9hIKjVsFaUf,2026-08-03T19:17:07-07:00,436,yes,,award_results,no
recOuf2EMtaaoeo98,Laser Intrusion Detection System (LIDS) Replacement Project,Santa Clara Valley Transportation Authority,Santa Clara,San Jose & Milpitas,Closed,construction,laser-intrusion-detection-system-lids-replacement-project-santa-clara-valley-transportation-authority,101,no,,,,2026-06-26T08:36:17-07:00,827,no,,closed_stale_no_results,no
recOwVa7wZwMS2UXD,Bayshore/Van Waters and Rodgers Bus Stop Improvements ,City of Brisbane,San Mateo,Brisbane,Closed,professional services,bayshore-van-waters-and-rodgers-bus-stop-improvements-city-of-brisbane,70,yes,results,professional services,https://www.bidthebay.com/professional-services-project-details/bayshore-van-waters-and-rodgers-bus-stop-improvements-city-of-brisbane/r/recOwVa7wZwMS2UXD,2026-07-25T00:01:48-07:00,382,no,,recently_closed,no
recOwdC67yBxfWiEl,Fire Protection Engineer,San Jose State University,Santa Clara,San Jose ,Closed,professional services,fire-protection-engineer-san-jose-state-university,50,yes,results,professional services,https://www.bidthebay.com/professional-services-project-details/fire-protection-engineer-san-jose-state-university/r/recOwdC67yBxfWiEl,2026-04-21T17:01:22-07:00,0,no,No description at all,recently_closed,no
recOx8F2uOVMcJ8RA,Installation of Park Signage,City of Antioch,Contra Costa,Antioch,Closed,construction,installation-of-park-signage-city-of-antioch,44,yes,results,construction,https://www.bidthebay.com/construction-project-details/installation-of-park-signage-city-of-antioch/r/recOx8F2uOVMcJ8RA,2026-05-14T11:18:01-07:00,244,yes,,award_results,no
recOxCI8PgS7Fbg4G,Affordable Housing Developments,City of San Jose,Santa Clara,San Jose,Closed,construction,affordable-housing-developments-city-of-san-jose,48,no,,,,2026-07-01T00:09:18-07:00,503,no,,closed_stale_no_results,no
recOxVXoKXKWAd2RK,Marin County Office of Education Flooring 2026 Project,Marin County Office of Education,Marin,San Rafael,Closed,construction,marin-county-office-of-education-flooring-2026-project-marin-county-office-of-education,87,no,,,,2026-04-11T10:47:13-07:00,0,no,No description at all,closed_stale_no_results,no
recOxqxjgY7vJPapj,L’Andre and Big Dipper Barn Structure Removal Project,Midpeninsula Regional Open Space District,San Mateo,La Honda,Closed,construction,l-andre-and-big-dipper-barn-structure-removal-project-midpeninsula-regional-open-space-district,95,yes,results,construction,https://www.bidthebay.com/construction-project-details/l-andre-and-big-dipper-barn-structure-removal-project-midpeninsula-regional-open-space-district/r/recOxqxjgY7vJPapj,2026-07-29T00:01:52-07:00,285,no,,recently_closed,no
recOy95V0BoJLGSJP,2026 Backflow Testing,City of Dixon,Solano,Dixon,Closed,construction,2026-backflow-testing-city-of-dixon,35,no,,,,2026-03-23T21:01:53-07:00,508,no,,closed_stale_no_results,no
recOzN2YLKDMsmpDF,Roll-Up Door Replacement Guadalupe Yard Building A,Santa Clara Valley Transportation Authority,Santa Clara,San Jose,Closed,construction,roll-up-door-replacement-guadalupe-yard-building-a-santa-clara-valley-transportation-authority,94,no,,,,2026-04-11T10:49:20-07:00,1251,no,,closed_stale_no_results,no
recOzWtuUGyf3k8zp,Demolition of Existing Senior Center Project,Redwood City,San Mateo,Redwood City,Closed,construction,demolition-of-existing-senior-center-project-city-of-redwood-city,65,yes,results,construction,https://www.bidthebay.com/construction-project-details/demolition-of-existing-senior-center-project-city-of-redwood-city/r/recOzWtuUGyf3k8zp,2026-09-07T11:36:49-07:00,502,yes,,award_results,no
recP0lVS0S50AUmNw,Point San Pedro Road Sealant Project,County of Marin,Marin,San Rafael,Closed,construction,point-san-pedro-road-sealant-project-county-of-marin,52,yes,results,construction,https://www.bidthebay.com/construction-project-details/point-san-pedro-road-sealant-project-county-of-marin/r/recP0lVS0S50AUmNw,2026-07-01T09:14:36-07:00,364,no,,recently_closed,no
recP1xG8g7Rr8H0Ue,Sanitary Sewer Repairs FY 2025-2026 Package II,City of San Jose,Santa Clara,San Jose,Closed,construction,sanitary-sewer-repairs-fy-2025-2026-package-ii-city-of-san-jose,63,yes,results,construction,https://www.bidthebay.com/construction-project-details/sanitary-sewer-repairs-fy-2025-2026-package-ii-city-of-san-jose/r/recP1xG8g7Rr8H0Ue,2026-06-23T06:11:29-07:00,356,yes,,award_results,no
recP2rQA7r1frZ0C4,As-Needed Steam and Condensate Systems Repairs Services,County of Santa Clara,Santa Clara,Various Cities,Closed,construction,as-needed-steam-and-condensate-systems-repairs-services-county-of-santa-clara,77,yes,results,construction,https://www.bidthebay.com/construction-project-details/as-needed-steam-and-condensate-systems-repairs-services-county-of-santa-clara/r/recP2rQA7r1frZ0C4,2026-06-26T08:32:06-07:00,191,no,,recently_closed,no
recP3J6Jyzr7GKPvP,Orchard Park School Gym & MPR Building and Alterations to Existing MPR Building,Antioch Unified School District,Contra Costa,Antioch,Closed,construction,orchard-park-school-gym-mpr-building-and-alterations-to-existing-mpr-building-antioch-unified-school-district,109,yes,results,construction,https://www.bidthebay.com/construction-project-details/orchard-park-school-gym-mpr-building-and-alterations-to-existing-mpr-building-antioch-unified-school-district/r/recP3J6Jyzr7GKPvP,2026-05-13T10:06:46-07:00,1220,yes,,award_results,no
recP5Yd0FG0w4AWrY,"Gate Operator and Keypad Repair, Walnut Creek Armory",California Military Department,Contra Costa,Walnut Creek,Closed,construction,gate-operator-and-keypad-repair-walnut-creek-armory-california-military-department,82,yes,results,construction,https://www.bidthebay.com/construction-project-details/gate-operator-and-keypad-repair-walnut-creek-armory-california-military-department/r/recP5Yd0FG0w4AWrY,2026-06-19T00:03:37-07:00,233,no,,recently_closed,no
recP7ofBYuI5ROqaB,Saint Louise Regional Hospital MRI Canopy Project,County of Santa Clara,Santa Clara,Gilroy,Closed,construction,saint-louise-regional-hospital-mri-canopy-project-county-of-santa-clara,71,yes,results,construction,https://www.bidthebay.com/construction-project-details/saint-louise-regional-hospital-mri-canopy-project-county-of-santa-clara/r/recP7ofBYuI5ROqaB,2026-03-25T07:50:58-07:00,2018,yes,,award_results,no
recP9afKayDRsUo7X,Unit 1 Freeborn and Putnam Upgrades,UC Berkeley,Alameda,Berkeley,Closed,construction,unit-1-freeborn-and-putnam-upgrades-uc-berkeley,47,yes,results,construction,https://www.bidthebay.com/construction-project-details/unit-1-freeborn-and-putnam-upgrades-uc-berkeley/r/recP9afKayDRsUo7X,2026-03-27T07:21:08-07:00,340,yes,,award_results,no
recPBpnCVdUeLLnkt,River Diversion Structure Modernization,Sonoma Water (Sonoma County Water Agency),Sonoma,Healdsburg,Closed,construction,river-diversion-structure-modernization-sonoma-water,52,yes,results,construction,https://www.bidthebay.com/construction-project-details/river-diversion-structure-modernization-sonoma-water/r/recPBpnCVdUeLLnkt,2026-09-07T11:37:33-07:00,608,no,,recently_closed,no
recPD2gnrClMJcWuN,"As-Needed Airfield Electrical Testing, Repairs, and Construction",San Francisco International Airport,San Mateo,San Francisco,Open,construction,as-needed-airfield-electrical-testing-repairs-and-construction-san-francisco-international-airport-sfo,102,yes,open,construction,https://www.bidthebay.com/construction-project-details/as-needed-airfield-electrical-testing-repairs-and-construction-san-francisco-international-airport-sfo/r/recPD2gnrClMJcWuN,2026-09-07T10:48:02-07:00,247,no,,open_solicitation,no
recPEC8j7EpY8SrfF,"Civic Center Remodels, 27-35",City of Mountain View,Santa Clara,Mountain View,Open,professional services,civic-center-remodels-27-35-city-of-mountain-view,49,yes,open,professional services,https://www.bidthebay.com/professional-services-project-details/civic-center-remodels-27-35-city-of-mountain-view/r/recPEC8j7EpY8SrfF,2026-08-31T19:49:38-07:00,502,no,,open_solicitation,no
recPJpevxMEZqHPuc,Place Polyester Concrete Overlay and Repair Spalled Surface Area,California Department of Transportation (Caltrans),Contra Costa,Richmond,Closed,construction,place-polyester-concrete-overlay-and-repair-spalled-surface-area-cal-trans-district-4,85,yes,results,construction,https://www.bidthebay.com/construction-project-details/place-polyester-concrete-overlay-and-repair-spalled-surface-area-cal-trans-district-4/r/recPJpevxMEZqHPuc,2026-09-07T15:49:52-07:00,260,no,,recently_closed,no
recPKloqjGm2B7INw,Morello Park Elementary School – TK Playground Site Work Project,Martinez Unified School District,Contra Costa,Martinez,Closed,construction,morello-park-elementary-school-tk-playground-site-work-project-martinez-unified-school-district,95,no,,,,2026-04-11T10:48:21-07:00,205,no,,closed_stale_no_results,no
recPLgpor3DBYkBMg,M/L Hospital Room M345 Fluoroscopy Equipment Replacement,University of California San Francisco,San Francisco,San Francisco,Closed,construction; professional services,m-l-hospital-room-m345-fluoroscopy-equipment-replacement-university-of-california-san-francisco,95,yes,results,construction,https://www.bidthebay.com/construction-project-details/m-l-hospital-room-m345-fluoroscopy-equipment-replacement-university-of-california-san-francisco/r/recPLgpor3DBYkBMg,2026-09-10T06:42:53-07:00,263,yes,,multi_category_provisional_construction,yes
recPLjRd41DOfrbnp,2026 Pavement Preservation Project,County of San Mateo,San Mateo,Redwood City,Closed,construction,2026-pavement-preservation-project-county-of-san-mateo,54,yes,results,construction,https://www.bidthebay.com/construction-project-details/2026-pavement-preservation-project-county-of-san-mateo/r/recPLjRd41DOfrbnp,2026-06-05T00:04:56-07:00,296,no,,recently_closed,no
recPNP7qbDu88UIvZ,Design-Build Services for the Wayfinding Enhancement Program Phase 2 - Metals,San Francisco International Airport,San Mateo,San Francisco,Closed,construction,design-build-services-for-the-wayfinding-enhancement-program-phase-2-metals-san-francisco-international-airport-sfo,115,yes,results,construction,https://www.bidthebay.com/construction-project-details/design-build-services-for-the-wayfinding-enhancement-program-phase-2-metals-san-francisco-international-airport-sfo/r/recPNP7qbDu88UIvZ,2026-09-07T10:43:32-07:00,251,no,,recently_closed,no
recPQT2re7vr2XqDy,Replacement Roofs Fort Mason Chapel & Q35,National Park Service,San Francisco,San Francisco ,Closed,construction,replacement-roofs-fort-mason-chapel-q35-national-park-service,61,no,,,,2026-04-11T10:49:24-07:00,430,no,,closed_stale_no_results,no
recPSvDzNs41bz5zg,FY26 Street Resurfacing Project,City of Palo Alto,Santa Clara,Palo Alto,Closed,construction,fy26-street-resurfacing-project-city-of-palo-alto,49,yes,results,construction,https://www.bidthebay.com/construction-project-details/fy26-street-resurfacing-project-city-of-palo-alto/r/recPSvDzNs41bz5zg,2026-06-30T05:26:24-07:00,693,yes,,award_results,no
recPUlMMqrzPWewjg,Roll Up Doors Maintenance and Repair Services,California Department of Forestry and Fire Protection (CAL FIRE),Santa Clara,Morgan Hill,Closed,construction,roll-up-doors-maintenance-and-repair-services-california-department-of-forestry-and-fire-protection,99,yes,results,construction,https://www.bidthebay.com/construction-project-details/roll-up-doors-maintenance-and-repair-services-california-department-of-forestry-and-fire-protection/r/recPUlMMqrzPWewjg,2026-09-07T11:37:47-07:00,356,no,,recently_closed,no
recPYQ2cbLcMFhLW2,Anderson Elementary School – Fire Alarm Project,Dixon Unified School District,Solano,Dixon,Closed,construction,anderson-elementary-school-fire-alarm-project-dixon-unified-school-district,75,yes,results,construction,https://www.bidthebay.com/construction-project-details/anderson-elementary-school-fire-alarm-project-dixon-unified-school-district/r/recPYQ2cbLcMFhLW2,2026-05-15T17:11:35-07:00,277,no,,recently_closed,no
recPZaovF8syNTSDe,2026 Pavement Rehabilitation Project (Fremont),City of Fremont,Alameda,Fremont ,Closed,construction,2026-pavement-rehabilitation-project-fremont-city-of-fremont,60,yes,results,construction,https://www.bidthebay.com/construction-project-details/2026-pavement-rehabilitation-project-fremont-city-of-fremont/r/recPZaovF8syNTSDe,2026-04-20T06:06:41-07:00,0,yes,No description at all,award_results,no
recPbn0nExEfuaMx7,Oceanside Water Pollution Control Plant HVAC Upgrades,San Francisco Public Utilities Commission,San Francisco,San Francisco,Closed,construction,oceanside-water-pollution-control-plant-hvac-upgrades-san-francisco-public-utilities-commission,95,yes,results,construction,https://www.bidthebay.com/construction-project-details/oceanside-water-pollution-control-plant-hvac-upgrades-san-francisco-public-utilities-commission/r/recPbn0nExEfuaMx7,2026-06-05T00:04:34-07:00,384,no,,recently_closed,no
recPdcwiVcosdEJcl,Santa Rosa Middle School Exterior Paint Project,Santa Rosa City Schools,Sonoma,Santa Rosa,Closed,construction,santa-rosa-middle-school-exterior-paint-project-santa-rosa-city-schools,71,no,,,,2026-04-11T10:49:20-07:00,123,no,,closed_stale_no_results,no
recPf96RzsuMRkd8M,Sunnydale Phase 4 - CM/Owners Rep,City and County of San Francisco,San Francisco,San Francisco,Closed,professional services,sunnydale-phase-4-cm-owners-rep-city-and-county-of-san-francisco,64,yes,results,professional services,https://www.bidthebay.com/professional-services-project-details/sunnydale-phase-4-cm-owners-rep-city-and-county-of-san-francisco/r/recPf96RzsuMRkd8M,2026-05-20T17:11:56-07:00,833,no,,recently_closed,no
recPfNOYEOKlVfkdl,Police Department Remodeling Project,City of Oakley,Contra Costa,Oakley,Closed,construction,police-department-remodeling-project-city-of-oakley,51,yes,results,construction,https://www.bidthebay.com/construction-project-details/police-department-remodeling-project-city-of-oakley/r/recPfNOYEOKlVfkdl,2026-09-01T00:49:13-07:00,296,yes,,award_results,no
recPfW87EmjQfVyon,As-Needed Plumbing Services for Facilities Division,City of Burlingame,San Mateo,Burlingame,Closed,construction,as-needed-plumbing-services-for-facilities-division-city-of-burlingame,70,yes,results,construction,https://www.bidthebay.com/construction-project-details/as-needed-plumbing-services-for-facilities-division-city-of-burlingame/r/recPfW87EmjQfVyon,2026-05-13T17:00:44-07:00,391,no,,recently_closed,no
recPfiVTrE4ea5hvK,Emergency On-Call Building Inspection Services,City of Cupertino ,Santa Clara,Cupertino,Closed,professional services,emergency-on-call-building-inspection-services-city-of-cupertino,64,yes,results,professional services,https://www.bidthebay.com/professional-services-project-details/emergency-on-call-building-inspection-services-city-of-cupertino/r/recPfiVTrE4ea5hvK,2026-06-24T10:05:44-07:00,1528,no,,recently_closed,no
recPiUpq9WejK15cu,2026 Sewer System CCTV Inspection Project,City of San Carlos,San Mateo, San Carlos,Closed,construction,2026-sewer-system-cctv-inspection-project-city-of-san-carlos,60,yes,results,construction,https://www.bidthebay.com/construction-project-details/2026-sewer-system-cctv-inspection-project-city-of-san-carlos/r/recPiUpq9WejK15cu,2026-05-12T17:01:17-07:00,267,no,,recently_closed,no
recPmIeADVlys2Mso,Claire Lilienthal Alternative Elementary School (Madison) - Play Yard Improvements,San Francisco Unified School District,San Francisco,San Francisco,Closed,construction,claire-lilienthal-alternative-elementary-school-madison-play-yard-improvements-san-francisco-unified-school-district,116,yes,results,construction,https://www.bidthebay.com/construction-project-details/claire-lilienthal-alternative-elementary-school-madison-play-yard-improvements-san-francisco-unified-school-district/r/recPmIeADVlys2Mso,2026-05-22T09:05:29-07:00,323,yes,,award_results,no
recPnDpV5eGz5pOu7,Electrical Power Testing,Zone 7 Water Agency ,Alameda,Livermore,Closed,construction,electrical-power-testing-zone-7-water-agency,44,yes,results,construction,https://www.bidthebay.com/construction-project-details/electrical-power-testing-zone-7-water-agency/r/recPnDpV5eGz5pOu7,2026-07-10T09:19:54-07:00,166,yes,,award_results,no
recPwhpQNSf92VKDV,Large Trash Capture Devices: SR-129 and SR-143 ,City of San Rafael,Marin,San Rafael,Closed,construction,large-trash-capture-devices-sr-129-and-sr-143-city-of-san-rafael,64,yes,results,construction,https://www.bidthebay.com/construction-project-details/large-trash-capture-devices-sr-129-and-sr-143-city-of-san-rafael/r/recPwhpQNSf92VKDV,2026-08-11T08:22:48-07:00,145,yes,,award_results,no
recPxljT9ledFM4GG,Precita Park - MLBE,City and County of San Francisco,San Francisco,San Francisco,Open,construction,precita-park-mlbe-city-and-county-of-san-francisco,50,yes,open,construction,https://www.bidthebay.com/construction-project-details/precita-park-mlbe-city-and-county-of-san-francisco/r/recPxljT9ledFM4GG,2026-03-23T01:59:37-07:00,86,no,,open_solicitation,no
recPyWu1K8Nr59PhU,"On-Call Civil Engineering, Surveying, Traffic Engineering, Dry Utility and Electrical Engineering, Construction Material Testing, Biological, Hydrologist, Environmental, Hazardous Material Testing, Geotechnical, Landscape Architecture and Architectural Services",City of Pittsburg,Contra Costa,Pittsburg,Closed,professional services,on-call-civil-engineering-surveying-traffic-engineering-dry-utility-and-electrical-engineering-construction-material-testing-biological-hydrologist-environmental-hazardous-material-testing-geotechnical-landscape-architecture-and-architectural-services-city-of-pittsburg,269,yes,results,professional services,https://www.bidthebay.com/professional-services-project-details/on-call-civil-engineering-surveying-traffic-engineering-dry-utility-and-electrical-engineering-construction-material-testing-biological-hydrologist-environmental-hazardous-material-testing-geotechnical-landscape-architecture-and-architectural-services-city-of-pittsburg/r/recPyWu1K8Nr59PhU,2026-05-29T00:02:11-07:00,381,no,,recently_closed,no
recPykW9QuBnhUfJW,Sanitary Sewer Point Repairs 2024-25 and Floresta Blvd. Sanitary Sewer Replacement,City of San Leandro,Alameda,San Leandro,Closed,construction,sanitary-sewer-point-repairs-2024-25-and-floresta-blvd-sanitary-sewer-replacement-city-of-san-leandro,101,yes,results,construction,https://www.bidthebay.com/construction-project-details/sanitary-sewer-point-repairs-2024-25-and-floresta-blvd-sanitary-sewer-replacement-city-of-san-leandro/r/recPykW9QuBnhUfJW,2026-03-30T09:53:12-07:00,237,yes,,award_results,no
recPyqTix7m1HoZld,Asset Protection - Site Utilities,Solano County,Solano,Fairfield,Closed,construction,asset-protection-site-utilities-solano-county,45,yes,results,construction,https://www.bidthebay.com/construction-project-details/asset-protection-site-utilities-solano-county/r/recPyqTix7m1HoZld,2026-04-09T11:56:03-07:00,756,yes,,award_results,no
recPz7O2ZxRsTcSef,PHTS MSB Animal Tower - Elevator Repair,University of California San Francisco,San Francisco,San Francisco,Closed,construction,phts-msb-animal-tower-elevator-repair-university-of-california-san-francisco,76,yes,results,construction,https://www.bidthebay.com/construction-project-details/phts-msb-animal-tower-elevator-repair-university-of-california-san-francisco/r/recPz7O2ZxRsTcSef,2026-08-18T00:01:16-07:00,206,no,,recently_closed,no
recPzL3bnt1iSW7DD,Parking & Path of Travel Improvements,County of Marin,Marin,San Rafael,Closed,construction,parking-path-of-travel-improvements-county-of-marin,51,yes,results,construction,https://www.bidthebay.com/construction-project-details/parking-path-of-travel-improvements-county-of-marin/r/recPzL3bnt1iSW7DD,2026-08-23T22:02:55-07:00,334,no,,recently_closed,no
recQ48m7G3DH3u37a,Fire Training Tower Renovation,City of Santa Clara ,Santa Clara,Santa Clara,Closed,construction,fire-training-tower-renovation-city-of-santa-clara,50,yes,results,construction,https://www.bidthebay.com/construction-project-details/fire-training-tower-renovation-city-of-santa-clara/r/recQ48m7G3DH3u37a,2026-06-26T00:00:38-07:00,325,no,,recently_closed,no
recQ5I7MLuvDMEDL0,Exterior Improvements in Preparation for Ground Mount Condensing Units and Installation of Benches at Kennedy Elementary School,Franklin-McKinley School District,Santa Clara,San Jose,Closed,construction,exterior-improvements-in-preparation-for-ground-mount-condensing-units-and-installation-of-benches-at-kennedy-elementary-school-franklin-mckinley-school-district,161,yes,results,construction,https://www.bidthebay.com/construction-project-details/exterior-improvements-in-preparation-for-ground-mount-condensing-units-and-installation-of-benches-at-kennedy-elementary-school-franklin-mckinley-school-district/r/recQ5I7MLuvDMEDL0,2026-05-14T17:04:02-07:00,177,no,,recently_closed,no
recQ5kZM0YWwqSpK2,I-880 Integrated Corridor Management - Central Segment,City of San Leandro,Alameda,San Leandro,Closed,construction,i-880-integrated-corridor-management-central-segment-city-of-san-leandro,72,yes,results,construction,https://www.bidthebay.com/construction-project-details/i-880-integrated-corridor-management-central-segment-city-of-san-leandro/r/recQ5kZM0YWwqSpK2,2026-03-30T09:52:04-07:00,560,yes,,award_results,no
recQBRa4LZkyCCwBw,2026 Microsurfacing Project (Various Streets),Redwood City,San Mateo,Redwood City,Closed,construction,2026-microsurfacing-project-various-streets-city-of-redwood-city,64,yes,results,construction,https://www.bidthebay.com/construction-project-details/2026-microsurfacing-project-various-streets-city-of-redwood-city/r/recQBRa4LZkyCCwBw,2026-09-07T11:36:49-07:00,802,yes,,award_results,no
recQCPi9FztUhKwpD,Menlo Park FPD - Fire Station 77 Dorm Subdivision,Menlo Park Fire Protection District,San Mateo,Menlo Park,Closed,construction,menlo-park-fpd-fire-station-77-dorm-subdivision-menlo-park-fire-protection-district,83,yes,results,construction,https://www.bidthebay.com/construction-project-details/menlo-park-fpd-fire-station-77-dorm-subdivision-menlo-park-fire-protection-district/r/recQCPi9FztUhKwpD,2026-06-11T00:01:32-07:00,723,no,,recently_closed,no
recQE0zKQNaMp8JxP,Canceled: Folger Stable Arena Footing Replacement,County of San Mateo,San Mateo,Woodside,Closed,construction,canceled-folger-stable-arena-footing-replacement-county-of-san-mateo,68,yes,results,construction,https://www.bidthebay.com/construction-project-details/canceled-folger-stable-arena-footing-replacement-county-of-san-mateo/r/recQE0zKQNaMp8JxP,2026-07-16T07:49:32-07:00,447,no,,recently_closed,no
recQES4k4qAlgGKe6,Airport Fence Drainage Crossing Repair Project,County of Sonoma,Sonoma,Santa Rosa,Closed,construction,airport-fence-drainage-crossing-repair-project-county-of-sonoma,63,yes,results,construction,https://www.bidthebay.com/construction-project-details/airport-fence-drainage-crossing-repair-project-county-of-sonoma/r/recQES4k4qAlgGKe6,2026-07-30T00:01:45-07:00,129,no,,recently_closed,no
recQL8WVffkpaOM0R,2026 Diablo & Blackhawk Fiberized Slurry Seal,Contra Costa County,Contra Costa,"Diablo, Blackhawk",Closed,construction,2026-diablo-blackhawk-fiberized-slurry-seal-contra-costa-county,63,yes,results,construction,https://www.bidthebay.com/construction-project-details/2026-diablo-blackhawk-fiberized-slurry-seal-contra-costa-county/r/recQL8WVffkpaOM0R,2026-09-10T09:03:35-07:00,391,yes,,award_results,no
recQP5dN5wHEbV9Ry,WSCUHSD Lease-Leaseback Construction Services,West Sonoma County Union High School District,Sonoma,Sebastopol,Closed,construction,wscuhsd-lease-leaseback-construction-services-west-sonoma-county-union-high-school-district,91,no,,,,2026-04-11T10:49:50-07:00,0,no,No description at all,closed_stale_no_results,no
recQPWXscxInxXF4S,Power Station Block 8 - Bid Package 2,City and County of San Francisco,San Francisco,San Francisco,Closed,construction,power-station-block-8-bid-package-2-city-and-county-of-san-francisco,68,yes,results,construction,https://www.bidthebay.com/construction-project-details/power-station-block-8-bid-package-2-city-and-county-of-san-francisco/r/recQPWXscxInxXF4S,2026-08-07T00:04:27-07:00,872,no,,recently_closed,no
recQS6bRYaig4vzrg,Airport Planning and Environmental Consulting Services,City of Livermore,Alameda,Livermore ,Closed,professional services,airport-planning-and-environmental-consulting-services-city-of-livermore,72,yes,results,professional services,https://www.bidthebay.com/professional-services-project-details/airport-planning-and-environmental-consulting-services-city-of-livermore/r/recQS6bRYaig4vzrg,2026-07-14T03:34:03-07:00,0,no,No description at all,recently_closed,no
recQTyQ1Pv1nqmzGY,Manuel T. Freitas/Civic Center Drive Interchange Improvements Project (PA&ED),Transportation Authority of Marin,Marin,San Rafael,Closed,professional services,manuel-t-freitas-civic-center-drive-interchange-improvements-project-pa-ed-transportation-authority-of-marin,108,yes,results,professional services,https://www.bidthebay.com/professional-services-project-details/manuel-t-freitas-civic-center-drive-interchange-improvements-project-pa-ed-transportation-authority-of-marin/r/recQTyQ1Pv1nqmzGY,2026-09-10T00:01:56-07:00,655,no,,recently_closed,no
recQZkdiGvzyPYOpu,West Pueblo Ditch Repair Project,County of Napa,Napa,Napa,Closed,construction,west-pueblo-ditch-repair-project-county-of-napa,47,yes,results,construction,https://www.bidthebay.com/construction-project-details/west-pueblo-ditch-repair-project-county-of-napa/r/recQZkdiGvzyPYOpu,2026-07-28T10:31:34-07:00,454,yes,,award_results,no
recQaY2bm7giKi0Sj,Livorna Park Improvements Project,Contra Costa County,Contra Costa,Alamo,Open,construction,livorna-park-improvements-project-alamo,39,yes,open,construction,https://www.bidthebay.com/construction-project-details/livorna-park-improvements-project-alamo/r/recQaY2bm7giKi0Sj,2026-09-10T10:43:50-07:00,451,no,,open_solicitation,no
recQav515JzLfNRl7,"Cold plane, RHMA overlay, Const Curb Ramp, SW & MGS, Mod Signal & Lighting",California Department of Transportation (Caltrans),Marin,Tiburon,Closed,construction,cold-plane-rhma-overlay-const-curb-ramp-sw-mgs-mod-signal-lighting-cal-trans-district-4,87,yes,results,construction,https://www.bidthebay.com/construction-project-details/cold-plane-rhma-overlay-const-curb-ramp-sw-mgs-mod-signal-lighting-cal-trans-district-4/r/recQav515JzLfNRl7,2026-09-07T15:49:52-07:00,198,yes,,award_results,no
recQcoxdce07mUjk9,Piedmont Park ADA Improvement Project,City of Piedmont,Alameda,Piedmont,Closed,construction,piedmont-park-ada-improvement-project-city-of-piedmont,54,yes,results,construction,https://www.bidthebay.com/construction-project-details/piedmont-park-ada-improvement-project-city-of-piedmont/r/recQcoxdce07mUjk9,2026-06-24T09:54:59-07:00,269,yes,,award_results,no
recQfhrNKMrywaNOR,DB Trade Partner - FP/Plumb/Mech/Elect,City and County of San Francisco,San Francisco,San Francisco,Closed,construction; professional services,db-trade-partner-fp-plumb-mech-elect-city-and-county-of-san-francisco,69,yes,results,construction,https://www.bidthebay.com/construction-project-details/db-trade-partner-fp-plumb-mech-elect-city-and-county-of-san-francisco/r/recQfhrNKMrywaNOR,2026-08-15T00:01:41-07:00,596,no,,multi_category_provisional_construction,yes
recQh2WSHM1f2fyr5,Marguerite Hahn and Monte Vista UTK Project,Cotati-Rohnert Park Unified School District,Sonoma,Rohnert Park,Closed,construction,marguerite-hahn-and-monte-vista-utk-project-cotati-rohnert-park-unified-school-district,87,yes,results,construction,https://www.bidthebay.com/construction-project-details/marguerite-hahn-and-monte-vista-utk-project-cotati-rohnert-park-unified-school-district/r/recQh2WSHM1f2fyr5,2026-09-05T00:01:57-07:00,1593,no,,recently_closed,no
recQhAed3EH1zx93f,UCB EHCP – Increment 5 – WP-43: Site Utilities,UC Berkeley,Alameda,Berkeley,Open,construction,ucb-ehcp-increment-5-wp-43-site-utilities-uc-berkeley,53,yes,open,construction,https://www.bidthebay.com/construction-project-details/ucb-ehcp-increment-5-wp-43-site-utilities-uc-berkeley/r/recQhAed3EH1zx93f,2026-08-23T21:39:59-07:00,295,no,,open_solicitation,no
recQi0sTdngtCOr6s,"Grattan ES, Bryant ES and ER Taylor ES - Water Outlet Improvements ",San Francisco Unified School District ,San Francisco,San Francisco,Closed,construction,grattan-es-bryant-es-and-er-taylor-es-water-outlet-improvements-san-francisco-unified-school-district,101,yes,results,construction,https://www.bidthebay.com/construction-project-details/grattan-es-bryant-es-and-er-taylor-es-water-outlet-improvements-san-francisco-unified-school-district/r/recQi0sTdngtCOr6s,2026-06-26T09:53:40-07:00,272,yes,,award_results,no
recQivCVYWEP0Lcs6,Thornton MS MPR Renovations Project - Electrical Trades,Fremont Unified School District,Alameda,Fremont,Closed,construction,thornton-ms-mpr-renovations-project-electrical-trades-fremont-unified-school-district,85,yes,results,construction,https://www.bidthebay.com/construction-project-details/thornton-ms-mpr-renovations-project-electrical-trades-fremont-unified-school-district/r/recQivCVYWEP0Lcs6,2026-07-10T12:27:43-07:00,76,yes,,award_results,no
recQjpjeU3fv0BN8Q,Alameda Del Prado/Nave Drive Interchange Improvements Project (PA&ED),Transportation Authority of Marin,Marin,Novato,Closed,professional services,alameda-del-prado-nave-drive-interchange-improvements-project-pa-ed-transportation-authority-of-marin,101,yes,results,professional services,https://www.bidthebay.com/professional-services-project-details/alameda-del-prado-nave-drive-interchange-improvements-project-pa-ed-transportation-authority-of-marin/r/recQjpjeU3fv0BN8Q,2026-08-27T00:05:07-07:00,342,no,,recently_closed,no
recQnfW3Nd7mi413g,UCB Bancroft Student Housing Building BP #11.4 - Landscaping and Site Furnishings,UC Berkeley,Alameda,Berkeley,Closed,construction,ucb-bancroft-student-housing-building-bp-11-4-landscaping-and-site-furnishings-uc-berkeley,90,yes,results,construction,https://www.bidthebay.com/construction-project-details/ucb-bancroft-student-housing-building-bp-11-4-landscaping-and-site-furnishings-uc-berkeley/r/recQnfW3Nd7mi413g,2026-08-16T22:26:17-07:00,217,yes,,award_results,no
recQpEVxTNbtsr4mu,2025 Pavement Preventative Maintenance Project,City of Rohnert Park,Sonoma,Rohnert Park,Closed,construction,2025-pavement-preventative-maintenance-project-city-of-rohnert-park,67,yes,results,construction,https://www.bidthebay.com/construction-project-details/2025-pavement-preventative-maintenance-project-city-of-rohnert-park/r/recQpEVxTNbtsr4mu,2026-03-24T09:07:55-07:00,181,yes,,award_results,no
recQpI77U4tbfia88,Special Inspections and Testing Services for the Evans Center Modernization & Voluntary Seismic & Spray Booth Installation Project,City College of San Francisco,San Francisco,San Francisco,Closed,professional services,special-inspections-and-testing-services-for-the-evans-center-modernization-voluntary-seismic-spray-booth-installation-project-city-college-of-san-francisco,156,no,,,,2026-04-15T05:24:29-07:00,1670,no,,closed_stale_no_results,no
recQqwWUdHvvKVaqO,Malcolm X Academy Elementary School - Synthetic Turf Project,San Francisco Unified School District,San Francisco,San Francisco,Closed,construction,malcolm-x-academy-elementary-school-synthetic-turf-project-san-francisco-unified-school-district,96,yes,results,construction,https://www.bidthebay.com/construction-project-details/malcolm-x-academy-elementary-school-synthetic-turf-project-san-francisco-unified-school-district/r/recQqwWUdHvvKVaqO,2026-07-14T04:51:25-07:00,531,yes,,award_results,no
recQsgvoOevXTisHO,"2026–2029 Master Services Agreement – Environmental Consulting (CEQA/NEPA), Hazardous Materials Testing/Inspection, Geotechnical and Land Planning Support Services",Solano County,Solano,Various Cities,Closed,professional services,2026-2029-master-services-agreement-environmental-consulting-ceqa-nepa-hazardous-materials-testing-inspection-geotechnical-and-land-planning-support-services-solano-county,171,yes,results,professional services,https://www.bidthebay.com/professional-services-project-details/2026-2029-master-services-agreement-environmental-consulting-ceqa-nepa-hazardous-materials-testing-inspection-geotechnical-and-land-planning-support-services-solano-county/r/recQsgvoOevXTisHO,2026-07-30T08:19:59-07:00,1240,yes,,award_results,no
recQstrf6dHVuCHKf,On-Call Traffic Striping Services,City of Hayward,Alameda,Hayward ,Closed,construction,on-call-traffic-striping-services-city-of-hayward,49,yes,results,construction,https://www.bidthebay.com/construction-project-details/on-call-traffic-striping-services-city-of-hayward/r/recQstrf6dHVuCHKf,2026-08-23T22:26:35-07:00,2397,yes,,award_results,no
recQuP52Gq0Nw9wnU,Reservoir 20B Project,Dublin San Ramon Services District,Alameda,Dublin,Closed,construction,reservoir-20b-project-dublin-san-ramon-services-district,56,yes,results,construction,https://www.bidthebay.com/construction-project-details/reservoir-20b-project-dublin-san-ramon-services-district/r/recQuP52Gq0Nw9wnU,2026-07-09T11:08:45-07:00,338,yes,,award_results,no
recQuPMUqNnU9Qr9o,#003 and #004 Mechanical,Contra Costa County,Contra Costa,Martinez / Countywide,Closed,construction,003-and-004-mechanical-contra-costa-county,42,yes,results,construction,https://www.bidthebay.com/construction-project-details/003-and-004-mechanical-contra-costa-county/r/recQuPMUqNnU9Qr9o,2026-07-29T00:01:52-07:00,197,no,,recently_closed,no
recQuoKy7k46b5baB,Canceled: North Base Electric Vehicle (EV) Charging Project,San Mateo County Transit District,San Mateo,South San Francisco,Closed,construction,canceled-north-base-electric-vehicle-ev-charging-project-san-mateo-county-transit-district,90,yes,results,construction,https://www.bidthebay.com/construction-project-details/canceled-north-base-electric-vehicle-ev-charging-project-san-mateo-county-transit-district/r/recQuoKy7k46b5baB,2026-08-14T08:45:20-07:00,429,no,,recently_closed,no
recQvSPteM4vbHOnT,"Wells 18, 19 & 20 Project",Solano County,Solano,Vacaville,Closed,construction,wells-18-19-20-project-solano-county,36,yes,results,construction,https://www.bidthebay.com/construction-project-details/wells-18-19-20-project-solano-county/r/recQvSPteM4vbHOnT,2026-03-30T09:46:39-07:00,1193,yes,,award_results,no
recQxqtCwIa1PdVY0,FY24 Water Line Replacement Project,City of Hayward,Alameda,Hayward ,Closed,construction,fy24-water-line-replacement-project-city-of-hayward,51,yes,results,construction,https://www.bidthebay.com/construction-project-details/fy24-water-line-replacement-project-city-of-hayward/r/recQxqtCwIa1PdVY0,2026-05-05T17:01:16-07:00,0,no,No description at all,recently_closed,no
recQyy0EKrodiyvhC,Hunters Point Site Security Improvements,University of California San Francisco,San Francisco,San Francisco,Closed,construction,hunters-point-site-security-improvements-university-of-california-san-francisco,79,yes,results,construction,https://www.bidthebay.com/construction-project-details/hunters-point-site-security-improvements-university-of-california-san-francisco/r/recQyy0EKrodiyvhC,2026-05-22T17:56:48-07:00,1329,no,,recently_closed,no
recQyyGTykx6ltyys,"Santa Fe Trackbed to Park Conversion New Community Gardens, Dog Park, and Playground Project",City of Berkeley,Alameda,Berkeley,Closed,construction,santa-fe-trackbed-to-park-conversion-new-community-gardens-dog-park-and-playground-project-city-of-berkeley,107,yes,results,construction,https://www.bidthebay.com/construction-project-details/santa-fe-trackbed-to-park-conversion-new-community-gardens-dog-park-and-playground-project-city-of-berkeley/r/recQyyGTykx6ltyys,2026-06-17T00:00:41-07:00,442,no,,recently_closed,no
recQz9fZhROVSYSjb,Harry Britt Building Storefront Doors Replacement,City College of San Francisco,San Francisco,San Francisco,Closed,construction,harry-britt-building-storefront-doors-replacement-city-college-of-san-francisco,79,yes,results,construction,https://www.bidthebay.com/construction-project-details/harry-britt-building-storefront-doors-replacement-city-college-of-san-francisco/r/recQz9fZhROVSYSjb,2026-07-10T00:02:34-07:00,69,no,,recently_closed,no
recQzGN7zuD1u0b7Z,Overhead Doors Maintenance and Repair Services,California Department of Forestry and Fire Protection (CAL FIRE),Santa Clara,Morgan Hill,Open,construction,overhead-doors-maintenance-and-repair-services-california-department-of-forestry-and-fire-protection,100,yes,open,construction,https://www.bidthebay.com/construction-project-details/overhead-doors-maintenance-and-repair-services-california-department-of-forestry-and-fire-protection/r/recQzGN7zuD1u0b7Z,2026-09-07T11:37:47-07:00,345,no,,open_solicitation,no
recR3GmmwKntj31Be,San Rafael Creek and ATF FY26 Maintenance Dredging,U.S. Department of the Army,Marin,San Rafael,Closed,construction,san-rafael-creek-and-atf-fy26-maintenance-dredging-department-of-the-army,73,yes,results,construction,https://www.bidthebay.com/construction-project-details/san-rafael-creek-and-atf-fy26-maintenance-dredging-department-of-the-army/r/recR3GmmwKntj31Be,2026-09-07T11:36:49-07:00,570,no,,recently_closed,no
recR3bGHkRvsCp3FG,Cold Plane Asphalt Concrete Pavement and Place Hot Mix Asphalt,California Department of Transportation (Caltrans),Napa,Calistoga,Closed,construction,cold-plane-asphalt-concrete-pavement-and-place-hot-mix-asphalt-cal-trans-district-4,83,yes,results,construction,https://www.bidthebay.com/construction-project-details/cold-plane-asphalt-concrete-pavement-and-place-hot-mix-asphalt-cal-trans-district-4/r/recR3bGHkRvsCp3FG,2026-09-07T15:49:52-07:00,275,yes,,award_results,no
recR53aOf31AmRCCl,2026 Road Striping Maintenance Project,County of Napa,Napa,Napa,Closed,construction,2026-road-striping-maintenance-project-county-of-napa,53,yes,results,construction,https://www.bidthebay.com/construction-project-details/2026-road-striping-maintenance-project-county-of-napa/r/recR53aOf31AmRCCl,2026-07-28T10:31:34-07:00,384,yes,,award_results,no
recR55gwtUJE1BOLo,City Hall BMS Replacement,City of Walnut Creek,Contra Costa,Walnut Creek,Closed,construction,city-hall-bms-replacement-city-of-walnut-creek,46,yes,results,construction,https://www.bidthebay.com/construction-project-details/city-hall-bms-replacement-city-of-walnut-creek/r/recR55gwtUJE1BOLo,2026-04-16T17:00:57-07:00,148,no,,recently_closed,no
recR7GWDViAtHJ9nD,Lomita Avenue Slope Repair Project,City of Millbrae,San Mateo,Millbrae,Closed,construction,lomita-avenue-slope-repair-project-city-of-millbrae,51,yes,results,construction,https://www.bidthebay.com/construction-project-details/lomita-avenue-slope-repair-project-city-of-millbrae/r/recR7GWDViAtHJ9nD,2026-07-21T02:25:33-07:00,319,yes,,award_results,no
recR9R114bVGEPydc,Vallejo Mill ES Modernization E&P,Fremont Unified School District,Alameda,Fremont,Closed,construction,vallejo-mill-es-modernization-e-p-fremont-unified-school-district,65,yes,results,construction,https://www.bidthebay.com/construction-project-details/vallejo-mill-es-modernization-e-p-fremont-unified-school-district/r/recR9R114bVGEPydc,2026-07-08T10:09:49-07:00,0,yes,No description at all,award_results,no
recR9nODlBZIcvSkF,2026 Newark Parks Playground Equipment Replacement & Park Improvement,City of Newark,Alameda,Newark,Closed,construction,2026-newark-parks-playground-equipment-replacement-park-improvement-city-of-newark,82,yes,results,construction,https://www.bidthebay.com/construction-project-details/2026-newark-parks-playground-equipment-replacement-park-improvement-city-of-newark/r/recR9nODlBZIcvSkF,2026-04-22T09:54:39-07:00,245,yes,,award_results,no
recRCIoc5qSuMBbYY,Easterly Wastewater Treatment Plant 1W Well 3 Equipping,City of Vacaville,Solano,Vacaville,Closed,construction,easterly-wastewater-treatment-plant-1w-well-3-equipping-city-of-vacaville,73,yes,results,construction,https://www.bidthebay.com/construction-project-details/easterly-wastewater-treatment-plant-1w-well-3-equipping-city-of-vacaville/r/recRCIoc5qSuMBbYY,2026-09-02T00:04:25-07:00,385,no,,recently_closed,no
recRFBXinhppvXlWf,San Martin Animal Shelter Camera Installation,County of Santa Clara,Santa Clara,San Martin,Closed,construction,san-martin-animal-shelter-camera-installation-county-of-santa-clara,67,yes,results,construction,https://www.bidthebay.com/construction-project-details/san-martin-animal-shelter-camera-installation-county-of-santa-clara/r/recRFBXinhppvXlWf,2026-07-08T10:25:47-07:00,262,yes,,award_results,no
recRG0baGDrl64OUH,"Clean & Paint Structural Steel Bridge, Salvage Traveler, Fender and Pier Repair  ",California Department of Transportation (Caltrans),Contra Costa,"Richmond, San Rafael",Closed,construction,clean-paint-structural-steel-bridge-salvage-traveler-fender-and-pier-repair-cal-trans-district-4,96,yes,results,construction,https://www.bidthebay.com/construction-project-details/clean-paint-structural-steel-bridge-salvage-traveler-fender-and-pier-repair-cal-trans-district-4/r/recRG0baGDrl64OUH,2026-09-07T15:49:52-07:00,92,yes,,award_results,no
recRHKTEPQbUoXyXF,Traffic Signal Pole Replacement (Trancas Street and Villa Lane),City of Napa,Napa,Napa,Closed,construction,traffic-signal-pole-replacement-trancas-street-and-villa-lane-city-of-napa,74,yes,results,construction,https://www.bidthebay.com/construction-project-details/traffic-signal-pole-replacement-trancas-street-and-villa-lane-city-of-napa/r/recRHKTEPQbUoXyXF,2026-06-15T07:20:59-07:00,208,yes,,award_results,no
recRHal8tNdlLJqJv,FS Women’s Faculty Club Flooring Repair,UC Berkeley,Alameda,Berkeley,Closed,construction,fs-women-s-faculty-club-flooring-repair-uc-berkeley,51,yes,results,construction,https://www.bidthebay.com/construction-project-details/fs-women-s-faculty-club-flooring-repair-uc-berkeley/r/recRHal8tNdlLJqJv,2026-03-24T09:07:28-07:00,472,yes,,award_results,no
recRHmAmIPYRd43K8,Thornton MS MPR Renovations Project - General / Painting Trades ,Fremont Unified School District,Alameda,Fremont,Closed,construction,thornton-ms-mpr-renovations-project-general-painting-trades-fremont-unified-school-district,91,yes,results,construction,https://www.bidthebay.com/construction-project-details/thornton-ms-mpr-renovations-project-general-painting-trades-fremont-unified-school-district/r/recRHmAmIPYRd43K8,2026-07-10T12:25:29-07:00,76,yes,,award_results,no
recRIl0ZsmPTVzzob,Administration Building & Camille Creek Battery Energy Storage System Projects,Napa County Office of Education,Napa,Napa ,Open,construction,administration-building-camille-creek-battery-energy-storage-system-projects-napa-county-office-of-education,108,yes,open,construction,https://www.bidthebay.com/construction-project-details/administration-building-camille-creek-battery-energy-storage-system-projects-napa-county-office-of-education/r/recRIl0ZsmPTVzzob,2026-09-05T20:58:43-07:00,532,no,,open_solicitation,no
recRNCsJhcIDNg28G,"UCSF Health Helen Diller Hospital – HMR 8A, 10B, 11B, 14A, & 15 - Demolition ",University of California San Francisco,San Francisco,San Francisco,Closed,construction,ucsf-health-helen-diller-hospital-hmr-8a-10b-11b-14a-15-demolition-university-of-california-san-francisco,105,yes,results,construction,https://www.bidthebay.com/construction-project-details/ucsf-health-helen-diller-hospital-hmr-8a-10b-11b-14a-15-demolition-university-of-california-san-francisco/r/recRNCsJhcIDNg28G,2026-09-04T00:02:07-07:00,1304,no,,recently_closed,no
recROL56gzvu58rbA,Various Plant Plumbing Improvements Project,Vallejo Flood and Wastewater District,Solano,Vallejo,Open,construction,various-plant-plumbing-improvements-project-vallejo-flood-wastewater-district,77,yes,open,construction,https://www.bidthebay.com/construction-project-details/various-plant-plumbing-improvements-project-vallejo-flood-wastewater-district/r/recROL56gzvu58rbA,2026-09-07T11:36:49-07:00,424,no,,open_solicitation,no
recRObXJJJ8L81JBW,Mt. Veeder Road MPM 4.3 and MPM 3.25,County of Napa,Napa,Napa,Closed,construction,mt-veeder-road-mpm-4-3-and-mpm-3-25-county-of-napa,50,yes,results,construction,https://www.bidthebay.com/construction-project-details/mt-veeder-road-mpm-4-3-and-mpm-3-25-county-of-napa/r/recRObXJJJ8L81JBW,2026-07-28T10:31:34-07:00,457,yes,,award_results,no
recRQrFD8lX54sobU,Police Department Temporary Holding Facility Security System Upgrades,City of Gilroy,Santa Clara,Gilroy,Closed,construction,police-department-temporary-holding-facility-security-system-upgrades-city-of-gilroy,84,yes,results,construction,https://www.bidthebay.com/construction-project-details/police-department-temporary-holding-facility-security-system-upgrades-city-of-gilroy/r/recRQrFD8lX54sobU,2026-08-19T06:11:47-07:00,261,no,,recently_closed,no
recRRcnZ2FB6Hjafd,Treasure Island Ferry Terminal Electrification Construction Services,San Francisco Bay Area Water Emergency Transportation Authority,San Francisco,San Francisco,Open,construction,treasure-island-ferry-terminal-electrification-construction-services-san-francisco-bay-area-water-emergency-transportation-authority,132,yes,open,construction,https://www.bidthebay.com/construction-project-details/treasure-island-ferry-terminal-electrification-construction-services-san-francisco-bay-area-water-emergency-transportation-authority/r/recRRcnZ2FB6Hjafd,2026-09-05T21:19:29-07:00,285,no,,open_solicitation,no
recRSuyC4XyaX1Mky,Santa Rosa Backflow Replacement,California Military Department,Sonoma,Santa Rosa,Open,construction,santa-rosa-backflow-replacement-california-military-department,62,yes,open,construction,https://www.bidthebay.com/construction-project-details/santa-rosa-backflow-replacement-california-military-department/r/recRSuyC4XyaX1Mky,2026-09-03T22:45:04-07:00,334,no,,open_solicitation,no
recRVdsZVT8SExgKg,Asset Protection - Concrete,Solano County,Solano,Fairfield,Closed,construction,asset-protection-concrete-solano-county,39,yes,results,construction,https://www.bidthebay.com/construction-project-details/asset-protection-concrete-solano-county/r/recRVdsZVT8SExgKg,2026-04-09T11:55:34-07:00,737,yes,,award_results,no
recRW9uhnfjLycLd3,Construct Pad & Sit-Up Bars at North Gate Track,U.S. Department of the Air Force,Solano,Fairfield,Open,construction; professional services,construct-pad-sit-up-bars-at-north-gate-track-department-of-the-air-force,73,yes,open,construction,https://www.bidthebay.com/construction-project-details/construct-pad-sit-up-bars-at-north-gate-track-department-of-the-air-force/r/recRW9uhnfjLycLd3,2026-09-07T11:36:49-07:00,368,no,,multi_category_provisional_construction,yes
recRaRfcvirM6SFCM,Cold Plane AC Pavement and Place HMA (Type A),California Department of Transportation (Caltrans),Santa Clara,San Jose,Closed,construction,cold-plane-ac-pavement-and-place-hma-type-a-cal-trans-district-4,64,yes,results,construction,https://www.bidthebay.com/construction-project-details/cold-plane-ac-pavement-and-place-hma-type-a-cal-trans-district-4/r/recRaRfcvirM6SFCM,2026-09-07T15:49:52-07:00,216,yes,,award_results,no
recRatByLfDSwCSY3,"Design of Quiet Zone Improvements at Churchill Avenue, Meadow Drive, and Charleston Road crossings",City of Palo Alto,Santa Clara,Palo Alto,Closed,professional services,design-of-quiet-zone-improvements-at-churchill-avenue-meadow-drive-and-charleston-road-crossings-city-of-palo-alto,114,yes,results,professional services,https://www.bidthebay.com/professional-services-project-details/design-of-quiet-zone-improvements-at-churchill-avenue-meadow-drive-and-charleston-road-crossings-city-of-palo-alto/r/recRatByLfDSwCSY3,2026-06-11T00:01:26-07:00,815,no,,recently_closed,no
recRb2rFJ1jWPPe8a,As-Needed Geotechnical Engineering Services,San Francisco Public Utilities Commission,San Francisco,San Francisco,Closed,professional services,as-needed-geotechnical-engineering-services-san-francisco-public-utilities-commission,85,yes,results,professional services,https://www.bidthebay.com/professional-services-project-details/as-needed-geotechnical-engineering-services-san-francisco-public-utilities-commission/r/recRb2rFJ1jWPPe8a,2026-08-25T09:36:44-07:00,430,no,,recently_closed,no
recRdb1iiPTSHlGHt,Districtwide Security Enhancements,Alameda-Contra Costa Transit District (AC Transit),Alameda," Oakland, Emeryville",Open,construction,districtwide-security-enhancements-ac-transit,45,yes,open,construction,https://www.bidthebay.com/construction-project-details/districtwide-security-enhancements-ac-transit/r/recRdb1iiPTSHlGHt,2026-09-09T23:47:34-07:00,558,no,,open_solicitation,no
recRdveGsSP7pWs1W,Pavement Rehabilitation,City of Pinole,Contra Costa,Pinole ,Closed,construction,pavement-rehabilitation-city-of-pinole,38,yes,results,construction,https://www.bidthebay.com/construction-project-details/pavement-rehabilitation-city-of-pinole/r/recRdveGsSP7pWs1W,2026-06-09T00:05:49-07:00,265,no,,recently_closed,no
recRgYxUPDO46TFWq,Crystal Springs Pipeline No. 2 Reach 5 Lining Replacement,San Francisco Public Utilities Commission,San Mateo,South San Francisco,Closed,construction,crystal-springs-pipeline-no-2-reach-5-lining-replacement-san-francisco-public-utilities-commission,98,no,,,,2026-05-29T06:56:40-07:00,400,no,,closed_stale_no_results,no
recRiOcPnEXZR1rFn,Engineering Services for Water Line Replacement Project FY25,City of Hayward,Alameda,Hayward,Closed,professional services,engineering-services-for-water-line-replacement-project-fy25-city-of-hayward,76,yes,results,professional services,https://www.bidthebay.com/professional-services-project-details/engineering-services-for-water-line-replacement-project-fy25-city-of-hayward/r/recRiOcPnEXZR1rFn,2026-05-08T17:04:16-07:00,153,no,,recently_closed,no
recRjlMTN5hkzO6WN, South San Francisco High School: Alterations to 1-Elevator/Restroom Bldg. B and Classroom Bldg. C ,South San Francisco Unified School District,San Mateo,South San Francisco,Closed,construction,south-san-francisco-high-school-alterations-to-1-elevator-restroom-bldg-b-and-classroom-bldg-c-south-san-francisco-unified-school-district,138,no,,,,2026-04-11T10:48:58-07:00,294,no,,closed_stale_no_results,no
recRog6sWWfDD0yS5,District-Wide Fire Alarm Maintenance,Sequoia Union High School District,San Mateo,Redwood City,Closed,construction,district-wide-fire-alarm-maintenance-sequoia-union-high-school-district,71,no,,,,2026-07-08T21:46:29-07:00,2147,no,,closed_stale_no_results,no
recRsgXWwIQBrvZPn,"DW Infrastructure – Exterior Painting (Mount Pleasant, Oak Grove, Piedmont Hills High Schools)",East Side Union High School District,Santa Clara,San Jose,Closed,construction,dw-infrastructure-exterior-painting-mount-pleasant-oak-grove-piedmont-hills-high-schools-east-side-union-high-school-district,125,yes,results,construction,https://www.bidthebay.com/construction-project-details/dw-infrastructure-exterior-painting-mount-pleasant-oak-grove-piedmont-hills-high-schools-east-side-union-high-school-district/r/recRsgXWwIQBrvZPn,2026-06-11T08:50:47-07:00,379,yes,,award_results,no
recRwAqnL81aQJieK,Vienna Bathroom Project,City and County of San Francisco,San Francisco,San Francisco ,Closed,construction,vienna-bathroom-project-city-and-county-of-san-francisco,56,no,,,,2026-04-11T10:49:20-07:00,43,no,,closed_stale_no_results,no
recRx7fZ9YfC3SHId,North Base Electric Vehicle (EV) Charging Project,San Mateo County Transit District,San Mateo,South San Francisco,Open,construction,north-base-electric-vehicle-ev-charging-project-san-mateo-county-transit-district,81,yes,open,construction,https://www.bidthebay.com/construction-project-details/north-base-electric-vehicle-ev-charging-project-san-mateo-county-transit-district/r/recRx7fZ9YfC3SHId,2026-08-27T09:25:42-07:00,604,no,,open_solicitation,no
recRz8eQJ5YTJ84Bn,As-Needed Civil Engineering Services 2026,San Francisco Public Works,San Francisco,San Francisco,Open,professional services,as-needed-civil-engineering-services-2026-san-francisco-public-works,68,yes,open,professional services,https://www.bidthebay.com/professional-services-project-details/as-needed-civil-engineering-services-2026-san-francisco-public-works/r/recRz8eQJ5YTJ84Bn,2026-08-31T18:04:47-07:00,375,no,,open_solicitation,no
recS3s0KLmSiiwTQ7,2026 Local Streets Sealing Pavement,City of San Jose,Santa Clara,San Jose,Closed,construction,2026-local-streets-sealing-pavement-city-of-san-jose,52,yes,results,construction,https://www.bidthebay.com/construction-project-details/2026-local-streets-sealing-pavement-city-of-san-jose/r/recS3s0KLmSiiwTQ7,2026-06-24T07:35:25-07:00,325,yes,,award_results,no
recS4vfb0J49THaaT,CCCFPD Vehicle Gate Installation and Repair Work,Contra Costa County,Contra Costa,Various Cities,Closed,construction,cccfpd-vehicle-gate-installation-and-repair-work-contra-costa-county,68,yes,results,construction,https://www.bidthebay.com/construction-project-details/cccfpd-vehicle-gate-installation-and-repair-work-contra-costa-county/r/recS4vfb0J49THaaT,2026-06-26T08:32:08-07:00,185,no,,recently_closed,no
recS6uJiSgIAiUs5L,2024 Tully Road over Coyote Creek Repair (Bridge No. 37C0142),City of San Jose,Santa Clara,San Jose,Closed,construction,2024-tully-road-over-coyote-creek-repair-bridge-no-37c0142-city-of-san-jose,75,no,,,,2026-03-27T10:12:19-07:00,283,no,,closed_stale_no_results,no
recSBUOrb0TXJZjsA,Ellis Elementary School - New Classroom Building and Playground Project ,Sunnyvale School District,Santa Clara,Sunnyvale,Closed,construction,ellis-elementary-school-new-classroom-building-and-playground-project-sunnyvale-school-district,95,no,,,,2026-05-22T17:56:10-07:00,619,no,,closed_stale_no_results,no
recSDVmPBeDODXDLc,UCB EHCP – Increment 6 – WP-26: Flooring,UC Berkeley,Alameda,Berkeley,Closed,construction,ucb-ehcp-increment-6-wp-26-flooring-uc-berkeley,47,yes,results,construction,https://www.bidthebay.com/construction-project-details/ucb-ehcp-increment-6-wp-26-flooring-uc-berkeley/r/recSDVmPBeDODXDLc,2026-09-10T00:02:06-07:00,225,no,,recently_closed,no
recSEUcKSVZWNhLFD,Storm Drain Pump Station 6 - Replacement and Infiltration Repairs,San Francisco International Airport,San Francisco,San Francisco,Open,construction,storm-drain-pump-station-6-replacement-and-infiltration-repairs-san-francisco-international-airport-sfo-1,105,yes,open,construction,https://www.bidthebay.com/construction-project-details/storm-drain-pump-station-6-replacement-and-infiltration-repairs-san-francisco-international-airport-sfo-1/r/recSEUcKSVZWNhLFD,2026-09-07T10:47:56-07:00,228,no,,open_solicitation,no
recSMEkhdhwkQsjBU,Guadalupe Washington Alleyway Lighting Installation,City of San Jose,Santa Clara,San Jose,Closed,construction,guadalupe-washington-alleyway-lighting-installation-city-of-san-jose,68,yes,results,construction,https://www.bidthebay.com/construction-project-details/guadalupe-washington-alleyway-lighting-installation-city-of-san-jose/r/recSMEkhdhwkQsjBU,2026-03-25T07:47:09-07:00,170,yes,,award_results,no
recSNtByU0XCBazN8,Pleasanton Middle School – Landscaping – Field Renovation Project,Pleasanton Unified School District,Alameda,Pleasanton ,Closed,construction,pleasanton-middle-school-landscaping-field-renovation-project-pleasanton-unified-school-district,96,yes,results,construction,https://www.bidthebay.com/construction-project-details/pleasanton-middle-school-landscaping-field-renovation-project-pleasanton-unified-school-district/r/recSNtByU0XCBazN8,2026-07-03T09:45:07-07:00,365,no,,recently_closed,no
recSPhoONqBBUe9Zg,Develop Tidewater Day Use Area Project,East Bay Regional Park District,Alameda,Oakland,Closed,construction,develop-tidewater-day-use-area-project-east-bay-regional-park-district,70,no,,,,2026-03-24T08:53:46-07:00,536,no,,closed_stale_no_results,no
recSQpNHkf4kM8ZyJ,D Street Reconstruction and Utility Design Services,City of Petaluma,Sonoma,Petaluma,Closed,professional services,d-street-reconstruction-and-utility-design-services-city-of-petaluma,68,yes,results,professional services,https://www.bidthebay.com/professional-services-project-details/d-street-reconstruction-and-utility-design-services-city-of-petaluma/r/recSQpNHkf4kM8ZyJ,2026-08-29T00:04:04-07:00,327,no,,recently_closed,no
recSRXj7cN99tSZer,"Noise Insulation Program (NIP), Expanded Eligibility Initiative (EEI) Phase 2024, Group 2",San Francisco International Airport,San Mateo,San Bruno / South San Francisco,Open,construction,noise-insulation-program-nip-expanded-eligibility-initiative-eei-phase-2024-group-2-san-francisco-international-airport-sfo,123,yes,open,construction,https://www.bidthebay.com/construction-project-details/noise-insulation-program-nip-expanded-eligibility-initiative-eei-phase-2024-group-2-san-francisco-international-airport-sfo/r/recSRXj7cN99tSZer,2026-09-07T10:43:12-07:00,472,no,Open but due date passed,open_solicitation,no
recSaqSXrJLfZ7BT9,Albany USD Construction Management Services,Albany Unified School District,Alameda,Albany,Closed,professional services,albany-usd-construction-management-services-albany-unified-school-district,74,no,,,,2026-03-24T08:36:45-07:00,0,no,No description at all,closed_stale_no_results,no
recScBsD34vf5rBAI,Expressway Guardrail Replacement and Safety Barrier Improvements,County of Santa Clara,Santa Clara,San Jose,Closed,construction,expressway-guardrail-replacement-and-safety-barrier-improvements-county-of-santa-clara,86,yes,results,construction,https://www.bidthebay.com/construction-project-details/expressway-guardrail-replacement-and-safety-barrier-improvements-county-of-santa-clara/r/recScBsD34vf5rBAI,2026-06-01T01:48:48-07:00,377,yes,,award_results,no
recScniyVQTtqNrou,UCB EHCP – Increment 5 – WP-43: Site Utilities,UC Berkeley,Alameda,Berkeley,Closed,construction,ucb-ehcp-increment-5-wp-43-site-utilities-uc-berkeley,53,yes,results,construction,https://www.bidthebay.com/construction-project-details/ucb-ehcp-increment-5-wp-43-site-utilities-uc-berkeley/r/recScniyVQTtqNrou,2026-08-12T00:00:52-07:00,221,no,,recently_closed,no
recSero3BusiJyonO,Chaboya Yard Zero-Emission Bus (ZEB) Charging Infrastructure Project,Santa Clara Valley Transportation Authority,Santa Clara,San Jose,Closed,construction,chaboya-yard-zero-emission-bus-zeb-charging-infrastructure-project-santa-clara-valley-transportation-authority,110,yes,results,construction,https://www.bidthebay.com/construction-project-details/chaboya-yard-zero-emission-bus-zeb-charging-infrastructure-project-santa-clara-valley-transportation-authority/r/recSero3BusiJyonO,2026-07-16T00:02:36-07:00,1279,no,,recently_closed,no
recSgwZa5t5M8Q880,"Galileo Academy of Science and Technology, Polk Street - Elevator Replacement Project",San Francisco Unified School District,San Francisco,San Francisco,Closed,construction,galileo-academy-of-science-and-technology-polk-street-elevator-replacement-project-san-francisco-unified-school-district,120,yes,results,construction,https://www.bidthebay.com/construction-project-details/galileo-academy-of-science-and-technology-polk-street-elevator-replacement-project-san-francisco-unified-school-district/r/recSgwZa5t5M8Q880,2026-08-13T05:41:15-07:00,338,yes,,award_results,no
recShfeE927YHTrFD,San Miguel ES – Exterior Improvement ,Sunnyvale School District,Santa Clara,Sunnyvale,Closed,construction,san-miguel-es-exterior-improvement-sunnyvale-school-district,60,yes,results,construction,https://www.bidthebay.com/construction-project-details/san-miguel-es-exterior-improvement-sunnyvale-school-district/r/recShfeE927YHTrFD,2026-05-22T17:56:34-07:00,508,no,,recently_closed,no
recSq3tc6jD5r2ZPW,Morgan Territory Road Post Mile 5.0 Bridge Replacement,Contra Costa Public Works,Contra Costa,Clayton,Closed,construction,morgan-territory-road-post-mile-5-0-bridge-replacement-contra-costa-public-works,80,no,,,,2026-03-31T11:32:53-07:00,362,no,,closed_stale_no_results,no
recSq4lgrRVIZTy9s,Richmond Inner Harbor FY26 Maintenance Dredging Project,U.S. Department of the Army,Contra Costa,Richmond,Closed,construction,richmond-inner-harbor-fy26-maintenance-dredging-project-department-of-the-army,78,yes,results,construction,https://www.bidthebay.com/construction-project-details/richmond-inner-harbor-fy26-maintenance-dredging-project-department-of-the-army/r/recSq4lgrRVIZTy9s,2026-09-07T11:36:49-07:00,238,no,,recently_closed,no
recSqqnQGzS84BMPO,Galileo Academy of Science and Technology – Bay Street Elevator Replacement Project,San Francisco Unified School District,San Francisco,San Francisco,Closed,construction,galileo-academy-of-science-and-technology-bay-street-elevator-replacement-project-san-francisco-unified-school-district,119,yes,results,construction,https://www.bidthebay.com/construction-project-details/galileo-academy-of-science-and-technology-bay-street-elevator-replacement-project-san-francisco-unified-school-district/r/recSqqnQGzS84BMPO,2026-08-13T05:41:45-07:00,347,yes,,award_results,no
recSr9OudO0FzQ9Lf,East Palo Alto Police Department Facility Design,City of East Palo Alto,San Mateo,East Palo Alto,Closed,professional services,east-palo-alto-police-department-facility-design-city-of-east-palo-alto,71,yes,results,professional services,https://www.bidthebay.com/professional-services-project-details/east-palo-alto-police-department-facility-design-city-of-east-palo-alto/r/recSr9OudO0FzQ9Lf,2026-08-07T00:04:27-07:00,427,no,,recently_closed,no
recSuco7mAdiMo6aB,Visitacion Avenue Pedestrian and Bicycle Safety Improvements Project,City and County of San Francisco,San Francisco,San Francisco,Closed,construction,visitacion-avenue-pedestrian-and-bicycle-safety-improvements-project-city-and-county-of-san-francisco,101,yes,results,construction,https://www.bidthebay.com/construction-project-details/visitacion-avenue-pedestrian-and-bicycle-safety-improvements-project-city-and-county-of-san-francisco/r/recSuco7mAdiMo6aB,2026-07-30T00:01:47-07:00,171,no,,recently_closed,no
recSwo0HpAxKOu3VH,Potable Emergency Firefighting Water System  ,San Francisco Public Utilities Commission,San Francisco,San Francisco,Closed,construction,potable-emergency-firefighting-water-system-san-francisco-public-utilities-commission,85,yes,results,construction,https://www.bidthebay.com/construction-project-details/potable-emergency-firefighting-water-system-san-francisco-public-utilities-commission/r/recSwo0HpAxKOu3VH,2026-06-27T20:31:44-07:00,1560,no,,recently_closed,no
recSyhC9Jv0eTSP6e,Roofing Replacement and Repair Project – Phase 2,Mountain View Whisman School District,Santa Clara,Mountain View,Closed,construction,roofing-replacement-and-repair-project-phase-2-mountain-view-whisman-school-district,84,yes,results,construction,https://www.bidthebay.com/construction-project-details/roofing-replacement-and-repair-project-phase-2-mountain-view-whisman-school-district/r/recSyhC9Jv0eTSP6e,2026-09-07T10:31:36-07:00,165,yes,,award_results,no
recT1lpoJPWW889lX,"Cold Plane AC Pavement, Hot Mix Asphalt and Apply Slurry Seal",California Department of Transportation (Caltrans),Napa,Napa ,Closed,construction,cold-plane-ac-pavement-hot-mix-asphalt-and-apply-slurry-seal-cal-trans-district-4,81,yes,results,construction,https://www.bidthebay.com/construction-project-details/cold-plane-ac-pavement-hot-mix-asphalt-and-apply-slurry-seal-cal-trans-district-4/r/recT1lpoJPWW889lX,2026-09-07T15:49:52-07:00,0,yes,No description at all,award_results,no
recT5DHkZWnopG0JD,On-Call Construction Management Support Services for Federally Funded Projects,Port of Oakland,Alameda,Oakland,Closed,professional services,on-call-construction-management-support-services-for-federally-funded-projects-port-of-oakland,94,yes,results,professional services,https://www.bidthebay.com/professional-services-project-details/on-call-construction-management-support-services-for-federally-funded-projects-port-of-oakland/r/recT5DHkZWnopG0JD,2026-07-15T00:02:43-07:00,344,no,,recently_closed,no
recT6FXmDLppIX86J,2026 Sewer Rehabilitation Project,City of San Carlos,San Mateo,San Carlos,Closed,construction,2026-sewer-rehabilitation-project-city-of-san-carlos,52,yes,results,construction,https://www.bidthebay.com/construction-project-details/2026-sewer-rehabilitation-project-city-of-san-carlos/r/recT6FXmDLppIX86J,2026-07-15T00:02:54-07:00,391,no,,recently_closed,no
recT98YYjhnoFRcV8,Buchanan Road Slope Repair Project,City of Pittsburg,Contra Costa,Pittsburg,Closed,construction,buchanan-road-slope-repair-project-city-of-pittsburg,52,yes,results,construction,https://www.bidthebay.com/construction-project-details/buchanan-road-slope-repair-project-city-of-pittsburg/r/recT98YYjhnoFRcV8,2026-05-27T07:53:00-07:00,348,yes,,award_results,no
recTAWkJeoaawTVmA,MB Helen Diller Roof Fall Protection   ,University of California San Francisco,San Francisco,San Francisco,Closed,construction,mb-helen-diller-roof-fall-protection-university-of-california-san-francisco,75,yes,results,construction,https://www.bidthebay.com/construction-project-details/mb-helen-diller-roof-fall-protection-university-of-california-san-francisco/r/recTAWkJeoaawTVmA,2026-06-15T07:18:51-07:00,1430,no,,recently_closed,no
recTI8wSjkEw3viaA,Structural Engineering Consulting Services for Various School Sites ,Oakland Unified School District,Alameda,Oakland,Closed,professional services,structural-engineering-consulting-services-for-various-school-sites-oakland-unified-school-district,99,yes,results,professional services,https://www.bidthebay.com/professional-services-project-details/structural-engineering-consulting-services-for-various-school-sites-oakland-unified-school-district/r/recTI8wSjkEw3viaA,2026-07-24T00:02:00-07:00,951,no,,recently_closed,no
recTNxrorOJDZ6qXF,Booster Station Professional Design Services,City of Morgan Hill,Santa Clara,Morgan Hill ,Closed,professional services,booster-station-professional-design-services-city-of-morgan-hill,64,yes,results,professional services,https://www.bidthebay.com/professional-services-project-details/booster-station-professional-design-services-city-of-morgan-hill/r/recTNxrorOJDZ6qXF,2026-05-05T17:01:23-07:00,673,no,,recently_closed,no
recTPZPYJcIE4caol,As-Needed Residential Plumbing Contractor,City of Richmond,Contra Costa,Richmond ,Closed,construction,as-needed-residential-plumbing-contractor-city-of-richmond,58,no,,,,2026-03-30T10:11:26-07:00,50,no,,closed_stale_no_results,no
recTQzoH4kzvtM0Or,FY26 Pavement Improvement Project,City of Hayward,Alameda,Hayward ,Closed,construction,fy26-pavement-improvement-project-city-of-hayward,49,yes,results,construction,https://www.bidthebay.com/construction-project-details/fy26-pavement-improvement-project-city-of-hayward/r/recTQzoH4kzvtM0Or,2026-07-28T10:03:08-07:00,0,yes,No description at all,award_results,no
recTSpFWNukIFTEzc,Phase 1 Roof Restorations,Millbrae Elementary School District,San Mateo,Millbrae,Closed,construction,phase-1-roof-restorations-millbrae-elementary-school-district,61,yes,results,construction,https://www.bidthebay.com/construction-project-details/phase-1-roof-restorations-millbrae-elementary-school-district/r/recTSpFWNukIFTEzc,2026-05-11T17:04:00-07:00,122,no,,recently_closed,no
recTTa4yut95XFquS,Esposti Park Playground Project,Town of Windsor,Sonoma,Windsor,Closed,construction,esposti-park-playground-project-town-of-windsor,47,yes,results,construction,https://www.bidthebay.com/construction-project-details/esposti-park-playground-project-town-of-windsor/r/recTTa4yut95XFquS,2026-07-29T05:59:08-07:00,356,yes,,award_results,no
recTUAkMIkVequbsE,Melvin Park Improvements,City of American Canyon,Napa,American Canyon,Closed,professional services,melvin-park-improvements-city-of-american-canyon,48,yes,results,professional services,https://www.bidthebay.com/professional-services-project-details/melvin-park-improvements-city-of-american-canyon/r/recTUAkMIkVequbsE,2026-07-30T07:58:48-07:00,1440,yes,,award_results,no
recTUJfoI0Pdam3Oc,"On-Call Construction Management, Inspection, and Testing Services",City of Vacaville,Solano,Vacaville,Closed,professional services,on-call-construction-management-inspection-and-testing-services-city-of-vacaville,81,yes,results,professional services,https://www.bidthebay.com/professional-services-project-details/on-call-construction-management-inspection-and-testing-services-city-of-vacaville/r/recTUJfoI0Pdam3Oc,2026-08-12T00:00:43-07:00,1011,no,,recently_closed,no
recTVjst3rxm5NzJY,Mark Green Sports Center AHU Replacement,City of Union City,Alameda,Union City,Closed,construction,mark-green-sports-center-ahu-replacement-city-of-union-city,59,yes,results,construction,https://www.bidthebay.com/construction-project-details/mark-green-sports-center-ahu-replacement-city-of-union-city/r/recTVjst3rxm5NzJY,2026-06-17T00:00:44-07:00,362,no,,recently_closed,no
recTWrTtGTMtp6lLN,2026 Annual Street Repair and Resurfacing Project,City of Monte Sereno,Santa Clara,Monte Sereno,Open,construction,2026-annual-street-repair-and-resurfacing-project-city-of-monte-sereno,70,yes,open,construction,https://www.bidthebay.com/construction-project-details/2026-annual-street-repair-and-resurfacing-project-city-of-monte-sereno/r/recTWrTtGTMtp6lLN,2026-08-31T20:32:25-07:00,755,no,,open_solicitation,no
recTYz1RQk5IUdFr1,Paulin Bridge and Slide Repair Project,Midpeninsula Regional Open Space District,San Mateo; Santa Clara,Various Cities,Closed,construction,paulin-bridge-and-slide-repair-project-midpeninsula-regional-open-space-district,80,yes,results,construction,https://www.bidthebay.com/construction-project-details/paulin-bridge-and-slide-repair-project-midpeninsula-regional-open-space-district/r/recTYz1RQk5IUdFr1,2026-04-16T17:01:01-07:00,0,no,No description at all,recently_closed,no
recTZcp1gnBsslDss,Repair Exterior Stairs for Building 3 on Coast Guard Island,U.S. Coast Guard,Alameda,Alameda,Open,construction,repair-exterior-stairs-for-building-3-on-coast-guard-island-us-coast-guard,74,yes,open,construction,https://www.bidthebay.com/construction-project-details/repair-exterior-stairs-for-building-3-on-coast-guard-island-us-coast-guard/r/recTZcp1gnBsslDss,2026-09-07T10:25:51-07:00,435,no,Open but due date passed,open_solicitation,no
recTcC1VZZAwB3nMZ,Building Renovations for SDC at Edwin and Anita Lee Newcomer School,San Francisco Unified School District,San Francisco,San Francisco,Closed,construction,building-renovations-for-sdc-at-edwin-and-anita-lee-newcomer-school-san-francisco-unified-school-district,105,yes,results,construction,https://www.bidthebay.com/construction-project-details/building-renovations-for-sdc-at-edwin-and-anita-lee-newcomer-school-san-francisco-unified-school-district/r/recTcC1VZZAwB3nMZ,2026-05-26T04:10:09-07:00,159,yes,,award_results,no
recTe62UeyTOiugYx,Convention Way Bridge Water Main Repair Project,Redwood City,San Mateo,Redwood City,Closed,professional services,convention-way-bridge-water-main-repair-project-city-of-redwood-city,68,yes,results,professional services,https://www.bidthebay.com/professional-services-project-details/convention-way-bridge-water-main-repair-project-city-of-redwood-city/r/recTe62UeyTOiugYx,2026-09-07T11:37:33-07:00,337,no,,recently_closed,no
recTeMTzWipNnxGtw,2026 Sanitary Sewer Manhole Adjustment Project,Napa Sanitation District,Napa,Napa,Closed,construction,2026-sanitary-sewer-manhole-adjustment-project-napa-sanitation-district,71,yes,results,construction,https://www.bidthebay.com/construction-project-details/2026-sanitary-sewer-manhole-adjustment-project-napa-sanitation-district/r/recTeMTzWipNnxGtw,2026-03-30T09:49:42-07:00,315,yes,,award_results,no
recTf0PABRQmz5b0p,West Field Garage 675 - Painting,San Francisco International Airport,San Mateo,San Francisco,Closed,construction,west-field-garage-675-painting-san-francisco-international-airport-sfo,70,yes,results,construction,https://www.bidthebay.com/construction-project-details/west-field-garage-675-painting-san-francisco-international-airport-sfo/r/recTf0PABRQmz5b0p,2026-09-07T10:43:19-07:00,327,no,,recently_closed,no
recTfNbDnd8sbp6LO,Engineering and Environmental Remediation Services for the ACMR,East Bay Regional Park District,Alameda,Oakland,Closed,professional services,engineering-and-environmental-remediation-services-for-the-acmr-east-bay-regional-park-district,95,no,,,,2026-03-28T08:39:04-07:00,516,no,,closed_stale_no_results,no
recTg69Zgs5K9lOsi,SKY B2 AI Innovation Hub Project - Infrastructure Work (Informal),San Mateo County Community College District,San Mateo,San Bruno,Closed,construction,sky-b2-ai-innovation-hub-project-infrastructure-work-informal-san-mateo-county-community-college-district,105,yes,results,construction,https://www.bidthebay.com/construction-project-details/sky-b2-ai-innovation-hub-project-infrastructure-work-informal-san-mateo-county-community-college-district/r/recTg69Zgs5K9lOsi,2026-08-14T00:01:52-07:00,600,no,,recently_closed,no
recTiIcXHbvJXJVJ9,Cargo Building 720.1 & GSE Building 742 Project - Metal Siding,San Francisco International Airport,San Mateo,San Francisco,Closed,construction,cargo-building-720-1-gse-building-742-project-metal-siding-san-francisco-international-airport-sfo,98,no,,,,2026-09-07T10:43:39-07:00,1024,no,,closed_stale_no_results,no
recTim3iaqlT4VORl,Safe Pathways to School Coloma St and Ebbtide Ave,City of Sausalito,Marin,Sausalito,Closed,construction,safe-pathways-to-school-coloma-st-and-ebbtide-ave-city-of-sausalito,67,yes,results,construction,https://www.bidthebay.com/construction-project-details/safe-pathways-to-school-coloma-st-and-ebbtide-ave-city-of-sausalito/r/recTim3iaqlT4VORl,2026-07-11T09:37:09-07:00,389,yes,,award_results,no
recTkLJbQsmtw4nQ8,Dry Creek Water Treatment Plant Upgrades – Pump and Clear Well Improvements,City of Healdsburg,Sonoma,Healdsburg,Closed,construction,dry-creek-water-treatment-plant-upgrades-pump-and-clear-well-improvements-city-of-healdsburg,92,yes,results,construction,https://www.bidthebay.com/construction-project-details/dry-creek-water-treatment-plant-upgrades-pump-and-clear-well-improvements-city-of-healdsburg/r/recTkLJbQsmtw4nQ8,2026-07-10T12:56:20-07:00,179,yes,,award_results,no
recTkmEl0azk55PZU,On-Call Water System Repair Services,City of San Bruno,San Mateo,San Bruno,Closed,construction,on-call-water-system-repair-services-city-of-san-bruno,54,yes,results,construction,https://www.bidthebay.com/construction-project-details/on-call-water-system-repair-services-city-of-san-bruno/r/recTkmEl0azk55PZU,2026-08-06T00:04:20-07:00,837,no,,recently_closed,no
recTlSDQq4CNUXDdL,USCG Station Bodega Bay Mess Deck and Comms Room Electrical,U.S. Coast Guard,Sonoma,Bodega Bay,Closed,construction,uscg-station-bodega-bay-mess-deck-and-comms-room-electrical-us-coast-guard,74,yes,results,construction,https://www.bidthebay.com/construction-project-details/uscg-station-bodega-bay-mess-deck-and-comms-room-electrical-us-coast-guard/r/recTlSDQq4CNUXDdL,2026-09-07T10:26:34-07:00,1182,no,,recently_closed,no
recTn4Qy0vXolnplz,Stevens Creek Boulevard and De Anza Boulevard Traffic Signal Synchronization Project ,City of Cupertino,Santa Clara,Cupertino,Open,professional services,stevens-creek-boulevard-and-de-anza-boulevard-traffic-signal-synchronization-project-city-of-cupertino,102,yes,open,professional services,https://www.bidthebay.com/professional-services-project-details/stevens-creek-boulevard-and-de-anza-boulevard-traffic-signal-synchronization-project-city-of-cupertino/r/recTn4Qy0vXolnplz,2026-09-09T21:53:19-07:00,868,no,,open_solicitation,no
recTqJL183U8c9khI,2026 College Park High School Softball Field Renovation Project,Mount Diablo Unified School District,Contra Costa,Pleasant Hill,Closed,construction,2026-college-park-high-school-softball-field-renovation-project-mt-diablo-unified-school-district,97,yes,results,construction,https://www.bidthebay.com/construction-project-details/2026-college-park-high-school-softball-field-renovation-project-mt-diablo-unified-school-district/r/recTqJL183U8c9khI,2026-09-07T11:36:49-07:00,68,yes,,award_results,no
recTqKwAPu2CCS2ON,249 Pennsylvania - Design/Eng. Subs,City and County of San Francisco,San Francisco,San Francisco,Open,professional services,249-pennsylvania-design-eng-subs-city-and-county-of-san-francisco,65,yes,open,professional services,https://www.bidthebay.com/professional-services-project-details/249-pennsylvania-design-eng-subs-city-and-county-of-san-francisco/r/recTqKwAPu2CCS2ON,2026-09-02T06:46:17-07:00,846,no,,open_solicitation,no
recTqVF2b5Co8DG7Q,Small Trash Capture Device Installation,City of San Leandro,Alameda,San Leandro,Closed,construction,small-trash-capture-device-installation-city-of-san-leandro,59,no,,,,2026-03-30T09:13:57-07:00,209,no,,closed_stale_no_results,no
recTsZjT3VQPb07cc,"Murchison, Trousdale, and Davis Bike Lane Project",City of Burlingame,San Mateo,Burlingame,Closed,construction,murchison-trousdale-and-davis-bike-lane-project-city-of-burlingame,66,no,,,,2026-04-11T10:48:52-07:00,325,no,,closed_stale_no_results,no
recTyPHNIidW4EvjV,HOME Investment Partnership Program Housing Development,City of Alameda,Alameda,Alameda,Closed,construction; professional services,home-investment-partnership-program-housing-development-city-of-alameda,71,yes,results,construction,https://www.bidthebay.com/construction-project-details/home-investment-partnership-program-housing-development-city-of-alameda/r/recTyPHNIidW4EvjV,2026-07-10T05:14:52-07:00,1275,no,,multi_category_provisional_construction,yes
recU3RJvicFNidtxT,Oak Avenue Surface Improvement Project,City of St. Helena,Napa,St. Helena,Closed,construction,oak-avenue-surface-improvement-project-city-of-st-helena,56,yes,results,construction,https://www.bidthebay.com/construction-project-details/oak-avenue-surface-improvement-project-city-of-st-helena/r/recU3RJvicFNidtxT,2026-09-11T00:02:04-07:00,280,no,,recently_closed,no
recU3se00YzO32mpI,On-Call Roads and Trails Maintenance 2026-2028,Marin Water (Marin Municipal Water District),Marin,Marin County,Closed,construction,on-call-roads-and-trails-maintenance-2026-2028-marin-water,58,no,,,,2026-09-07T11:37:33-07:00,415,no,,closed_stale_no_results,no
recU4CK9WmhaEIQwg,Engineering Design Service for Sewer Rehabilitation,City of Alameda,Alameda,Alameda,Closed,professional services,engineering-design-service-for-sewer-rehabilitation-city-of-alameda,67,yes,results,professional services,https://www.bidthebay.com/professional-services-project-details/engineering-design-service-for-sewer-rehabilitation-city-of-alameda/r/recU4CK9WmhaEIQwg,2026-04-15T17:01:36-07:00,741,no,,recently_closed,no
recU7ESDrDjKFptHp,2026 MDUSD Central Services Technology Infrastructure Upgrades,Mount Diablo Unified School District,Contra Costa,Concord,Closed,construction,2026-mdusd-central-services-technology-infrastructure-upgrades-mt-diablo-unified-school-district,96,yes,results,construction,https://www.bidthebay.com/construction-project-details/2026-mdusd-central-services-technology-infrastructure-upgrades-mt-diablo-unified-school-district/r/recU7ESDrDjKFptHp,2026-09-07T11:36:49-07:00,109,yes,,award_results,no
recU7L2a8zudUZOB9,Cast Iron Sewer Replacement FY 2024-2025 Package I,City of San Jose,Santa Clara,San Jose,Closed,construction,cast-iron-sewer-replacement-fy-2024-2025-package-i-city-of-san-jose,67,yes,results,construction,https://www.bidthebay.com/construction-project-details/cast-iron-sewer-replacement-fy-2024-2025-package-i-city-of-san-jose/r/recU7L2a8zudUZOB9,2026-06-24T09:49:48-07:00,451,yes,,award_results,no
recU85VaRrsjYepBy,Prospect High School Restroom Modernization,Campbell Union High School District,Santa Clara,Saratoga,Closed,construction,prospect-high-school-restroom-modernization-campbell-union-high-school-district,79,yes,results,construction,https://www.bidthebay.com/construction-project-details/prospect-high-school-restroom-modernization-campbell-union-high-school-district/r/recU85VaRrsjYepBy,2026-09-09T20:10:55-07:00,405,yes,,award_results,no
recU8wzkiNVnY1K22,Beatty Parking Area and Trail Connections Project,Midpeninsula Regional Open Space District,Santa Clara,Los Gatos,Closed,construction,beatty-parking-area-and-trail-connections-project-midpeninsula-regional-open-space-district,91,yes,results,construction,https://www.bidthebay.com/construction-project-details/beatty-parking-area-and-trail-connections-project-midpeninsula-regional-open-space-district/r/recU8wzkiNVnY1K22,2026-04-24T17:03:25-07:00,0,no,No description at all,recently_closed,no
recUA4EfyZx7pjqmM,Menlo-Atherton HS Athletics Facilities,Sequoia Union High School District,San Mateo,Atherton,Closed,construction; professional services,menlo-atherton-hs-athletics-facilities-sequoia-union-high-school-district,73,yes,results,construction,https://www.bidthebay.com/construction-project-details/menlo-atherton-hs-athletics-facilities-sequoia-union-high-school-district/r/recUA4EfyZx7pjqmM,2026-07-08T21:43:05-07:00,375,no,,multi_category_provisional_construction,yes
recUA8Tri0EenCLB5,De Anza HS Drainage Improvements,West Contra Costa Unified School District,Contra Costa,Richmond,Closed,construction,de-anza-hs-drainage-improvements-west-contra-costa-unified-school-district,74,yes,results,construction,https://www.bidthebay.com/construction-project-details/de-anza-hs-drainage-improvements-west-contra-costa-unified-school-district/r/recUA8Tri0EenCLB5,2026-04-14T17:02:36-07:00,108,no,,recently_closed,no
recUFeveEPPz5iLXj,Delaine Eastin Elementary School – Exterior Repairs and Painting ,New Haven Unified School District,Alameda,Union City,Closed,construction,delaine-eastin-elementary-school-exterior-repairs-and-painting-new-haven-unified-school-district,96,yes,results,construction,https://www.bidthebay.com/construction-project-details/delaine-eastin-elementary-school-exterior-repairs-and-painting-new-haven-unified-school-district/r/recUFeveEPPz5iLXj,2026-07-22T20:30:02-07:00,140,yes,,award_results,no
recUHbFojtgEJZNj8,Alvarado Elementary School - Kindergarten Restrooms Flooring Replacement,San Francisco Unified School District,San Francisco,San Francisco ,Closed,construction,alvarado-elementary-school-kindergarten-restrooms-flooring-replacement-san-francisco-unified-school-district,108,yes,results,construction,https://www.bidthebay.com/construction-project-details/alvarado-elementary-school-kindergarten-restrooms-flooring-replacement-san-francisco-unified-school-district/r/recUHbFojtgEJZNj8,2026-04-15T10:33:08-07:00,798,yes,,award_results,no
recUHwsyZrMnMZwFV,"Const Soldier Pile Wall, Reconstruct Shoulder, and Install MGS",California Department of Transportation (Caltrans),Marin,Tiburon,Closed,construction,const-soldier-pile-wall-reconstruct-shoulder-and-install-mgs-cal-trans-district-4,81,yes,results,construction,https://www.bidthebay.com/construction-project-details/const-soldier-pile-wall-reconstruct-shoulder-and-install-mgs-cal-trans-district-4/r/recUHwsyZrMnMZwFV,2026-09-07T15:49:52-07:00,0,yes,No description at all,award_results,no
recUIDHWypx4laCBv,"Stations BB, AR and AM 12kV Upgrades",San Francisco International Airport,San Mateo,San Francisco,Closed,construction,stations-bb-ar-and-am-12kv-upgrades-san-francisco-international-airport-sfo,75,no,,,,2026-09-07T10:43:39-07:00,379,no,,closed_stale_no_results,no
recUIpgzrcOaBsmH0,Design-Build Services for the Superbay Hangar Renovation Project,San Francisco International Airport,San Mateo,San Francisco,Closed,construction; professional services,design-build-services-for-the-superbay-hangar-renovation-project-san-francisco-international-airport-sfo,104,no,,,,2026-09-07T10:43:39-07:00,499,no,,closed_stale_no_results,no
recUIxT0Bb7h0375L,Fire Alarm Control Panel Upgrades in Alameda County,California Department of Transportation (Caltrans),Alameda,Alameda County,Closed,construction,fire-alarm-control-panel-upgrades-in-alameda-county-cal-trans-district-4,72,no,,,,2026-09-07T15:49:52-07:00,0,no,No description at all,closed_stale_no_results,no
recUJmdt9puqQulrk,Aida Main Replacement,City of San Jose,Santa Clara,San Jose,Closed,construction,aida-main-replacement-city-of-san-jose,38,yes,results,construction,https://www.bidthebay.com/construction-project-details/aida-main-replacement-city-of-san-jose/r/recUJmdt9puqQulrk,2026-06-15T09:58:26-07:00,393,yes,,award_results,no
recUKwFxnuqah7Kor,Construction Management Services for the Ultraviolet Disinfection Replacement Project,Central Contra Costa Sanitary District,Contra Costa,Martinez,Open,professional services,construction-management-ultraviolet-disinfection-martinez,57,yes,open,professional services,https://www.bidthebay.com/professional-services-project-details/construction-management-ultraviolet-disinfection-martinez/r/recUKwFxnuqah7Kor,2026-09-09T22:11:26-07:00,169,no,,open_solicitation,no
recULUWQ9VxIdsj6N,FY24 Sewer Line Replacement Project,City of Hayward,Alameda,Hayward,Closed,construction,fy24-sewer-line-replacement-project-city-of-hayward,51,yes,results,construction,https://www.bidthebay.com/construction-project-details/fy24-sewer-line-replacement-project-city-of-hayward/r/recULUWQ9VxIdsj6N,2026-07-08T03:00:53-07:00,328,yes,,award_results,no
recUQHGS2CRb3BlpE,PH Domestic Water Mains Replacement – Phase 2,University of California San Francisco,San Francisco,San Francisco,Closed,construction,ph-domestic-water-mains-replacement-phase-2-university-of-california-san-francisco,82,yes,results,construction,https://www.bidthebay.com/construction-project-details/ph-domestic-water-mains-replacement-phase-2-university-of-california-san-francisco/r/recUQHGS2CRb3BlpE,2026-04-29T17:01:18-07:00,217,no,,recently_closed,no
recUQeCJJc8MpnUtd,Santa Clara Convention Center 15kV Switchgear Replacement and Electrical System,City of Santa Clara,Santa Clara,Santa Clara,Open,construction,santa-clara-convention-center-15kv-switchgear-replacement-and-electrical-system-city-of-santa-clara,99,yes,open,construction,https://www.bidthebay.com/construction-project-details/santa-clara-convention-center-15kv-switchgear-replacement-and-electrical-system-city-of-santa-clara/r/recUQeCJJc8MpnUtd,2026-09-09T20:31:09-07:00,805,no,,open_solicitation,no
recUQj0Y3N4HElB9S,Larkspur Ferry Terminal Berth and Channel Maintenance Dredging and Permit Support Services,"Golden Gate Bridge, Highway and Transportation District",Marin,Larkspur,Closed,professional services,larkspur-ferry-terminal-berth-and-channel-maintenance-dredging-and-permit-support-services-golden-gate-bridge-highway-and-transportation-district,145,yes,results,professional services,https://www.bidthebay.com/professional-services-project-details/larkspur-ferry-terminal-berth-and-channel-maintenance-dredging-and-permit-support-services-golden-gate-bridge-highway-and-transportation-district/r/recUQj0Y3N4HElB9S,2026-06-11T00:01:29-07:00,410,no,,recently_closed,no
recUTUjkfU3ITjZ1w,Lower FM-14 Bypass Force Main Replacement Project ,Ross Valley Sanitary District,Marin,San Rafael,Closed,construction,lower-fm-14-bypass-force-main-replacement-project-ross-valley-sanitary-district,79,yes,results,construction,https://www.bidthebay.com/construction-project-details/lower-fm-14-bypass-force-main-replacement-project-ross-valley-sanitary-district/r/recUTUjkfU3ITjZ1w,2026-09-04T00:02:01-07:00,785,no,,recently_closed,no
recUUc5qyOzG0RtL5,Concrete V-Ditch Repair,City of Hercules,Contra Costa,Hercules,Closed,construction,concrete-v-ditch-repair-city-of-hercules,40,no,,,,2026-04-11T10:49:04-07:00,349,no,,closed_stale_no_results,no
recUY08mzzjuWRKzU,Newark Roof Replacement Projects,City of Newark,Alameda,Newark,Closed,construction,newark-roof-replacement-projects-city-of-newark,47,yes,results,construction,https://www.bidthebay.com/construction-project-details/newark-roof-replacement-projects-city-of-newark/r/recUY08mzzjuWRKzU,2026-07-24T00:01:56-07:00,610,no,,recently_closed,no
recUZnV8g5TbqfD5C,On-Call Plumbing Services,County of San Mateo,San Mateo,Various Cities,Closed,construction,on-call-plumbing-services-county-of-san-mateo,45,yes,results,construction,https://www.bidthebay.com/construction-project-details/on-call-plumbing-services-county-of-san-mateo/r/recUZnV8g5TbqfD5C,2026-06-26T08:33:09-07:00,645,no,,recently_closed,no
recUa7SPraRRnhJpT,Front Street and Sansome Street Pavement Renovation and Sewer Replacement,City and County of San Francisco,San Francisco,San Francisco,Open,construction,front-street-and-sansome-street-pavement-renovation-and-sewer-replacement-city-and-county-of-san-francisco,106,yes,open,construction,https://www.bidthebay.com/construction-project-details/front-street-and-sansome-street-pavement-renovation-and-sewer-replacement-city-and-county-of-san-francisco/r/recUa7SPraRRnhJpT,2026-09-05T21:24:42-07:00,83,no,,open_solicitation,no
recUahC9sPkbBaXY0,Pool Resurfacing and Facility Upgrades and Painting Project,City of Mill Valley,Marin,Mill Valley,Open,construction,pool-resurfacing-and-facility-upgrades-and-painting-project-city-of-mill-valley,79,yes,open,construction,https://www.bidthebay.com/construction-project-details/pool-resurfacing-and-facility-upgrades-and-painting-project-city-of-mill-valley/r/recUahC9sPkbBaXY0,2026-09-11T06:19:04-07:00,705,no,,open_solicitation,no
recUbe0SU68kLy73w,Phase 1 - Wright Drive Water Main Replacement ,Sweetwater Springs Water District,Sonoma,Guerneville,Closed,construction,phase-1-wright-drive-water-main-replacement-sweetwater-springs-water-district,77,yes,results,construction,https://www.bidthebay.com/construction-project-details/phase-1-wright-drive-water-main-replacement-sweetwater-springs-water-district/r/recUbe0SU68kLy73w,2026-07-31T10:11:19-07:00,226,yes,,award_results,no
recUdbV3a7gpNcCRV,U.S. Army 63rd Readiness Division MILCON ERCIP Microgrid,U.S. Department of the Army,Santa Clara,Mountain View,Closed,construction,u-s-army-63rd-readiness-division-milcon-ercip-microgrid-department-of-the-army,78,yes,results,construction,https://www.bidthebay.com/construction-project-details/u-s-army-63rd-readiness-division-milcon-ercip-microgrid-department-of-the-army/r/recUdbV3a7gpNcCRV,2026-09-07T11:36:49-07:00,889,no,,recently_closed,no
recUeU3p8P055i3yG,As-Needed HVAC Services for Facilities Division,City of Burlingame,San Mateo,Burlingame,Closed,construction,as-needed-hvac-services-for-facilities-division-city-of-burlingame,66,yes,results,construction,https://www.bidthebay.com/construction-project-details/as-needed-hvac-services-for-facilities-division-city-of-burlingame/r/recUeU3p8P055i3yG,2026-05-12T17:01:12-07:00,767,no,,recently_closed,no
recUfZenG6pp1vpQv,MLK Jr. Way Streetscape Construction Management Support Services,City of Oakland,Alameda,Oakland,Closed,professional services,mlk-jr-way-streetscape-construction-management-support-services-city-of-oakland,79,yes,results,professional services,https://www.bidthebay.com/professional-services-project-details/mlk-jr-way-streetscape-construction-management-support-services-city-of-oakland/r/recUfZenG6pp1vpQv,2026-08-14T00:01:47-07:00,1064,no,,recently_closed,no
recUgedj4oRjtljgB,Professional Engineering Services for Storm Drain Master Plan,City of Burlingame,San Mateo,Burlingame,Closed,professional services,professional-engineering-services-for-storm-drain-master-plan-city-of-burlingame,80,no,,,,2026-03-30T10:13:46-07:00,2281,no,,closed_stale_no_results,no
recUhn4KuZpYon0RY,Angelo Coast Range Facilities Improvements - Rebid,UC Berkeley ,Alameda,Berkeley,Closed,construction,angelo-coast-range-facilities-improvements-rebid-uc-berkeley,60,yes,results,construction,https://www.bidthebay.com/construction-project-details/angelo-coast-range-facilities-improvements-rebid-uc-berkeley/r/recUhn4KuZpYon0RY,2026-03-31T23:49:04-07:00,668,yes,,award_results,no
recUiQSFSacbl3t9H,Public Works Utilities Administration Building,City of Rohnert Park,Sonoma,Rohnert Park,Closed,construction,public-works-utilities-administration-building-city-of-rohnert-park,67,yes,results,construction,https://www.bidthebay.com/construction-project-details/public-works-utilities-administration-building-city-of-rohnert-park/r/recUiQSFSacbl3t9H,2026-03-24T07:02:20-07:00,452,yes,,award_results,no
recUjbnNKy1nxDwJI,Road Oil Application in Conjunction with the County’s 2026 Chip Seal Road Maintenance Project,County of San Mateo,San Mateo,San Mateo,Closed,construction,road-oil-application-in-conjunction-with-the-county-s-2026-chip-seal-road-maintenance-project-county-of-san-mateo,113,yes,results,construction,https://www.bidthebay.com/construction-project-details/road-oil-application-in-conjunction-with-the-county-s-2026-chip-seal-road-maintenance-project-county-of-san-mateo/r/recUjbnNKy1nxDwJI,2026-08-07T00:04:31-07:00,242,no,,recently_closed,no
recUkynR0FBxwyN3K,D Street Traffic Calming Project PS&E,City of Hayward,Alameda,Hayward,Closed,construction,d-street-traffic-calming-project-ps-e-city-of-hayward,53,yes,results,construction,https://www.bidthebay.com/construction-project-details/d-street-traffic-calming-project-ps-e-city-of-hayward/r/recUkynR0FBxwyN3K,2026-03-30T10:00:38-07:00,0,yes,No description at all,award_results,no
recUlh4gBIoxo0H6h,Archie Williams High School Roof Replacement + HVAC Project,Tamalpais Union High School District,Marin,Fairfax,Closed,construction,archie-williams-high-school-roof-replacement-hvac-project-tamalpais-union-high-school-district,94,yes,results,construction,https://www.bidthebay.com/construction-project-details/archie-williams-high-school-roof-replacement-hvac-project-tamalpais-union-high-school-district/r/recUlh4gBIoxo0H6h,2026-07-03T00:04:58-07:00,494,no,,recently_closed,no
recUp6xe4nNZKceXm,Brentwood Boulevard Wastewater Rehabilitation Project,City of Brentwood,Contra Costa,Brentwood,Closed,professional services,brentwood-boulevard-wastewater-rehabilitation-project-city-of-brentwood,71,yes,results,professional services,https://www.bidthebay.com/professional-services-project-details/brentwood-boulevard-wastewater-rehabilitation-project-city-of-brentwood/r/recUp6xe4nNZKceXm,2026-06-06T00:04:04-07:00,922,no,,recently_closed,no
recUpsqv9kv53j4lr,WVC Giurlani House & Planetarium Demo Project,West Valley Mission Community College District,Santa Clara,Saratoga,Closed,construction,wvc-giurlani-house-planetarium-demo-project-west-valley-mission-community-college-district,90,yes,results,construction,https://www.bidthebay.com/construction-project-details/wvc-giurlani-house-planetarium-demo-project-west-valley-mission-community-college-district/r/recUpsqv9kv53j4lr,2026-08-09T20:24:15-07:00,175,yes,,award_results,no
recUslKVneUdc4onl,"Replace Br, Widen Box Culvert, Rootwad Habitat, & HMA",California Department of Transportation (Caltrans),Marin,Marin County,Closed,construction,replace-br-widen-box-culvert-rootwad-habitat-hma-cal-trans-district-4,69,yes,results,construction,https://www.bidthebay.com/construction-project-details/replace-br-widen-box-culvert-rootwad-habitat-hma-cal-trans-district-4/r/recUslKVneUdc4onl,2026-09-07T15:49:52-07:00,0,yes,No description at all,award_results,no
recV0Ef9jvCrtpuF1,Equipment Foundations for Sunnyvale SMaRT Station NextGen Project,City of Sunnyvale,Santa Clara,Sunnyvale,Closed,construction,equipment-foundations-for-sunnyvale-smart-station-nextgen-project-city-of-sunnyvale,83,yes,results,construction,https://www.bidthebay.com/construction-project-details/equipment-foundations-for-sunnyvale-smart-station-nextgen-project-city-of-sunnyvale/r/recV0Ef9jvCrtpuF1,2026-03-27T09:06:53-07:00,1649,yes,,award_results,no
recV2e53GCTqTvvE1,"Testing, Adjusting, Balancing HVAC Systems",County of San Mateo,San Mateo,Various Cities,Closed,construction,testing-adjusting-balancing-hvac-systems-county-of-san-mateo,60,yes,results,construction,https://www.bidthebay.com/construction-project-details/testing-adjusting-balancing-hvac-systems-county-of-san-mateo/r/recV2e53GCTqTvvE1,2026-06-26T08:32:55-07:00,1081,no,,recently_closed,no
recV3QorpIrWPcsvo,"Grease Trap, Septic Tank, Sewer Line Pumping and Related Services",County of Santa Clara,Santa Clara,Various,Open,construction,grease-trap-septic-tank-sewer-line-pumping-and-related-services-county-of-santa-clara,85,yes,open,construction,https://www.bidthebay.com/construction-project-details/grease-trap-septic-tank-sewer-line-pumping-and-related-services-county-of-santa-clara/r/recV3QorpIrWPcsvo,2026-08-21T10:04:49-07:00,288,no,,open_solicitation,no
recV7Ngu3mF06BmKK,Canceled: McClellan Pond Valve Replacement Project,Santa Clara Valley Water District,Santa Clara,San Jose,Closed,construction,canceled-mcclellan-pond-valve-replacement-project-santa-clara-valley-water-district,83,yes,results,construction,https://www.bidthebay.com/construction-project-details/canceled-mcclellan-pond-valve-replacement-project-santa-clara-valley-water-district/r/recV7Ngu3mF06BmKK,2026-07-08T05:14:59-07:00,190,no,,recently_closed,no
recV8TfIdKv0Xqyod,Doe Library Preservation Lab Mod and Relo Feasibility Study,UC Berkeley,Alameda,Berkeley,Closed,professional services,doe-library-preservation-lab-mod-and-relo-feasibility-study-uc-berkeley,71,yes,results,professional services,https://www.bidthebay.com/professional-services-project-details/doe-library-preservation-lab-mod-and-relo-feasibility-study-uc-berkeley/r/recV8TfIdKv0Xqyod,2026-06-06T00:04:12-07:00,1365,no,,recently_closed,no
recVAnjhqy2qjRPIC,Madera Gardens Complete Streets Project,Town of Corte Madera,Marin,Corte Madera,Closed,construction,madera-gardens-complete-streets-project-town-of-corte-madera,60,yes,results,construction,https://www.bidthebay.com/construction-project-details/madera-gardens-complete-streets-project-town-of-corte-madera/r/recVAnjhqy2qjRPIC,2026-03-27T06:32:03-07:00,660,yes,,award_results,no
recVBNjJEimimkgsn,Canceled: Structural Engineering Consultant  ,Contra Costa County,Contra Costa,Martinez,Closed,professional services,canceled-structural-engineering-consultant-contra-costa-county,62,yes,results,professional services,https://www.bidthebay.com/professional-services-project-details/canceled-structural-engineering-consultant-contra-costa-county/r/recVBNjJEimimkgsn,2026-08-15T00:01:39-07:00,641,no,,recently_closed,no
recVBoc8H7yVv0vQZ,Large Trash Capture Device Installation Phase VII - Hartog Dr,City of San Jose,Santa Clara,San Jose,Closed,construction,large-trash-capture-device-installation-phase-vii-hartog-dr-city-of-san-jose,76,yes,results,construction,https://www.bidthebay.com/construction-project-details/large-trash-capture-device-installation-phase-vii-hartog-dr-city-of-san-jose/r/recVBoc8H7yVv0vQZ,2026-05-21T17:09:58-07:00,588,no,,recently_closed,no
recVGYaByduSNHi5T,"Job Order Contracts 27001, 27002, 27003, 27004, 27005",County of Alameda,Alameda,Various ,Closed,construction,job-order-contracts-27001-27002-27003-27004-27005-alameda-county,64,yes,results,construction,https://www.bidthebay.com/construction-project-details/job-order-contracts-27001-27002-27003-27004-27005-alameda-county/r/recVGYaByduSNHi5T,2026-09-07T15:51:29-07:00,503,no,,recently_closed,no
recVIWRi74528U9wy,MEP Engineer Consultant,Contra Costa County,Contra Costa,Various ,Closed,professional services,mep-engineer-consultant-contra-costa-county,43,yes,results,professional services,https://www.bidthebay.com/professional-services-project-details/mep-engineer-consultant-contra-costa-county/r/recVIWRi74528U9wy,2026-09-03T22:21:16-07:00,853,yes,,award_results,no
recVOfzBM1aKXMrXn,Allen Peak Repeater Tower Perimeter Fence Installation Services,California Department of Forestry and Fire Protection (CAL FIRE),San Mateo,Woodside,Closed,construction,allen-peak-repeater-tower-perimeter-fence-installation-services-california-department-of-forestry-and-fire-protection,117,no,,,,2026-09-07T11:37:47-07:00,271,no,,closed_stale_no_results,no
recVOvqzqvDnpBENe,FY 2026-27 Concrete Improvement Project,City of Pacifica ,San Mateo,Pacifica ,Closed,construction,fy-2026-27-concrete-improvement-project-city-of-pacifica,56,yes,results,construction,https://www.bidthebay.com/construction-project-details/fy-2026-27-concrete-improvement-project-city-of-pacifica/r/recVOvqzqvDnpBENe,2026-04-08T10:39:46-07:00,127,yes,,award_results,no
recVQCusfSlKVWJae,UCSF Health Helen Diller Hospital – MACC Units,University of California San Francisco,San Francisco,San Francisco,Closed,construction,ucsf-health-helen-diller-hospital-macc-units-university-of-california-san-francisco,83,yes,results,construction,https://www.bidthebay.com/construction-project-details/ucsf-health-helen-diller-hospital-macc-units-university-of-california-san-francisco/r/recVQCusfSlKVWJae,2026-08-21T10:23:38-07:00,2243,no,,recently_closed,no
recVR32chahvEefmO,HSIP 11 Unsignalized Intersection Visibility & Safety Improvements Project,Solano County,Solano,Fairfield,Closed,construction,hsip-11-unsignalized-intersection-visibility-safety-improvements-project-solano-county,86,yes,results,construction,https://www.bidthebay.com/construction-project-details/hsip-11-unsignalized-intersection-visibility-safety-improvements-project-solano-county/r/recVR32chahvEefmO,2026-05-15T01:55:33-07:00,236,yes,,award_results,no
recVRUJNU6aEAWtQr,2026 Minor Buildings Repair Project,City of Sausalito,Marin,Sausalito,Closed,construction,2026-minor-buildings-repair-project-city-of-sausalito,53,yes,results,construction,https://www.bidthebay.com/construction-project-details/2026-minor-buildings-repair-project-city-of-sausalito/r/recVRUJNU6aEAWtQr,2026-08-25T10:31:47-07:00,414,yes,,award_results,no
recVScxROQzDGM5ZF,Westlake Slurry Seal – Construction Inspection/Support Services,City of Daly City,San Mateo,Daly City,Closed,professional services,westlake-slurry-seal-construction-inspection-support-services-city-of-daly-city,79,yes,results,professional services,https://www.bidthebay.com/professional-services-project-details/westlake-slurry-seal-construction-inspection-support-services-city-of-daly-city/r/recVScxROQzDGM5ZF,2026-09-10T08:42:05-07:00,1490,no,,recently_closed,no
recVUk3c7kqVpwQql,A.E. Kent Middle School Roofing Project,Kentfield School District,Marin,Kentfield,Closed,construction,a-e-kent-middle-school-roofing-project-kentfield-school-district,64,yes,results,construction,https://www.bidthebay.com/construction-project-details/a-e-kent-middle-school-roofing-project-kentfield-school-district/r/recVUk3c7kqVpwQql,2026-04-22T08:22:01-07:00,0,no,No description at all,recently_closed,no
recVWJViIAEKPFPzp,Professional Engineering Services for El Camino Real/Selby Lane Intersection Improvements Project,Town of Atherton,San Mateo,Atherton,Closed,professional services,professional-engineering-services-for-el-camino-real-selby-lane-intersection-improvements-project-town-of-atherton,114,yes,results,professional services,https://www.bidthebay.com/professional-services-project-details/professional-engineering-services-for-el-camino-real-selby-lane-intersection-improvements-project-town-of-atherton/r/recVWJViIAEKPFPzp,2026-07-21T00:01:43-07:00,738,no,,recently_closed,no
recVYvrGxGvmmkLRc,Pool Deck and Locker Room Floor Repair at Base Alameda,U.S. Coast Guard,Alameda,Alameda,Closed,construction,pool-deck-and-locker-room-floor-repair-at-base-alameda-us-coast-guard,69,yes,results,construction,https://www.bidthebay.com/construction-project-details/pool-deck-and-locker-room-floor-repair-at-base-alameda-us-coast-guard/r/recVYvrGxGvmmkLRc,2026-09-07T10:26:49-07:00,625,no,,recently_closed,no
recVaDXOoGMI8Fq5m,Inspection of Fire Life Safety Equipment,Marin Water (Marin Municipal Water District),Marin,Corte Madera,Open,professional services,inspection-of-fire-life-safety-equipment-marin-water,52,yes,open,professional services,https://www.bidthebay.com/professional-services-project-details/inspection-of-fire-life-safety-equipment-marin-water/r/recVaDXOoGMI8Fq5m,2026-09-07T11:37:33-07:00,422,no,,open_solicitation,no
recVdOOaHdPv2u5bg,Burlingame Town Square Waterwall Fountain Maintenance,City of Burlingame,San Mateo,Burlingame,Closed,construction,burlingame-town-square-waterwall-fountain-maintenance-city-of-burlingame,72,yes,results,construction,https://www.bidthebay.com/construction-project-details/burlingame-town-square-waterwall-fountain-maintenance-city-of-burlingame/r/recVdOOaHdPv2u5bg,2026-09-09T00:02:05-07:00,284,no,,recently_closed,no
recVdP8wKYu7KH5K2,Old La Honda Road Drainage Improvements Project,Town of Woodside,San Mateo,Woodside ,Closed,construction,old-la-honda-road-drainage-improvements-project-town-of-woodside,64,yes,results,construction,https://www.bidthebay.com/construction-project-details/old-la-honda-road-drainage-improvements-project-town-of-woodside/r/recVdP8wKYu7KH5K2,2026-03-24T07:12:21-07:00,129,yes,,award_results,no
recVda3SlfKC1CUtf,Sewer Line and Storm Drain System Cleaning Services,California Department of Corrections and Rehabilitation,Solano,Vacaville,Closed,construction,sewer-line-and-storm-drain-system-cleaning-services-california-department-of-corrections-and-rehabilitation,107,yes,results,construction,https://www.bidthebay.com/construction-project-details/sewer-line-and-storm-drain-system-cleaning-services-california-department-of-corrections-and-rehabilitation/r/recVda3SlfKC1CUtf,2026-09-05T00:01:55-07:00,557,no,,recently_closed,no
recVdzb22ITRqpfsx,Permit-Ready Prototype ADU Plans,City of Orinda,Contra Costa,Orinda,Closed,professional services,permit-ready-prototype-adu-plans-city-of-orinda,47,yes,results,professional services,https://www.bidthebay.com/professional-services-project-details/permit-ready-prototype-adu-plans-city-of-orinda/r/recVdzb22ITRqpfsx,2026-05-30T00:03:36-07:00,928,no,,recently_closed,no
recVeP8waGi2W876r,2026 Guittard Fencing Project,City of Burlingame,San Mateo,Burlingame,Closed,construction,2026-guittard-fencing-project-city-of-burlingame,48,yes,results,construction,https://www.bidthebay.com/construction-project-details/2026-guittard-fencing-project-city-of-burlingame/r/recVeP8waGi2W876r,2026-05-04T17:13:27-07:00,208,no,,recently_closed,no
recVhgH5jTaO1tyoN,DM FY21 Dwinelle Hall HVAC System Refurbishment,UC Berkeley,Alameda,Berkeley,Closed,construction,dm-fy21-dwinelle-hall-hvac-system-refurbishment-uc-berkeley,59,yes,results,construction,https://www.bidthebay.com/construction-project-details/dm-fy21-dwinelle-hall-hvac-system-refurbishment-uc-berkeley/r/recVhgH5jTaO1tyoN,2026-04-30T02:29:55-07:00,692,yes,,award_results,no
recViG9BDil5HGpP1,Water Treatment Plant Filter Media Replacement & Underdrain Repair,City of American Canyon,Napa,American Canyon,Closed,construction,water-treatment-plant-filter-media-replacement-underdrain-repair-city-of-american-canyon,88,yes,results,construction,https://www.bidthebay.com/construction-project-details/water-treatment-plant-filter-media-replacement-underdrain-repair-city-of-american-canyon/r/recViG9BDil5HGpP1,2026-07-30T00:01:49-07:00,647,no,,recently_closed,no
recVihvOVTBzlNgqd,401 Santa Clara Rehabilitation Preconstruction General Contractor,Oakland Housing Authority,Alameda,Oakland,Closed,construction; professional services,401-santa-clara-rehabilitation-preconstruction-general-contractor-oakland-housing-authority,91,yes,results,construction,https://www.bidthebay.com/construction-project-details/401-santa-clara-rehabilitation-preconstruction-general-contractor-oakland-housing-authority/r/recVihvOVTBzlNgqd,2026-05-21T17:09:46-07:00,167,no,,multi_category_provisional_construction,yes
recVkQu0SCSj2b6Zi,Building 1600 Mechanical Room Upgrade Project,Solano Community College District,Solano,Fairfield,Closed,construction,building-1600-mechanical-room-upgrade-project-solano-community-college-district,79,yes,results,construction,https://www.bidthebay.com/construction-project-details/building-1600-mechanical-room-upgrade-project-solano-community-college-district/r/recVkQu0SCSj2b6Zi,2026-03-25T05:22:28-07:00,0,yes,No description at all,award_results,no
recVlZj8NVmiXBslH,District-Wide Fire Alarm Maintenance,Sequoia Union High School District,San Mateo,Redwood City,Closed,construction,district-wide-fire-alarm-maintenance-sequoia-union-high-school-district,71,yes,results,construction,https://www.bidthebay.com/construction-project-details/district-wide-fire-alarm-maintenance-sequoia-union-high-school-district/r/recVlZj8NVmiXBslH,2026-07-08T21:43:22-07:00,752,no,,recently_closed,no
recVqdPjNdmJyv4He,Arizona Street Bike Boulevard,City of Union City,Alameda,Union City,Open,construction,arizona-street-bike-boulevard-union-city,40,yes,open,construction,https://www.bidthebay.com/construction-project-details/arizona-street-bike-boulevard-union-city/r/recVqdPjNdmJyv4He,2026-09-08T08:46:48-07:00,301,no,,open_solicitation,no
recVqpvFRpFX8CG2C,City of San Rafael Evacuation Route Planning Project,City of San Rafael ,Marin,San Rafael,Closed,professional services,city-of-san-rafael-evacuation-route-planning-project-city-of-san-rafael,71,no,,,,2026-04-16T17:01:04-07:00,869,no,,closed_stale_no_results,no
recVtInsxtmZOaxLc,Crespi to Anza Sewer Rehabilitation Project,City of Pacifica,San Mateo,Pacifica,Closed,construction,crespi-to-anza-sewer-rehabilitation-project-city-of-pacifica,60,yes,results,construction,https://www.bidthebay.com/construction-project-details/crespi-to-anza-sewer-rehabilitation-project-city-of-pacifica/r/recVtInsxtmZOaxLc,2026-09-05T00:01:55-07:00,2324,no,,recently_closed,no
recVvjz7TpAZVsL5j,Mission Bay ECDC - Inspector of Record (IOR) Services,University of California San Francisco,San Francisco,San Francisco,Open,professional services,mission-bay-ecdc-inspector-record-ior-san-francisco,51,yes,open,professional services,https://www.bidthebay.com/professional-services-project-details/mission-bay-ecdc-inspector-record-ior-san-francisco/r/recVvjz7TpAZVsL5j,2026-09-08T08:25:38-07:00,425,no,,open_solicitation,no
recVwPKtD9JeBhy8g,Calero Reservoir Parking Lot Asphalt Concrete Overlay,County of Santa Clara,Santa Clara,San Jose,Closed,construction,calero-reservoir-parking-lot-asphalt-concrete-overlay-county-of-santa-clara,75,yes,results,construction,https://www.bidthebay.com/construction-project-details/calero-reservoir-parking-lot-asphalt-concrete-overlay-county-of-santa-clara/r/recVwPKtD9JeBhy8g,2026-03-25T07:43:57-07:00,222,yes,,award_results,no
recVyoievILzTAuLl,Bus Stop Improvement Plan (BSIP): Phase 1SF,San Mateo County Transit District,San Francisco,San Francisco,Closed,construction,bus-stop-improvement-plan-bsip-phase-1sf-san-mateo-county-transit-district,74,yes,results,construction,https://www.bidthebay.com/construction-project-details/bus-stop-improvement-plan-bsip-phase-1sf-san-mateo-county-transit-district/r/recVyoievILzTAuLl,2026-07-15T04:36:30-07:00,178,yes,,award_results,no
recW09jGgsQqS4vKK,Itliong-Vera Cruz Middle School Fields and Drop-Off Project,New Haven Unified School District,Alameda, Union City,Closed,construction,itliong-vera-cruz-middle-school-fields-and-drop-off-project-new-haven-unified-school-district,93,no,,,,2026-07-22T20:25:14-07:00,504,no,,closed_stale_no_results,no
recW1GG9RT08rSjOc,Civic Center Library Teen Space Improvement Project,City of Livermore ,Alameda,Livermore ,Closed,construction,civic-center-library-teen-space-improvement-project-city-of-livermore,69,yes,results,construction,https://www.bidthebay.com/construction-project-details/civic-center-library-teen-space-improvement-project-city-of-livermore/r/recW1GG9RT08rSjOc,2026-07-16T00:02:33-07:00,781,no,,recently_closed,no
recW2mbeisuwykWxo,772 Pacific GMP for Remaining Trades,City and County of San Francisco,San Francisco,San Francisco,Open,construction,772-pacific-gmp-for-remaining-trades-city-and-county-of-san-francisco,69,yes,open,construction,https://www.bidthebay.com/construction-project-details/772-pacific-gmp-for-remaining-trades-city-and-county-of-san-francisco/r/recW2mbeisuwykWxo,2026-08-26T11:45:06-07:00,531,no,,open_solicitation,no
recW3y77d9YciHVnz,Flood Stations Improvements,Fairfield-Suisun Sewer District,Solano,Suisun City,Closed,professional services,flood-stations-improvements-fairfield-suisun-sewer-district,59,yes,results,professional services,https://www.bidthebay.com/professional-services-project-details/flood-stations-improvements-fairfield-suisun-sewer-district/r/recW3y77d9YciHVnz,2026-06-18T00:02:39-07:00,666,no,,recently_closed,no
recW57QasUxigCQ7b,Fire Station #14 - New Fence and Automatic Gate,City of Belmont,San Mateo,Belmont,Closed,construction,fire-station-14-new-fence-and-automatic-gate-city-of-belmont,60,yes,results,construction,https://www.bidthebay.com/construction-project-details/fire-station-14-new-fence-and-automatic-gate-city-of-belmont/r/recW57QasUxigCQ7b,2026-07-02T00:04:52-07:00,318,no,,recently_closed,no
recW8ASH3CWVEjEJN,HVAC Systems Maintenance and Inspection Services - Correctional Facility,County of Napa,Napa,Napa,Closed,construction; professional services,hvac-systems-maintenance-and-inspection-services-correctional-facility-county-of-napa,85,no,,,,2026-07-28T10:31:34-07:00,910,no,,closed_stale_no_results,no
recW8kZOi3rIkUivu,Rehabilitation of City-Owned Residential EUPP Property,City of Foster City,San Mateo,Foster City,Open,construction,rehabilitation-of-city-owned-residential-eupp-property-city-of-foster-city,74,yes,open,construction,https://www.bidthebay.com/construction-project-details/rehabilitation-of-city-owned-residential-eupp-property-city-of-foster-city/r/recW8kZOi3rIkUivu,2026-08-21T11:00:12-07:00,468,no,,open_solicitation,no
recWBebqgmDRVPsaa,"CSM Alteration to Motor Control Unit for Buildings 1, 3 and 12 - Project (PH1) ",San Mateo County Community College District,San Mateo,San Mateo,Closed,construction,csm-alteration-to-motor-control-unit-for-buildings-1-3-and-12-project-ph1-san-mateo-county-community-college-district,117,no,,,,2026-04-11T10:49:24-07:00,108,no,,closed_stale_no_results,no
recWDWkyLWjupTSVO,Roof Replacement Services – Alameda County,California Department of Transportation (Caltrans),Alameda,San Leandro,Closed,construction,roof-replacement-services-alameda-county-california-department-of-transportation,80,yes,results,construction,https://www.bidthebay.com/construction-project-details/roof-replacement-services-alameda-county-california-department-of-transportation/r/recWDWkyLWjupTSVO,2026-09-07T15:50:31-07:00,192,no,,recently_closed,no
recWEmv50cITOLgwo,Canceled: Broadway Water Main and Sewer Improvement Project ,City of Millbrae,San Mateo,Millbrae,Closed,construction,canceled-broadway-water-main-and-sewer-improvement-project-city-of-millbrae,75,yes,results,construction,https://www.bidthebay.com/construction-project-details/canceled-broadway-water-main-and-sewer-improvement-project-city-of-millbrae/r/recWEmv50cITOLgwo,2026-04-22T07:33:11-07:00,1162,no,,recently_closed,no
recWHbSWpLEvkGTK4,HSG - Campuswide Flooring Renewal,University of California San Francisco,San Francisco,San Francisco,Closed,construction,hsg-campuswide-flooring-renewal-university-of-california-san-francisco,70,yes,results,construction,https://www.bidthebay.com/construction-project-details/hsg-campuswide-flooring-renewal-university-of-california-san-francisco/r/recWHbSWpLEvkGTK4,2026-05-07T17:01:23-07:00,508,no,,recently_closed,no
recWHmJN7mJOg1M7C,Engineering and Technical Services,Fairfield-Suisun Sewer District,Solano,Fairfield / Suisun City,Closed,professional services,engineering-and-technical-services-fairfield-suisun-sewer-district,66,yes,results,professional services,https://www.bidthebay.com/professional-services-project-details/engineering-and-technical-services-fairfield-suisun-sewer-district/r/recWHmJN7mJOg1M7C,2026-06-27T00:00:40-07:00,817,no,,recently_closed,no
recWHt3oWwRuk0Foa,On-Call Consulting Services for Annual Sanitary Sewer Rehabilitation,City of San Mateo ,San Mateo,San Mateo,Closed,professional services,on-call-consulting-services-for-annual-sanitary-sewer-rehabilitation-city-of-san-mateo,86,yes,results,professional services,https://www.bidthebay.com/professional-services-project-details/on-call-consulting-services-for-annual-sanitary-sewer-rehabilitation-city-of-san-mateo/r/recWHt3oWwRuk0Foa,2026-07-10T04:01:29-07:00,332,no,,recently_closed,no
recWI17sFnVkEU8R1,Professional Services for SD-467 Plantwide Emergency Standby Generator Project,East Bay Municipal Utility District,Alameda,Oakland,Closed,professional services,professional-services-for-sd-467-plantwide-emergency-standby-generator-project-east-bay-municipal-utility-district,114,yes,results,professional services,https://www.bidthebay.com/professional-services-project-details/professional-services-for-sd-467-plantwide-emergency-standby-generator-project-east-bay-municipal-utility-district/r/recWI17sFnVkEU8R1,2026-08-19T00:04:36-07:00,607,no,,recently_closed,no
recWJXfQ2e7Gi1YQI,"8-Inch Ductile Iron Water Main Replacement, Sewer Replacement, and Paving Renovation on Fulton St. from Great Highway to 31st Ave. and on Various Side Streets",San Francisco Public Utilities Commission,San Francisco,San Francisco,Closed,construction,8-inch-ductile-iron-water-main-replacement-sewer-replacement-and-paving-renovation-on-fulton-st-from-great-highway-to-31st-ave-and-on-various-side-streets-san-francisco-public-utilities-commission,196,yes,results,construction,https://www.bidthebay.com/construction-project-details/8-inch-ductile-iron-water-main-replacement-sewer-replacement-and-paving-renovation-on-fulton-st-from-great-highway-to-31st-ave-and-on-various-side-streets-san-francisco-public-utilities-commission/r/recWJXfQ2e7Gi1YQI,2026-07-06T06:50:30-07:00,228,no,,recently_closed,no
recWM2XJ6tSKqmXga,Transit Operations Building HVAC and Building Automation System Replacement,City of Santa Rosa,Sonoma,Santa Rosa,Open,construction,transit-operations-building-hvac-and-building-automation-system-replacement-city-of-santa-rosa,94,yes,open,construction,https://www.bidthebay.com/construction-project-details/transit-operations-building-hvac-and-building-automation-system-replacement-city-of-santa-rosa/r/recWM2XJ6tSKqmXga,2026-09-02T23:36:37-07:00,215,no,,open_solicitation,no
recWQ05OSf0hOqn55,Electric Vehicle Charger Installation at Development Services Center,City of Fremont,Alameda,Fremont,Closed,construction,electric-vehicle-charger-installation-at-development-services-center-city-of-fremont,84,yes,results,construction,https://www.bidthebay.com/construction-project-details/electric-vehicle-charger-installation-at-development-services-center-city-of-fremont/r/recWQ05OSf0hOqn55,2026-03-28T09:33:03-07:00,0,yes,No description at all,award_results,no
recWQ9yCC9qUuyXOM,Construction Services - Shore Acres Forcemain Repair Project,Delta Diablo Sanitation District,Contra Costa,Antioch,Closed,construction,construction-services-shore-acres-forcemain-repair-project-delta-diablo-sanitation-district,91,yes,results,construction,https://www.bidthebay.com/construction-project-details/construction-services-shore-acres-forcemain-repair-project-delta-diablo-sanitation-district/r/recWQ9yCC9qUuyXOM,2026-08-21T09:29:49-07:00,214,yes,,award_results,no
recWTBiBHKGq9OUxY,Lamorinda Smart Signals System Project,Contra Costa Transportation Authority,Contra Costa,"Lafayette, Orinda, Moraga",Open,construction,lamorinda-smart-signals-system-project-contra-costa-transportation-authority,76,yes,open,construction,https://www.bidthebay.com/construction-project-details/lamorinda-smart-signals-system-project-contra-costa-transportation-authority/r/recWTBiBHKGq9OUxY,2026-08-23T21:21:45-07:00,597,no,,open_solicitation,no
recWTGnTNEM6UUVxH,As-Needed Asbestos and Lead Paint Consulting Services,Port of Oakland,Alameda,Oakland,Closed,professional services,as-needed-asbestos-and-lead-paint-consulting-services-port-of-oakland,69,yes,results,professional services,https://www.bidthebay.com/professional-services-project-details/as-needed-asbestos-and-lead-paint-consulting-services-port-of-oakland/r/recWTGnTNEM6UUVxH,2026-08-28T00:03:23-07:00,748,no,,recently_closed,no
recWTWKefM8W7Qytb,Wells 23 and 24 Construction and Testing Project,City of Vacaville,Solano,Vacaville,Closed,construction,wells-23-and-24-construction-and-testing-project-city-of-vacaville,66,yes,results,construction,https://www.bidthebay.com/construction-project-details/wells-23-and-24-construction-and-testing-project-city-of-vacaville/r/recWTWKefM8W7Qytb,2026-07-02T10:09:49-07:00,201,no,,recently_closed,no
recWUf66YyauKUuVM,Citywide Striping - Phase 2,City of Napa,Napa,Napa,Closed,construction,citywide-striping-phase-2-city-of-napa,38,yes,results,construction,https://www.bidthebay.com/construction-project-details/citywide-striping-phase-2-city-of-napa/r/recWUf66YyauKUuVM,2026-08-08T00:04:29-07:00,226,no,,recently_closed,no
recWUzCDVgT6YMQpv,St. Vincent's Reinforced Concrete Box Culvert (RBC) Reinforced Fill (ML MP 22.18 & 22.28),Sonoma-Marin Area Rail Transit (SMART),Marin,San Rafael,Closed,construction,st-vincent-s-reinforced-concrete-box-culvert-rbc-reinforced-fill-ml-mp-22-18-22-28-sonoma-marin-area-rail-transit-smart,119,yes,results,construction,https://www.bidthebay.com/construction-project-details/st-vincent-s-reinforced-concrete-box-culvert-rbc-reinforced-fill-ml-mp-22-18-22-28-sonoma-marin-area-rail-transit-smart/r/recWUzCDVgT6YMQpv,2026-08-11T09:14:12-07:00,587,yes,,award_results,no
recWcogJVEDjNNE1v,Centerville Middle School Corridor Paneling,Fremont Unified School District,Alameda,Fremont,Closed,construction,centerville-middle-school-corridor-paneling-fremont-unified-school-district,75,yes,results,construction,https://www.bidthebay.com/construction-project-details/centerville-middle-school-corridor-paneling-fremont-unified-school-district/r/recWcogJVEDjNNE1v,2026-07-08T10:13:28-07:00,0,yes,No description at all,award_results,no
recWhnTda1qJKfVwG,4-Year On-Call Gate Maintenance,City of Alameda,Alameda,Alameda ,Closed,construction,4-year-on-call-gate-maintenance-city-of-alameda,47,no,,,,2026-03-24T08:30:22-07:00,394,no,,closed_stale_no_results,no
recWj5lWtZhTYQiQ0,As-Needed Structural Engineering Services 2026 ,City and County of San Francisco,San Francisco,San Francisco,Closed,professional services,as-needed-structural-engineering-services-2026-city-and-county-of-san-francisco,79,no,,,,2026-04-11T10:47:32-07:00,357,no,,closed_stale_no_results,no
recWjMwTgMdMz5H1H,Construction Management and Inspection Services,City of Rohnert Park,Sonoma,Rohnert Park,Closed,professional services,construction-management-and-inspection-services-city-of-rohnert-park,68,yes,results,professional services,https://www.bidthebay.com/professional-services-project-details/construction-management-and-inspection-services-city-of-rohnert-park/r/recWjMwTgMdMz5H1H,2026-04-30T17:08:13-07:00,1117,no,,recently_closed,no
recWnAH3TknGnxVfQ,Pavement Rehabilitation B836 and B31,U.S. Department of the Air Force,Solano,Fairfield,Open,construction,pavement-rehabilitation-b836-and-b31-fairfield,46,yes,open,construction,https://www.bidthebay.com/construction-project-details/pavement-rehabilitation-b836-and-b31-fairfield/r/recWnAH3TknGnxVfQ,2026-09-10T09:32:16-07:00,469,no,,open_solicitation,no
recWoPa1CWGVxjLkd,Roadway and Ditch Excavation and Rock Slope Protection,California Department of Transportation (Caltrans),Marin,Corte Madera,Closed,construction,roadway-and-ditch-excavation-and-rock-slope-protection-california-department-of-transportation,94,yes,results,construction,https://www.bidthebay.com/construction-project-details/roadway-and-ditch-excavation-and-rock-slope-protection-california-department-of-transportation/r/recWoPa1CWGVxjLkd,2026-09-07T15:50:31-07:00,0,no,No description at all,recently_closed,no
recWqdJJEjGH4mKYF,Outside Lands (GGP) Trees,City and County of San Francisco,San Francisco,San Francisco,Open,construction,outside-lands-ggp-trees-city-and-county-of-san-francisco,56,yes,open,construction,https://www.bidthebay.com/construction-project-details/outside-lands-ggp-trees-city-and-county-of-san-francisco/r/recWqdJJEjGH4mKYF,2026-02-18T08:10:16-08:00,90,no,,open_solicitation,no
recWrHn9hLEBTyz3R,On-Call Planning and Environmental Consultant Services,City of San Jose,Santa Clara,San Jose,Closed,professional services,on-call-planning-and-environmental-consultant-services-city-of-san-jose,71,no,,,,2026-04-17T17:01:05-07:00,337,no,,closed_stale_no_results,no
recWrUmFaoJgpBzxP,North GA Ramp Reconstruction Project,County of Napa,Napa,Napa,Closed,construction,north-ga-ramp-reconstruction-project-county-of-napa,51,yes,results,construction,https://www.bidthebay.com/construction-project-details/north-ga-ramp-reconstruction-project-county-of-napa/r/recWrUmFaoJgpBzxP,2026-07-28T10:31:34-07:00,206,yes,,award_results,no
recWuxnYqzXUlpDbj,"Road And Highway Building Materials (Disposal Asphalt, Concrete) ",City of Oakland,Alameda,Oakland,Closed,construction,road-and-highway-building-materials-disposal-asphalt-concrete-city-of-oakland,77,no,,,,2026-03-31T11:47:50-07:00,920,no,,closed_stale_no_results,no
recWxax3UkOincKXZ,Pavement Replacement Services,Alameda County Water District,Alameda,Fremont,Closed,construction,pavement-replacement-services-alameda-county-water-district,59,yes,results,construction,https://www.bidthebay.com/construction-project-details/pavement-replacement-services-alameda-county-water-district/r/recWxax3UkOincKXZ,2026-05-08T17:04:08-07:00,184,no,,recently_closed,no
recWz1WcqRqs4xi6u,Quarry Park 2026 Eucalyptus Tree Removal,County of San Mateo,San Mateo,El Granada,Closed,construction,quarry-park-2026-eucalyptus-tree-removal-county-of-san-mateo,60,yes,results,construction,https://www.bidthebay.com/construction-project-details/quarry-park-2026-eucalyptus-tree-removal-county-of-san-mateo/r/recWz1WcqRqs4xi6u,2026-05-05T17:01:33-07:00,1831,no,,recently_closed,no
recWzxeEdeuzLMede,Kimball Elementary School – Restroom Modernization Project,Antioch Unified School District,Contra Costa,Antioch,Closed,construction,kimball-elementary-school-restroom-modernization-project-antioch-unified-school-district,88,yes,results,construction,https://www.bidthebay.com/construction-project-details/kimball-elementary-school-restroom-modernization-project-antioch-unified-school-district/r/recWzxeEdeuzLMede,2026-05-18T08:17:24-07:00,178,yes,,award_results,no
recX3X8cpQ4cTqT1a,Prospect High School Walk-In Freezer Floor Replacement,Campbell Union High School District,Santa Clara,Saratoga,Closed,construction,prospect-high-school-walk-in-freezer-floor-replacement-campbell-union-high-school-district,90,yes,results,construction,https://www.bidthebay.com/construction-project-details/prospect-high-school-walk-in-freezer-floor-replacement-campbell-union-high-school-district/r/recX3X8cpQ4cTqT1a,2026-05-15T20:53:34-07:00,162,yes,,award_results,no
recX6xg5TVvvn6pFN,Safe Routes to School 2026,City of South San Francisco,San Mateo,South San Francisco,Closed,construction,safe-routes-to-school-2026-city-of-south-san-francisco,54,yes,results,construction,https://www.bidthebay.com/construction-project-details/safe-routes-to-school-2026-city-of-south-san-francisco/r/recX6xg5TVvvn6pFN,2026-06-22T09:47:44-07:00,959,yes,,award_results,no
recX7Oi5fRRfpgLmY,Curtner Ave Sanitary Sewer Extension,West Valley Sanitation District,Santa Clara,Campbell,Open,construction,curtner-ave-sanitary-sewer-extension-west-valley-sanitation-district,68,yes,open,construction,https://www.bidthebay.com/construction-project-details/curtner-ave-sanitary-sewer-extension-west-valley-sanitation-district/r/recX7Oi5fRRfpgLmY,2026-08-23T20:16:01-07:00,167,no,,open_solicitation,no
recX7RHrES6fTAGgw,HVAC Services for County Weatherization Program,Contra Costa County,Contra Costa,Contra Costa  ,Closed,construction,hvac-services-for-county-weatherization-program-contra-costa-county,67,yes,results,construction,https://www.bidthebay.com/construction-project-details/hvac-services-for-county-weatherization-program-contra-costa-county/r/recX7RHrES6fTAGgw,2026-07-28T09:47:14-07:00,282,yes,,award_results,no
recX8dUSljcZtB6qT,Provide and Install 75KW Generator for Base Alameda CA,U.S. Coast Guard,Alameda,Alameda,Open,construction; supplier,provide-and-install-75kw-generator-for-base-alameda-ca-us-coast-guard,69,yes,open,construction,https://www.bidthebay.com/construction-project-details/provide-and-install-75kw-generator-for-base-alameda-ca-us-coast-guard/r/recX8dUSljcZtB6qT,2026-09-08T20:15:44-07:00,179,no,Open but due date passed,open_solicitation,no
recXAGtdAG3SLkl9F,La Loma 1 Elevator Modernization,UC Berkeley,Alameda,Berkeley,Closed,professional services,la-loma-1-elevator-modernization-uc-berkeley,44,yes,results,professional services,https://www.bidthebay.com/professional-services-project-details/la-loma-1-elevator-modernization-uc-berkeley/r/recXAGtdAG3SLkl9F,2026-07-29T00:01:56-07:00,841,no,,recently_closed,no
recXERnV6AyFv1xuG,West Field Garage 675 - Metal Panel,San Francisco International Airport,San Mateo,San Francisco,Closed,construction,west-field-garage-675-metal-panel-san-francisco-international-airport-sfo,73,yes,results,construction,https://www.bidthebay.com/construction-project-details/west-field-garage-675-metal-panel-san-francisco-international-airport-sfo/r/recXERnV6AyFv1xuG,2026-09-07T10:43:39-07:00,473,no,,recently_closed,no
recXF4U3Zk6Ss9Dw1,VMA Gold Gates and Fence,County of Marin,Marin,San Rafael,Closed,construction,vma-gold-gates-and-fence-county-of-marin,40,yes,results,construction,https://www.bidthebay.com/construction-project-details/vma-gold-gates-and-fence-county-of-marin/r/recXF4U3Zk6Ss9Dw1,2026-09-03T07:48:05-07:00,273,no,,recently_closed,no
recXHN0wKdt3EtfHk,Sewer and Storm Drain Cleaning,Sequoia Union High School District,San Mateo,Redwood City and various Peninsula communities,Closed,construction,sewer-and-storm-drain-cleaning-sequoia-union-high-school-district,65,yes,results,construction,https://www.bidthebay.com/construction-project-details/sewer-and-storm-drain-cleaning-sequoia-union-high-school-district/r/recXHN0wKdt3EtfHk,2026-07-08T21:38:31-07:00,350,no,,recently_closed,no
recXIn16dJFyrKX3e,Tennis Court Maintenance,City and County of San Francisco,San Francisco,San Francisco,Closed,construction,tennis-court-maintenance-city-and-county-of-san-francisco,57,yes,results,construction,https://www.bidthebay.com/construction-project-details/tennis-court-maintenance-city-and-county-of-san-francisco/r/recXIn16dJFyrKX3e,2026-06-12T00:09:34-07:00,83,no,,recently_closed,no
recXMo7Fq0P4yifDA,Measure K Roadway Improvement Project,City of Rio Vista,Solano,Rio Vista,Closed,construction,measure-k-roadway-improvement-project-city-of-rio-vista,55,yes,results,construction,https://www.bidthebay.com/construction-project-details/measure-k-roadway-improvement-project-city-of-rio-vista/r/recXMo7Fq0P4yifDA,2026-04-23T17:12:21-07:00,718,no,,recently_closed,no
recXNr8FP4vZbrCMZ,Flood Park Restroom A Sewer Line Replacement,County of San Mateo,San Mateo,Menlo Park,Closed,construction,flood-park-restroom-a-sewer-line-replacement-county-of-san-mateo,64,no,,,,2026-03-24T08:37:43-07:00,1557,no,,closed_stale_no_results,no
recXPCEsGAOgDfKjp,Project Management Services for Public Works Projects,Zone 7 Water Agency ,Alameda,Livermore,Closed,professional services,project-management-services-for-public-works-projects-zone-7-water-agency,73,yes,results,professional services,https://www.bidthebay.com/professional-services-project-details/project-management-services-for-public-works-projects-zone-7-water-agency/r/recXPCEsGAOgDfKjp,2026-07-29T09:12:52-07:00,229,no,,recently_closed,no
recXQ1l4obUSoG7n6,Flood Park Forced Main Design and Build,County of San Mateo,San Mateo,Menlo Park,Closed,construction; professional services,flood-park-forced-main-design-and-build-county-of-san-mateo,59,yes,results,construction,https://www.bidthebay.com/construction-project-details/flood-park-forced-main-design-and-build-county-of-san-mateo/r/recXQ1l4obUSoG7n6,2026-04-24T09:11:44-07:00,559,no,,multi_category_provisional_construction,yes
recXQFbUh8kxUFdeo,Cold Plane Asphalt Concrete Pavement and Place HMA (Type A),California Department of Transportation (Caltrans),Sonoma,Graton & Sebastopol,Closed,construction,cold-plane-asphalt-concrete-pavement-and-place-hma-type-a-cal-trans-district-4,78,yes,results,construction,https://www.bidthebay.com/construction-project-details/cold-plane-asphalt-concrete-pavement-and-place-hma-type-a-cal-trans-district-4/r/recXQFbUh8kxUFdeo,2026-09-07T15:49:52-07:00,236,no,,recently_closed,no
recXQY0Dlme8dRgte,"Roof and HVAC at Stocklmeir, Garden Gate and Eisenhower Schools",Cupertino Union School District,Santa Clara,Sunnyvale & Cupertino ,Closed,construction,roof-and-hvac-at-stocklmeir-garden-gate-and-eisenhower-schools-cupertino-union-school-district,94,no,,,,2026-03-24T07:42:28-07:00,406,no,,closed_stale_no_results,no
recXVfUzEjS727Jkt,Title 24 – Residential Window Replacement,Midpeninsula Regional Open Space District,San Mateo; Santa Clara,San Gregorio; Los Altos; La Honda; Half Moon Bay; Redwood City,Open,construction,title-24-residential-window-replacement-midpeninsula-regional-open-space-district,81,yes,open,construction,https://www.bidthebay.com/construction-project-details/title-24-residential-window-replacement-midpeninsula-regional-open-space-district/r/recXVfUzEjS727Jkt,2026-09-03T11:22:10-07:00,1213,no,,open_solicitation,no
recXZkgcVNEmt30j0,Riverside ES Roof Improvement,West Contra Costa Unified School District,Contra Costa,San Pablo,Closed,construction,riverside-es-roof-improvement-west-contra-costa-unified-school-district,71,yes,results,construction,https://www.bidthebay.com/construction-project-details/riverside-es-roof-improvement-west-contra-costa-unified-school-district/r/recXZkgcVNEmt30j0,2026-05-15T10:34:09-07:00,174,yes,,award_results,no
recXd83Tqf2zn8xDK,ADA Improvement Project,County of Marin,Marin,"San Rafael, Kentfield",Closed,construction,ada-improvement-project-county-of-marin,39,yes,results,construction,https://www.bidthebay.com/construction-project-details/ada-improvement-project-county-of-marin/r/recXd83Tqf2zn8xDK,2026-04-17T11:04:42-07:00,707,no,,recently_closed,no
recXeYnaWBFkOmA4g,"Cold plane, HMA(Type A), RHMA(OGFC) & high friction surface treatment",California Department of Transportation (Caltrans),Santa Clara,Los Gatos,Closed,construction,cold-plane-hma-type-a-rhma-ogfc-high-friction-surface-treatment-cal-trans-district-4,84,yes,results,construction,https://www.bidthebay.com/construction-project-details/cold-plane-hma-type-a-rhma-ogfc-high-friction-surface-treatment-cal-trans-district-4/r/recXeYnaWBFkOmA4g,2026-09-07T15:49:52-07:00,224,yes,,award_results,no
recXgzH2gMmhjZIGh,Embarcadero West Rail Safety Project Phase 1 (OVR/Market and Oak),City of Oakland,Alameda,Oakland,Closed,construction,embarcadero-west-rail-safety-project-phase-1-ovr-market-and-oak-city-of-oakland,79,yes,results,construction,https://www.bidthebay.com/construction-project-details/embarcadero-west-rail-safety-project-phase-1-ovr-market-and-oak-city-of-oakland/r/recXgzH2gMmhjZIGh,2026-09-04T00:02:01-07:00,869,no,,recently_closed,no
recXivsYYTPvmJnVp,Pedestrian & ADA Infrastructure Improvements Project,City of Dublin,Alameda,Dublin,Closed,construction,pedestrian-ada-infrastructure-improvements-project-city-of-dublin,65,yes,results,construction,https://www.bidthebay.com/construction-project-details/pedestrian-ada-infrastructure-improvements-project-city-of-dublin/r/recXivsYYTPvmJnVp,2026-06-23T06:59:01-07:00,980,yes,,award_results,no
recXl9jbS6TYNCUQQ,Replace Corroded Cleat on Base Alameda Pier,U.S. Coast Guard,Alameda,Alameda,Closed,construction,replace-corroded-cleat-on-base-alameda-pier-us-coast-guard,58,yes,results,construction,https://www.bidthebay.com/construction-project-details/replace-corroded-cleat-on-base-alameda-pier-us-coast-guard/r/recXl9jbS6TYNCUQQ,2026-09-07T10:26:17-07:00,207,no,,recently_closed,no
recXlNsSEl1Wumw1J,Telecommunications Cabling Installation and Repair Services,County of Santa Clara,Santa Clara,Various Cities,Closed,construction,telecommunications-cabling-installation-and-repair-services-county-of-santa-clara,81,yes,results,construction,https://www.bidthebay.com/construction-project-details/telecommunications-cabling-installation-and-repair-services-county-of-santa-clara/r/recXlNsSEl1Wumw1J,2026-06-26T08:32:57-07:00,1298,yes,,award_results,no
recXpHJxmRw5IiZ1f,"Conlon Creek Culvert Removal & Restoration, GOGA",National Park Service,Marin,Various Cities,Closed,construction,conlon-creek-culvert-removal-restoration-goga-national-park-service,67,yes,results,construction,https://www.bidthebay.com/construction-project-details/conlon-creek-culvert-removal-restoration-goga-national-park-service/r/recXpHJxmRw5IiZ1f,2026-06-26T08:32:00-07:00,1249,no,,recently_closed,no
recXs3Ly5zzoC11KN,Red Fox Creek Bridge Replacement Project On New Avenue (New Bridge No. 37C0609),County of Santa Clara,Santa Clara,San Jose,Closed,construction,red-fox-creek-bridge-replacement-project-on-new-avenue-new-bridge-no-37c0609-county-of-santa-clara,98,yes,results,construction,https://www.bidthebay.com/construction-project-details/red-fox-creek-bridge-replacement-project-on-new-avenue-new-bridge-no-37c0609-county-of-santa-clara/r/recXs3Ly5zzoC11KN,2026-06-01T01:46:42-07:00,134,yes,,award_results,no
recXuLS7qM2ffrQ1B,Chiller Replacement at Linus Pauling,Contra Costa County,Contra Costa,Hercules,Open,construction,chiller-replacement-at-linus-pauling-contra-costa-county,56,yes,open,construction,https://www.bidthebay.com/construction-project-details/chiller-replacement-at-linus-pauling-contra-costa-county/r/recXuLS7qM2ffrQ1B,2026-08-31T17:49:55-07:00,127,no,,open_solicitation,no
recXvMMLdEjKQwVxu,2026 Major Streets Sealing,City of San Jose ,Santa Clara,San Jose ,Closed,construction,2026-major-streets-sealing-city-of-san-jose,43,no,,,,2026-03-27T10:12:18-07:00,324,no,,closed_stale_no_results,no
recXvXZBuCOWuzzY8,Canceled: 2026 MDUSD Central Services Technology Infrastructure Upgrades,Mount Diablo Unified School District,Contra Costa,Concord,Closed,construction,canceled-2026-mdusd-central-services-technology-infrastructure-upgrades-mt-diablo-unified-school-district,105,yes,results,construction,https://www.bidthebay.com/construction-project-details/canceled-2026-mdusd-central-services-technology-infrastructure-upgrades-mt-diablo-unified-school-district/r/recXvXZBuCOWuzzY8,2026-09-07T11:36:49-07:00,800,no,,recently_closed,no
recXzAA3rDTGMkWtf,Rossi Bridge Phase 2,County of Napa,Napa,St. Helena,Closed,construction,rossi-bridge-phase-2-county-of-napa,35,yes,results,construction,https://www.bidthebay.com/construction-project-details/rossi-bridge-phase-2-county-of-napa/r/recXzAA3rDTGMkWtf,2026-07-28T10:31:34-07:00,428,yes,,award_results,no
recY0aF3iaq1djKn1,1415 N. Carolan Improvements Project,San Mateo County Mosquito and Vector Control District,San Mateo,Burlingame,Closed,construction,1415-n-carolan-improvements-project-san-mateo-county-mosquito-vector-control-district,85,yes,results,construction,https://www.bidthebay.com/construction-project-details/1415-n-carolan-improvements-project-san-mateo-county-mosquito-vector-control-district/r/recY0aF3iaq1djKn1,2026-09-07T11:36:49-07:00,752,yes,,award_results,no
recY1XIFqDIGD0Bls,"Concrete Removal, Replacement and Repair Services",City of San Jose,Santa Clara,San Jose,Closed,construction,concrete-removal-replacement-and-repair-services-city-of-san-jose,65,yes,results,construction,https://www.bidthebay.com/construction-project-details/concrete-removal-replacement-and-repair-services-city-of-san-jose/r/recY1XIFqDIGD0Bls,2026-07-09T08:44:39-07:00,125,yes,,award_results,no
recY2VCv2OrWWEdp8,As-Needed Sewer Inspection (FY26) and Spot Lining,San Francisco Public Utilities Commission,San Francisco,San Francisco,Closed,construction,as-needed-sewer-inspection-fy26-and-spot-lining-san-francisco-public-utilities-commission,89,yes,results,construction,https://www.bidthebay.com/construction-project-details/as-needed-sewer-inspection-fy26-and-spot-lining-san-francisco-public-utilities-commission/r/recY2VCv2OrWWEdp8,2026-08-07T00:04:20-07:00,164,no,,recently_closed,no
recY6MjbL6rPlv9mW,Civic Center Campus Lighting Project - Phase 1,County of Marin,Marin,San Rafael,Closed,construction,civic-center-campus-lighting-project-phase-1-county-of-marin,60,yes,results,construction,https://www.bidthebay.com/construction-project-details/civic-center-campus-lighting-project-phase-1-county-of-marin/r/recY6MjbL6rPlv9mW,2026-07-10T03:07:36-07:00,481,yes,,award_results,no
recY7wOBtyPKDCoVY,Kennedy HS Painting and Frontage Improvements,Fremont Unified School District,Alameda,Fremont,Closed,construction,kennedy-hs-painting-and-frontage-improvements-fremont-unified-school-district,77,yes,results,construction,https://www.bidthebay.com/construction-project-details/kennedy-hs-painting-and-frontage-improvements-fremont-unified-school-district/r/recY7wOBtyPKDCoVY,2026-07-08T10:00:55-07:00,0,yes,No description at all,award_results,no
recYAyNkTM5WMcPys,FY26 Pavement Rehabilitation Project,Central Marin Sanitation Agency,Marin,San Rafael,Closed,construction,fy26-pavement-rehabilitation-project-central-marin-sanitation-agency,68,no,,,,2026-03-31T19:44:18-07:00,504,no,,closed_stale_no_results,no
recYBzIVp6t1F3zzZ,Rectangular Rapid Flashing Beacon and Fire Station Advance Warning System Upgrade Project,City of Suisun City,Solano,Suisun City,Closed,construction,rectangular-rapid-flashing-beacon-and-fire-station-advance-warning-system-upgrade-project-city-of-suisun-city,109,yes,results,construction,https://www.bidthebay.com/construction-project-details/rectangular-rapid-flashing-beacon-and-fire-station-advance-warning-system-upgrade-project-city-of-suisun-city/r/recYBzIVp6t1F3zzZ,2026-07-09T11:56:51-07:00,1359,no,,recently_closed,no
recYCreKwzTYvhuWk,Seal Cove Landslide Surficial Surveying and Monitoring Services, County of San Mateo,San Mateo,Moss Beach,Closed,professional services,seal-cove-landslide-surficial-surveying-and-monitoring-services-county-of-san-mateo,83,yes,results,professional services,https://www.bidthebay.com/professional-services-project-details/seal-cove-landslide-surficial-surveying-and-monitoring-services-county-of-san-mateo/r/recYCreKwzTYvhuWk,2026-07-14T00:02:29-07:00,490,no,,recently_closed,no
recYEoZvK7lSs4LPr,Nicholl Park Tennis Courts Renovation,City of Richmond,Contra Costa,Richmond,Closed,construction,nicholl-park-tennis-courts-renovation-city-of-richmond,54,yes,results,construction,https://www.bidthebay.com/construction-project-details/nicholl-park-tennis-courts-renovation-city-of-richmond/r/recYEoZvK7lSs4LPr,2026-04-24T17:03:25-07:00,455,no,,recently_closed,no
recYFyO6pr5RaG7Tz,West of Bayshore Improvement Project – Vegetation Removal and Site Support (Prequalification Only),San Francisco International Airport,San Mateo,San Francisco,Closed,construction,west-of-bayshore-improvement-project-vegetation-removal-and-site-support-prequalification-only-san-francisco-international-airport-sfo,134,no,,,,2026-09-07T10:43:39-07:00,794,no,,closed_stale_no_results,no
recYI6WNFzCcxmcGl,"District Office HVAC, Roofing, and Switchgear Replacement Project",San Mateo-Foster City School District,San Mateo,Foster City,Closed,construction,district-office-hvac-roofing-and-switchgear-replacement-project-san-mateo-foster-city-school-district,101,yes,results,construction,https://www.bidthebay.com/construction-project-details/district-office-hvac-roofing-and-switchgear-replacement-project-san-mateo-foster-city-school-district/r/recYI6WNFzCcxmcGl,2026-05-04T20:20:39-07:00,193,yes,,award_results,no
recYIeCAU4iC2lJJq,As-Needed Large Diameter Sewer Inspection No. 1,San Francisco Public Utilities Commission,San Francisco,San Francisco,Closed,construction; professional services,as-needed-large-diameter-sewer-inspection-no-1-san-francisco-public-utilities-commission,88,yes,results,construction,https://www.bidthebay.com/construction-project-details/as-needed-large-diameter-sewer-inspection-no-1-san-francisco-public-utilities-commission/r/recYIeCAU4iC2lJJq,2026-07-31T00:01:55-07:00,161,no,,multi_category_provisional_construction,yes
recYJZxZULp4VBoam,Sequoia ES Boiler Replacement,City of Vacaville,Alameda,Oakland,Closed,construction,sequoia-es-boiler-replacement-city-of-vacaville,47,yes,results,construction,https://www.bidthebay.com/construction-project-details/sequoia-es-boiler-replacement-city-of-vacaville/r/recYJZxZULp4VBoam,2026-08-22T00:05:05-07:00,547,no,,recently_closed,no
recYJqKuwnBcRJQaM,UCSF Health Helen Diller Hospital – Painting & Wall Covering,University of California San Francisco,San Francisco,San Francisco,Closed,construction,ucsf-health-helen-diller-hospital-painting-wall-covering-university-of-california-san-francisco,95,yes,results,construction,https://www.bidthebay.com/construction-project-details/ucsf-health-helen-diller-hospital-painting-wall-covering-university-of-california-san-francisco/r/recYJqKuwnBcRJQaM,2026-07-29T00:01:46-07:00,306,no,,recently_closed,no
recYKxAwsA77tnZ1Y,CCCFPD HVAC Services,Contra Costa County,Contra Costa,Contra Costa,Closed,construction,cccfpd-hvac-services-contra-costa-county,40,yes,results,construction,https://www.bidthebay.com/construction-project-details/cccfpd-hvac-services-contra-costa-county/r/recYKxAwsA77tnZ1Y,2026-07-28T10:07:53-07:00,0,yes,No description at all,award_results,no
recYMPCfwavvldQIK,A License - Horizontal Job Order Contracts,Contra Costa County,Contra Costa,Contra Costa,Closed,construction,a-license-horizontal-job-order-contracts-contra-costa-county,60,yes,results,construction,https://www.bidthebay.com/construction-project-details/a-license-horizontal-job-order-contracts-contra-costa-county/r/recYMPCfwavvldQIK,2026-07-22T03:09:41-07:00,886,yes,,award_results,no
recYOYsNsg0oACP09,Mill Valley-Sausalito Multiuse Path Bridges 1 & 2 Repair Project,County of Marin,Marin,Mill Valley,Closed,construction,mill-valley-sausalito-multiuse-path-bridges-1-2-repair-project-county-of-marin,78,yes,results,construction,https://www.bidthebay.com/construction-project-details/mill-valley-sausalito-multiuse-path-bridges-1-2-repair-project-county-of-marin/r/recYOYsNsg0oACP09,2026-05-14T17:04:13-07:00,933,no,,recently_closed,no
recYQv7WFxZ8CWa2q,UCSF Health Helen Diller Hospital – Elevator Smoke Curtains,University of California San Francisco,San Francisco,San Francisco,Closed,construction,ucsf-health-helen-diller-hospital-elevator-smoke-curtains-university-of-california-san-francisco,96,yes,results,construction,https://www.bidthebay.com/construction-project-details/ucsf-health-helen-diller-hospital-elevator-smoke-curtains-university-of-california-san-francisco/r/recYQv7WFxZ8CWa2q,2026-06-12T00:09:44-07:00,308,no,,recently_closed,no
recYTZRFFrrHxokgs,Tennyson HS Locker Rooms/Gym Floor Upgrades,Hayward Unified School District,Alameda,Hayward,Closed,construction,tennyson-hs-locker-rooms-gym-floor-upgrades-hayward-unified-school-district,75,yes,results,construction,https://www.bidthebay.com/construction-project-details/tennyson-hs-locker-rooms-gym-floor-upgrades-hayward-unified-school-district/r/recYTZRFFrrHxokgs,2026-05-19T06:03:04-07:00,191,no,,recently_closed,no
recYUT8O6HtgIIgUt,Equipment Storage Building Project,Napa Sanitation District,Napa,Napa,Closed,construction,equipment-storage-building-project-napa-sanitation-district,59,yes,results,construction,https://www.bidthebay.com/construction-project-details/equipment-storage-building-project-napa-sanitation-district/r/recYUT8O6HtgIIgUt,2026-05-20T00:50:06-07:00,345,yes,,award_results,no
recYUZD4S7PScpi5b,NRS to KRS 115 kilovolt Transmission Line,City of Santa Clara,Santa Clara,Santa Clara,Closed,construction,nrs-to-krs-115-kilovolt-transmission-line-city-of-santa-clara,61,yes,results,construction,https://www.bidthebay.com/construction-project-details/nrs-to-krs-115-kilovolt-transmission-line-city-of-santa-clara/r/recYUZD4S7PScpi5b,2026-07-31T13:03:14-07:00,325,yes,,award_results,no
recYVj1mrDqHSd9yO,Johnston Ranch Habitat Enhancement and Water Supply Improvement Project,San Mateo Resource Conservation District,San Mateo,Half Moon Bay,Closed,construction,johnston-ranch-habitat-enhancement-and-water-supply-improvement-project-san-mateo-resource-conservation-district,112,no,,,,2026-04-30T17:08:27-07:00,477,no,,closed_stale_no_results,no
recYWc6jXQlXDbmLj,Residential Pavement Maintenance Phase F Project,City of Concord,Contra Costa,Concord ,Closed,construction,residential-pavement-maintenance-phase-f-project-city-of-concord,64,yes,results,construction,https://www.bidthebay.com/construction-project-details/residential-pavement-maintenance-phase-f-project-city-of-concord/r/recYWc6jXQlXDbmLj,2026-03-30T09:45:12-07:00,719,yes,,award_results,no
recYaKm5UKsdzVo7n,Tiburon Boulevard/East Blithedale Avenue Interchange Improvements Project (PA&ED),Transportation Authority of Marin,Marin,Mill Valley / Strawberry area,Open,professional services,tiburon-boulevard-east-blithedale-avenue-interchange-improvements-project-pa-ed-transportation-authority-of-marin,113,yes,open,professional services,https://www.bidthebay.com/professional-services-project-details/tiburon-boulevard-east-blithedale-avenue-interchange-improvements-project-pa-ed-transportation-authority-of-marin/r/recYaKm5UKsdzVo7n,2026-07-22T09:54:58-07:00,379,no,,open_solicitation,no
recYc6auH2XOpgPZ6,Sanitary Sewer Rehabilitation (Subbasin 56-02) Phase 2,City of Oakland,Alameda,Oakland,Closed,construction,sanitary-sewer-rehabilitation-subbasin-56-02-phase-2-city-of-oakland,68,yes,results,construction,https://www.bidthebay.com/construction-project-details/sanitary-sewer-rehabilitation-subbasin-56-02-phase-2-city-of-oakland/r/recYc6auH2XOpgPZ6,2026-06-05T00:04:51-07:00,497,no,,recently_closed,no
recYec5Glt0gY9VL6,2026 Miscellaneous Sidewalk and Pathway Replacement Project,City of Pleasanton,Alameda,Pleasanton,Closed,construction,2026-miscellaneous-sidewalk-and-pathway-replacement-project-city-of-pleasanton,78,yes,results,construction,https://www.bidthebay.com/construction-project-details/2026-miscellaneous-sidewalk-and-pathway-replacement-project-city-of-pleasanton/r/recYec5Glt0gY9VL6,2026-05-20T17:11:46-07:00,170,no,,recently_closed,no
recYhjFyH5wPvezL1,George Washington High School Gym Skylight Replacement,San Francisco Unified School District,San Francisco,San Francisco,Open,construction,george-washington-high-school-gym-skylight-replacement-san-francisco-unified-school-district,92,yes,open,construction,https://www.bidthebay.com/construction-project-details/george-washington-high-school-gym-skylight-replacement-san-francisco-unified-school-district/r/recYhjFyH5wPvezL1,2026-08-12T10:41:18-07:00,411,no,,open_solicitation,no
recYiEkevkr7Sn8E9,Zone 7 Pavement Management Phase 1,Town of Discovery Bay,Contra Costa,Pittsburg,Closed,construction,zone-7-pavement-management-phase-1-town-of-discovery-bay,56,yes,results,construction,https://www.bidthebay.com/construction-project-details/zone-7-pavement-management-phase-1-town-of-discovery-bay/r/recYiEkevkr7Sn8E9,2026-03-27T07:03:29-07:00,361,yes,,award_results,no
recYjf1aFhJyA4XQ7,2025-26 Annual Pavement Rehabilitation,City of Orinda,Contra Costa,Orinda ,Closed,construction,2025-26-annual-pavement-rehabilitation-city-of-orinda,53,yes,results,construction,https://www.bidthebay.com/construction-project-details/2025-26-annual-pavement-rehabilitation-city-of-orinda/r/recYjf1aFhJyA4XQ7,2026-06-03T00:06:42-07:00,1129,no,,recently_closed,no
recYl7hT2RZ0q3Rib,Evergreen/Winchester/Templeton Sewer Replacement Project - Rebid ,City of Daly City,San Mateo,Daly City,Open,construction,evergreen-winchester-templeton-sewer-replacement-project-rebid-city-of-daly-city,80,yes,open,construction,https://www.bidthebay.com/construction-project-details/evergreen-winchester-templeton-sewer-replacement-project-rebid-city-of-daly-city/r/recYl7hT2RZ0q3Rib,2026-08-25T10:43:50-07:00,415,no,,open_solicitation,no
recYmA7tGFfoyf6XT,"Install Stop Signs, RRFB, Striping, & Other Signs in San Mateo County",California Department of Transportation (Caltrans),San Mateo,San Mateo County,Closed,construction,install-stop-signs-rrfb-striping-other-signs-in-san-mateo-county-california-department-of-transportation,104,yes,results,construction,https://www.bidthebay.com/construction-project-details/install-stop-signs-rrfb-striping-other-signs-in-san-mateo-county-california-department-of-transportation/r/recYmA7tGFfoyf6XT,2026-09-07T15:50:31-07:00,0,no,No description at all,recently_closed,no
recYme9wPd9iZocOv,Elia Park Project,City of San Jose,Santa Clara,San Jose,Closed,construction,elia-park-project-city-of-san-jose,34,yes,results,construction,https://www.bidthebay.com/construction-project-details/elia-park-project-city-of-san-jose/r/recYme9wPd9iZocOv,2026-07-31T12:11:43-07:00,484,yes,,award_results,no
recYnr7eBtxOwtqjb,East Dunne Sewer Upsize Project,City of Morgan Hill,Santa Clara,Morgan Hill,Closed,construction,east-dunne-sewer-upsize-project-city-of-morgan-hill,51,no,,,,2026-03-27T09:58:02-07:00,1584,no,,closed_stale_no_results,no
recYpmGV5vt91bH0U,Monte Verde ES LLB Preliminary Construction Services,South San Francisco Unified School District,San Mateo,San Bruno,Closed,construction,monte-verde-es-llb-preliminary-construction-services-south-san-francisco-unified-school-district,96,no,,,,2026-04-11T10:49:50-07:00,635,no,,closed_stale_no_results,no
recYqV9Hcijv9gLPH,1995 University Parking Garage Water Drain Rust Repair,UC Berkeley,Alameda,Berkeley,Closed,construction,1995-university-parking-garage-water-drain-rust-repair-uc-berkeley,66,yes,results,construction,https://www.bidthebay.com/construction-project-details/1995-university-parking-garage-water-drain-rust-repair-uc-berkeley/r/recYqV9Hcijv9gLPH,2026-08-13T06:06:57-07:00,340,yes,,award_results,no
recYvuOLHlrKXnzLD,Sunnydale Phase 4 Environmental & ADMP Services,City and County of San Francisco,San Francisco,San Francisco,Closed,professional services,sunnydale-phase-4-environmental-admp-services-city-and-county-of-san-francisco,78,yes,results,professional services,https://www.bidthebay.com/professional-services-project-details/sunnydale-phase-4-environmental-admp-services-city-and-county-of-san-francisco/r/recYvuOLHlrKXnzLD,2026-05-16T17:03:05-07:00,873,no,,recently_closed,no
recZ3kcnwtypaUNkF,SJCC Elevator Modernization Phase 2,San Jose Evergreen Community College District,Santa Clara,San Jose,Open,construction,sjcc-elevator-modernization-phase-2-san-jose-evergreen-community-college-district,81,yes,open,construction,https://www.bidthebay.com/construction-project-details/sjcc-elevator-modernization-phase-2-san-jose-evergreen-community-college-district/r/recZ3kcnwtypaUNkF,2026-09-05T09:34:42-07:00,493,no,,open_solicitation,no
recZ6cAIf63Ddlc1r,Walker Creek Ranch Sequoia Lodge Phase 2  ,Marin County Office of Education,Marin,Petaluma,Closed,construction,walker-creek-ranch-sequoia-lodge-phase-2-marin-county-office-of-education,73,yes,results,construction,https://www.bidthebay.com/construction-project-details/walker-creek-ranch-sequoia-lodge-phase-2-marin-county-office-of-education/r/recZ6cAIf63Ddlc1r,2026-05-13T09:27:57-07:00,244,yes,,award_results,no
recZ72wC0zgdNQMrL,Carpet Replacement and Repair Services,County of Santa Clara ,Santa Clara,Cupertino / Woodland,Closed,construction,carpet-replacement-and-repair-services-county-of-santa-clara,60,yes,results,construction,https://www.bidthebay.com/construction-project-details/carpet-replacement-and-repair-services-county-of-santa-clara/r/recZ72wC0zgdNQMrL,2026-07-08T10:20:36-07:00,232,yes,,award_results,no
recZ8Amvg5th3tGSt,Sycamore Valley Road Improvements and Fiber Optic Cable Interconnect Improvements,City of Danville,Contra Costa,Danville,Closed,construction,sycamore-valley-road-improvements-and-fiber-optic-cable-interconnect-improvements-city-of-danville,98,yes,results,construction,https://www.bidthebay.com/construction-project-details/sycamore-valley-road-improvements-and-fiber-optic-cable-interconnect-improvements-city-of-danville/r/recZ8Amvg5th3tGSt,2026-06-01T02:57:37-07:00,1033,yes,,award_results,no
recZBjDgqdNz1NYzp,Storm Improvement - Suncrest Ave,City of San Jose,Santa Clara,San Jose,Closed,construction,storm-improvement-suncrest-ave-city-of-san-jose,47,no,,,,2026-03-25T07:48:13-07:00,414,no,,closed_stale_no_results,no
recZJleVDO02qivQQ,On-Call Services for Pump Repair and Overhaul Services ,City of Sunnyvale,Santa Clara,Sunnyvale,Closed,construction,on-call-services-for-pump-repair-and-overhaul-services-city-of-sunnyvale,72,yes,results,construction,https://www.bidthebay.com/construction-project-details/on-call-services-for-pump-repair-and-overhaul-services-city-of-sunnyvale/r/recZJleVDO02qivQQ,2026-06-27T00:00:42-07:00,793,no,,recently_closed,no
recZKcH5Fh9iHq9Mi,2026 Sidewalk Repairs & Replacement Project,City of Morgan Hill,Santa Clara,Morgan Hill,Closed,construction,2026-sidewalk-repairs-replacement-project-city-of-morgan-hill,61,no,,,,2026-04-11T10:49:24-07:00,252,no,,closed_stale_no_results,no
recZLxiESywi3kTmc,Story-Keyes Complete Streets Project,City of San Jose,Santa Clara,San Jose,Closed,professional services,story-keyes-complete-streets-project-city-of-san-jose,53,yes,results,professional services,https://www.bidthebay.com/professional-services-project-details/story-keyes-complete-streets-project-city-of-san-jose/r/recZLxiESywi3kTmc,2026-07-21T00:01:51-07:00,292,no,,recently_closed,no
recZMLuXsbSQMTy9w,Safe Street for All (SS4A) Improvement Project,City of Milpitas,Santa Clara,Milpitas,Closed,professional services,safe-street-for-all-ss4a-improvement-project-city-of-milpitas,61,yes,results,professional services,https://www.bidthebay.com/professional-services-project-details/safe-street-for-all-ss4a-improvement-project-city-of-milpitas/r/recZMLuXsbSQMTy9w,2026-09-04T00:02:03-07:00,407,no,,recently_closed,no
recZN9YybM6YGq2eB,Walters Middle School Interim Housing Electrical Scope,Fremont Unified School District,Alameda,Fremont,Closed,construction,walters-middle-school-interim-housing-electrical-scope-fremont-unified-school-district,86,yes,results,construction,https://www.bidthebay.com/construction-project-details/walters-middle-school-interim-housing-electrical-scope-fremont-unified-school-district/r/recZN9YybM6YGq2eB,2026-07-08T10:12:11-07:00,77,yes,,award_results,no
recZNHrAhRDJbdjtK,As-Needed Historical Preservation Specialty Services 2026,San Francisco Public Works,San Francisco,San Francisco,Closed,construction,as-needed-historical-preservation-specialty-services-2026-san-francisco-public-works,84,yes,results,construction,https://www.bidthebay.com/construction-project-details/as-needed-historical-preservation-specialty-services-2026-san-francisco-public-works/r/recZNHrAhRDJbdjtK,2026-05-28T00:14:29-07:00,872,no,,recently_closed,no
recZP5FqHpiM8gk8d,Miller Avenue Storm Drain Improvements ,City of Mill Valley,Marin,Mill Valley,Closed,construction,miller-avenue-storm-drain-improvements-city-of-mill-valley,58,yes,results,construction,https://www.bidthebay.com/construction-project-details/miller-avenue-storm-drain-improvements-city-of-mill-valley/r/recZP5FqHpiM8gk8d,2026-04-15T12:11:06-07:00,317,yes,,award_results,no
recZPE6vVwShwumlQ,Topaz Water Transmission Pipeline Cathodic Protection System Rehabilitation Project,Redwood City,San Mateo,Redwood City / San Carlos ,Closed,professional services,topaz-water-transmission-pipeline-cathodic-protection-system-rehabilitation-project-city-of-redwood-city,104,yes,results,professional services,https://www.bidthebay.com/professional-services-project-details/topaz-water-transmission-pipeline-cathodic-protection-system-rehabilitation-project-city-of-redwood-city/r/recZPE6vVwShwumlQ,2026-09-07T11:37:33-07:00,203,no,,recently_closed,no
recZTPOVAJ3MRdyzV,Individual Slab Replacement (RSC),California Department of Transportation (Caltrans),Alameda,San Leandro / Oakland,Closed,construction,individual-slab-replacement-rsc-cal-trans-district-4,52,yes,results,construction,https://www.bidthebay.com/construction-project-details/individual-slab-replacement-rsc-cal-trans-district-4/r/recZTPOVAJ3MRdyzV,2026-09-07T15:49:52-07:00,292,yes,,award_results,no
recZTnUjkEE5WvoYN,"UCB EHCP – Increment 2 – WP-11: Shoring, Dewatering & Concrete Piers  ",UC Berkeley,Alameda,Berkeley,Closed,construction,ucb-ehcp-increment-2-wp-11-shoring-dewatering-concrete-piers-uc-berkeley,72,yes,results,construction,https://www.bidthebay.com/construction-project-details/ucb-ehcp-increment-2-wp-11-shoring-dewatering-concrete-piers-uc-berkeley/r/recZTnUjkEE5WvoYN,2026-07-10T11:55:50-07:00,1108,yes,,award_results,no
recZTu0nqPEcSKn2W,"Runway 1R-19L Rehabilitation and Taxiway ""W' Construction - Airfield Electrical",San Francisco International Airport,San Mateo,San Francisco,Closed,construction,runway-1r-19l-rehabilitation-and-taxiway-w-construction-airfield-electrical-san-francisco-international-airport-sfo,115,yes,results,construction,https://www.bidthebay.com/construction-project-details/runway-1r-19l-rehabilitation-and-taxiway-w-construction-airfield-electrical-san-francisco-international-airport-sfo/r/recZTu0nqPEcSKn2W,2026-09-07T10:43:37-07:00,387,no,,recently_closed,no
recZULtN9rw2sorCw,Replace Bridge Fender System and Skirt Modification,California Department of Transportation (Caltrans),San Francisco,San Francisco,Open,construction,replace-bridge-fender-system-and-skirt-modification-cal-trans-district-4,72,yes,open,construction,https://www.bidthebay.com/construction-project-details/replace-bridge-fender-system-and-skirt-modification-cal-trans-district-4/r/recZULtN9rw2sorCw,2026-09-11T06:07:16-07:00,228,no,,open_solicitation,no
recZdCOzlBgxoWRv3,"UCB EHCP – Increment 3 – WP-06: Electrical, Fire Alarm, Communications & Security  ",UC Berkeley,Alameda,Berkeley,Closed,construction,ucb-ehcp-increment-3-wp-06-electrical-fire-alarm-communications-security-uc-berkeley,84,yes,results,construction,https://www.bidthebay.com/construction-project-details/ucb-ehcp-increment-3-wp-06-electrical-fire-alarm-communications-security-uc-berkeley/r/recZdCOzlBgxoWRv3,2026-07-10T11:56:13-07:00,260,yes,,award_results,no
recZfuNHAxlqbcHXO,Sunnydale Phase 4 Infrastructure – Demolition & Abatement ,City and County of San Francisco,San Francisco,San Francisco,Closed,construction,sunnydale-phase-4-infrastructure-demolition-abatement-city-and-county-of-san-francisco,86,yes,results,construction,https://www.bidthebay.com/construction-project-details/sunnydale-phase-4-infrastructure-demolition-abatement-city-and-county-of-san-francisco/r/recZfuNHAxlqbcHXO,2026-07-28T05:39:17-07:00,632,no,,recently_closed,no
recZhltcuBoMOTkHX,As-Needed Electrical and Mechanical Engineering Services,San Francisco Public Utilities Commission,San Francisco,San Francisco,Closed,professional services,as-needed-electrical-and-mechanical-engineering-services-san-francisco-public-utilities-commission,98,no,,,,2026-05-29T06:05:15-07:00,460,no,,closed_stale_no_results,no
recZj0hhvUumveWNE,As-Needed Geotechnical Engineering Services 2026,City and County of San Francisco,San Francisco,San Francisco,Closed,professional services,as-needed-geotechnical-engineering-services-2026-city-and-county-of-san-francisco,81,no,,,,2026-04-11T10:46:40-07:00,563,no,,closed_stale_no_results,no
recZj2SvLPkcTUL0F,On-Call Land Surveying,Vallejo Flood & Wastewater District,Solano,Vallejo,Open,professional services,on-call-land-surveying-vallejo,30,yes,open,professional services,https://www.bidthebay.com/professional-services-project-details/on-call-land-surveying-vallejo/r/recZj2SvLPkcTUL0F,2026-09-10T10:28:25-07:00,64,no,,open_solicitation,no
recZlD2aPJFIHgRcu,IH Special Services Growth and Support Center (Abatement and Demolition),East Side Union High School District,Santa Clara,San Jose,Closed,construction,ih-special-services-growth-and-support-center-abatement-and-demolition-east-side-union-high-school-district,107,yes,results,construction,https://www.bidthebay.com/construction-project-details/ih-special-services-growth-and-support-center-abatement-and-demolition-east-side-union-high-school-district/r/recZlD2aPJFIHgRcu,2026-05-25T08:15:39-07:00,293,yes,,award_results,no
recZli1DJxfcIxZ21,Renovate Steam Distribution System,California Department of General Services (DGS),Napa,Yountville,Closed,professional services,renovate-steam-distribution-system-california-department-of-general-services,76,yes,results,professional services,https://www.bidthebay.com/professional-services-project-details/renovate-steam-distribution-system-california-department-of-general-services/r/recZli1DJxfcIxZ21,2026-09-07T11:36:49-07:00,682,no,,recently_closed,no
recZmTrHckcSAIlHE,Thurgood Marshall Academic High School - Gym & Auditorium Project,San Francisco Unified School District,San Francisco,San Francisco,Closed,construction,thurgood-marshall-academic-high-school-gym-auditorium-project-san-francisco-unified-school-district,99,yes,results,construction,https://www.bidthebay.com/construction-project-details/thurgood-marshall-academic-high-school-gym-auditorium-project-san-francisco-unified-school-district/r/recZmTrHckcSAIlHE,2026-04-29T08:43:09-07:00,164,yes,,award_results,no
recZnANSDggSEKBYn,Job Order Contract Coastal Region,California Department of General Services (DGS),Alameda; Contra Costa; Marin; Napa; San Mateo; Santa Clara; Sonoma; Solano,Various,Closed,construction,job-order-contract-coastal-region-california-department-of-general-services,75,yes,results,construction,https://www.bidthebay.com/construction-project-details/job-order-contract-coastal-region-california-department-of-general-services/r/recZnANSDggSEKBYn,2026-09-07T11:36:49-07:00,889,no,,recently_closed,no
recZoLiv0ApgsCAo3,Bayside Parks Access Project,City of Sausalito,Marin,Sausalito,Closed,professional services,bayside-parks-access-project-city-of-sausalito,46,yes,results,professional services,https://www.bidthebay.com/professional-services-project-details/bayside-parks-access-project-city-of-sausalito/r/recZoLiv0ApgsCAo3,2026-08-26T00:05:07-07:00,380,no,,recently_closed,no
recZolAQwpeVzCHC4,Locker Room and Bathroom Flooring and Locker Replacement,U.S. Coast Guard,Marin,Novato,Open,construction,locker-room-and-bathroom-flooring-and-locker-replacement-us-coast-guard,71,yes,open,construction,https://www.bidthebay.com/construction-project-details/locker-room-and-bathroom-flooring-and-locker-replacement-us-coast-guard/r/recZolAQwpeVzCHC4,2026-09-07T10:24:41-07:00,660,no,,open_solicitation,no
recZrSTHmCVve5UAn,Student Center HVAC Replacement Project,Gavilan Joint Community College District,Santa Clara,Gilroy,Closed,construction,student-center-hvac-replacement-project-gavilan-joint-community-college-district,80,no,,,,2026-04-15T22:45:45-07:00,851,no,,closed_stale_no_results,no
recZszZOtcPocMvJ9,"Constructability Review, and Construction Management & Inspection Services",City of Livermore,Alameda,Livermore,Closed,professional services,constructability-review-and-construction-management-inspection-services-city-of-livermore,89,yes,results,professional services,https://www.bidthebay.com/professional-services-project-details/constructability-review-and-construction-management-inspection-services-city-of-livermore/r/recZszZOtcPocMvJ9,2026-08-04T04:02:55-07:00,154,no,,recently_closed,no
recZtLfYKV0tocEHS,Corte Madera Creek Flood Risk Management Project,County of Marin,Marin,Ross,Open,professional services,corte-madera-creek-flood-risk-management-project-county-of-marin,64,yes,open,professional services,https://www.bidthebay.com/professional-services-project-details/corte-madera-creek-flood-risk-management-project-county-of-marin/r/recZtLfYKV0tocEHS,2026-08-25T11:03:39-07:00,1305,no,,open_solicitation,no
recZvsCA3yqmj4Wfr,Marina Dredging,City and County of San Francisco,San Francisco,San Francisco,Closed,construction,marina-dredging-city-and-county-of-san-francisco,48,yes,results,construction,https://www.bidthebay.com/construction-project-details/marina-dredging-city-and-county-of-san-francisco/r/recZvsCA3yqmj4Wfr,2026-07-31T00:01:58-07:00,1207,no,,recently_closed,no
recZwkdzCxxN1fVZI,2027 ADA Curb Ramps Concrete,City of San Jose,Santa Clara,San Jose,Closed,construction,2027-ada-curb-ramps-concrete-city-of-san-jose,45,yes,results,construction,https://www.bidthebay.com/construction-project-details/2027-ada-curb-ramps-concrete-city-of-san-jose/r/recZwkdzCxxN1fVZI,2026-08-21T00:05:03-07:00,373,no,,recently_closed,no
recZz6f3z8sKgx3eU,EPASD Consulting for Design of CIP 1.1 & 1.2,City of East Palo Alto,San Mateo,East Palo Alto,Closed,professional services,epasd-consulting-for-design-of-cip-1-1-1-2-city-of-east-palo-alto,65,yes,results,professional services,https://www.bidthebay.com/professional-services-project-details/epasd-consulting-for-design-of-cip-1-1-1-2-city-of-east-palo-alto/r/recZz6f3z8sKgx3eU,2026-05-05T17:01:39-07:00,149,no,,recently_closed,no
reca1C7oWes5qJBda,Los Medanos Recovery Center,Contra Costa County,Contra Costa,Pittsburg ,Closed,construction; professional services,los-medanos-recovery-center-contra-costa-county,47,yes,results,construction,https://www.bidthebay.com/construction-project-details/los-medanos-recovery-center-contra-costa-county/r/reca1C7oWes5qJBda,2026-07-27T02:01:27-07:00,987,no,,multi_category_provisional_construction,yes
reca5lQ3GvcaOkVhe,Newhall Park Water Quality Project,City of Concord,Contra Costa,Concord,Closed,construction,newhall-park-water-quality-project-city-of-concord,50,yes,results,construction,https://www.bidthebay.com/construction-project-details/newhall-park-water-quality-project-city-of-concord/r/reca5lQ3GvcaOkVhe,2026-05-11T06:25:46-07:00,813,yes,,award_results,no
reca64HoaPC7AYyzU,Annual Asphalt Concrete Street Overlay Program Phase 2,City of Newark,Alameda,Newark ,Closed,construction,annual-asphalt-concrete-street-overlay-program-phase-2-city-of-newark,69,yes,results,construction,https://www.bidthebay.com/construction-project-details/annual-asphalt-concrete-street-overlay-program-phase-2-city-of-newark/r/reca64HoaPC7AYyzU,2026-06-09T04:57:17-07:00,824,yes,,award_results,no
reca6G3qm0PNqwR4A,Loop Detector Replacement in Alameda County,California Department of Transportation (Caltrans),Alameda,Oakland,Closed,construction,loop-detector-replacement-in-alameda-county-california-department-of-transportation,83,yes,results,construction,https://www.bidthebay.com/construction-project-details/loop-detector-replacement-in-alameda-county-california-department-of-transportation/r/reca6G3qm0PNqwR4A,2026-09-07T15:50:31-07:00,36,no,,recently_closed,no
reca6ZxfsIKyBpVgy,Large Trash Capture Device Installation Phase VII - Blossom Hill Rd,City of San Jose,Santa Clara,San Jose,Closed,construction,large-trash-capture-device-installation-phase-vii-blossom-hill-rd-city-of-san-jose,82,yes,results,construction,https://www.bidthebay.com/construction-project-details/large-trash-capture-device-installation-phase-vii-blossom-hill-rd-city-of-san-jose/r/reca6ZxfsIKyBpVgy,2026-04-23T17:12:02-07:00,386,no,,recently_closed,no
reca6fHGDoYxIYeZO,Valley of the Moon Playground Structure Project,County of Sonoma,Sonoma,Santa Rosa,Closed,construction,valley-of-the-moon-playground-structure-project-county-of-sonoma,64,yes,results,construction,https://www.bidthebay.com/construction-project-details/valley-of-the-moon-playground-structure-project-county-of-sonoma/r/reca6fHGDoYxIYeZO,2026-05-04T17:13:28-07:00,150,no,,recently_closed,no
reca71qoO0bb9zMs5,Destratification Fan Installation,California Military Department,Contra Costa,Concord,Closed,construction,destratification-fan-installation-california-military-department,64,no,,,,2026-04-11T10:48:08-07:00,275,no,,closed_stale_no_results,no
recaAbm8nTMPviCGw,Westborough Preschool - New Building,City of South San Francisco,San Francisco,South San Francisco,Closed,construction,westborough-preschool-new-building-city-of-south-san-francisco,62,no,,,,2026-04-02T10:50:50-07:00,1308,no,,closed_stale_no_results,no
recaBzlsVVtnTqJhU,Design-Build Entity (DBE) Services for Petaluma Public Safety Facility (Police/Fire/EOC)  ,City of Petaluma,Sonoma,Petaluma,Closed,construction; professional services,design-build-entity-dbe-services-for-petaluma-public-safety-facility-police-fire-eoc-city-of-petaluma,101,yes,results,construction,https://www.bidthebay.com/construction-project-details/design-build-entity-dbe-services-for-petaluma-public-safety-facility-police-fire-eoc-city-of-petaluma/r/recaBzlsVVtnTqJhU,2026-05-29T06:06:06-07:00,1455,yes,,multi_category_provisional_construction,yes
recaChpdQJZi23Pvt,Alta Vista Alley Storm Drain Improvements Project,Town of Woodside ,San Mateo,Woodside,Closed,construction,alta-vista-alley-storm-drain-improvements-project-town-of-woodside,66,yes,results,construction,https://www.bidthebay.com/construction-project-details/alta-vista-alley-storm-drain-improvements-project-town-of-woodside/r/recaChpdQJZi23Pvt,2026-09-02T09:30:08-07:00,227,yes,,award_results,no
recaDZjXbR61orP1p,Bascom Ave Queue Cutter Signal - Rebid,City of San Jose,Santa Clara,San Jose,Closed,construction,bascom-ave-queue-cutter-signal-rebid-city-of-san-jose,53,yes,results,construction,https://www.bidthebay.com/construction-project-details/bascom-ave-queue-cutter-signal-rebid-city-of-san-jose/r/recaDZjXbR61orP1p,2026-07-17T00:02:37-07:00,362,no,,recently_closed,no
recaE7oYEsShe7xVi,2026 Major Streets Resurfacing #1,City of San Jose,Santa Clara,San Jose,Closed,construction,2026-major-streets-resurfacing-1-city-of-san-jose,49,no,,,,2026-03-25T07:51:33-07:00,134,no,,closed_stale_no_results,no
recaEGuWPFLXISxmn,Oceanside Water Pollution Control Plant 930 Administration and Lab Structure Health and Safety Improvements,San Francisco Public Utilities Commission,San Francisco,San Francisco,Closed,construction,oceanside-water-pollution-control-plant-930-administration-and-lab-structure-health-and-safety-improvements-san-francisco-public-utilities-commission,149,no,,,,2026-06-27T20:31:44-07:00,431,no,,closed_stale_no_results,no
recaEqEdbReNqmy2d,On-Call Plan Review and Inspection Services,City of Healdsburg,Sonoma,Healdsburg,Closed,professional services,on-call-plan-review-and-inspection-services-city-of-healdsburg,62,yes,results,professional services,https://www.bidthebay.com/professional-services-project-details/on-call-plan-review-and-inspection-services-city-of-healdsburg/r/recaEqEdbReNqmy2d,2026-07-23T00:01:49-07:00,214,no,,recently_closed,no
recaFPHWz3YPaQWeM,Power Generation System Master Plan Project,East Bay Municipal Utility District,Alameda,Oakland,Open,professional services,power-generation-system-master-plan-project-oakland,51,yes,open,professional services,https://www.bidthebay.com/professional-services-project-details/power-generation-system-master-plan-project-oakland/r/recaFPHWz3YPaQWeM,2026-09-09T22:13:40-07:00,778,no,,open_solicitation,no
recaJuaysodc4jIDF,2026 Surface Seal Project,City of El Cerrito,Contra Costa,El Cerrito,Closed,construction,2026-surface-seal-project-city-of-el-cerrito,44,yes,results,construction,https://www.bidthebay.com/construction-project-details/2026-surface-seal-project-city-of-el-cerrito/r/recaJuaysodc4jIDF,2026-04-30T17:08:17-07:00,589,no,,recently_closed,no
recaNVs5eHRQtiCAN,WQCP Clarifier Concrete Repairs,City of South San Francisco,San Mateo,South San Francisco,Closed,construction,wqcp-clarifier-concrete-repairs-city-of-south-san-francisco,59,yes,results,construction,https://www.bidthebay.com/construction-project-details/wqcp-clarifier-concrete-repairs-city-of-south-san-francisco/r/recaNVs5eHRQtiCAN,2026-08-09T21:24:23-07:00,513,yes,,award_results,no
recaNxQTVEhRG5sfC,Caledonia Restriping Project,City of Sausalito,Marin,Sausalito,Open,construction,caledonia-restriping-project-city-of-sausalito,46,yes,open,construction,https://www.bidthebay.com/construction-project-details/caledonia-restriping-project-city-of-sausalito/r/recaNxQTVEhRG5sfC,2026-09-05T09:12:45-07:00,836,no,,open_solicitation,no
recaO970JqsLsfk7g,"Renewal of Fort Point Restrooms, GOGA",National Park Service,San Francisco,San Francisco,Closed,construction,renewal-of-fort-point-restrooms-goga-national-park-service,58,no,,,,2026-04-11T10:49:50-07:00,1039,no,,closed_stale_no_results,no
recaPQ5E9FRJFTlZQ,Regional Water Supply Engineering and Related Services  ,Sonoma Water (Sonoma County Water Agency),Sonoma,Various ,Closed,professional services,regional-water-supply-engineering-and-related-services-sonoma-water,67,yes,results,professional services,https://www.bidthebay.com/professional-services-project-details/regional-water-supply-engineering-and-related-services-sonoma-water/r/recaPQ5E9FRJFTlZQ,2026-09-07T11:37:33-07:00,581,no,,recently_closed,no
recaQk2hG4nDPw6tR,Permit-Ready Prototype ADU Plans,Town of Moraga,Contra Costa,Moraga,Closed,professional services,permit-ready-prototype-adu-plans-town-of-moraga,47,yes,results,professional services,https://www.bidthebay.com/professional-services-project-details/permit-ready-prototype-adu-plans-town-of-moraga/r/recaQk2hG4nDPw6tR,2026-05-30T00:03:35-07:00,928,no,,recently_closed,no
recaT2hX47RbyJZJ1,Countywide Guardrail Upgrades Phase II Project,Contra Costa County,Contra Costa,Various Cities,Closed,construction,countywide-guardrail-upgrades-phase-ii-project-contra-costa-county,66,yes,results,construction,https://www.bidthebay.com/construction-project-details/countywide-guardrail-upgrades-phase-ii-project-contra-costa-county/r/recaT2hX47RbyJZJ1,2026-09-10T08:56:32-07:00,579,yes,,award_results,no
recaUoG5UAq7Grbhz,Building Automation System Standardization,San Francisco Unified School District,San Francisco,San Francisco,Closed,professional services,building-automation-system-standardization-san-francisco-unified-school-district,80,yes,results,professional services,https://www.bidthebay.com/professional-services-project-details/building-automation-system-standardization-san-francisco-unified-school-district/r/recaUoG5UAq7Grbhz,2026-07-15T00:02:38-07:00,494,no,,recently_closed,no
recaXQa1dEqEpP6dh,UCB Bancroft Student Housing Building BP #13.2 - Material Hoist,UC Berkeley,Alameda,Berkeley,Closed,construction,ucb-bancroft-student-housing-building-bp-13-2-material-hoist-uc-berkeley,72,yes,results,construction,https://www.bidthebay.com/construction-project-details/ucb-bancroft-student-housing-building-bp-13-2-material-hoist-uc-berkeley/r/recaXQa1dEqEpP6dh,2026-06-01T04:05:22-07:00,734,yes,,award_results,no
recaYYkYde1R2Ovh9,2025-26 Pavement Rehabilitation and Drainage Improvement Project,Town of Los Altos Hills,Santa Clara,Los Altos Hills,Closed,construction,2025-26-pavement-rehabilitation-and-drainage-improvement-project-town-of-los-altos-hills,88,no,,,,2026-03-24T07:51:31-07:00,199,no,,closed_stale_no_results,no
recaYmWIb2MV73snA,Shoreway Environmental Center Concrete Pad and Side Yard Developments Project,South Bayside Waste Management Authority (RethinkWaste),San Mateo,San Carlos,Closed,professional services,shoreway-environmental-center-concrete-pad-and-side-yard-developments-project-south-bayside-waste-management-authority-rethinkwaste,131,yes,results,professional services,https://www.bidthebay.com/professional-services-project-details/shoreway-environmental-center-concrete-pad-and-side-yard-developments-project-south-bayside-waste-management-authority-rethinkwaste/r/recaYmWIb2MV73snA,2026-04-22T06:49:46-07:00,982,yes,,award_results,no
recaZC2992rfci2fB,Moffitt/Long Hospital Automatic Transfer Switch (ATS) 1EA Replacement,University of California San Francisco,San Francisco,San Francisco,Closed,construction,moffitt-long-hospital-automatic-transfer-switch-ats-1ea-replacement-university-of-california-san-francisco,106,yes,results,construction,https://www.bidthebay.com/construction-project-details/moffitt-long-hospital-automatic-transfer-switch-ats-1ea-replacement-university-of-california-san-francisco/r/recaZC2992rfci2fB,2026-07-15T03:54:27-07:00,263,yes,,award_results,no
recaaKppUTA9nIkio,Bridge Deck Resurfacing,San Francisco International Airport,San Mateo,San Francisco,Closed,construction,bridge-deck-resurfacing-san-francisco-international-airport-sfo,63,yes,results,construction,https://www.bidthebay.com/construction-project-details/bridge-deck-resurfacing-san-francisco-international-airport-sfo/r/recaaKppUTA9nIkio,2026-09-07T15:50:31-07:00,544,no,,recently_closed,no
recac6MwUT8CZlE4y,Fulton Road Sewer Main Improvements West 3rd St to Santa Rosa Creek,City of Santa Rosa,Sonoma,Santa Rosa,Closed,construction,fulton-road-sewer-main-improvements-west-3rd-st-to-santa-rosa-creek-city-of-santa-rosa,86,yes,results,construction,https://www.bidthebay.com/construction-project-details/fulton-road-sewer-main-improvements-west-3rd-st-to-santa-rosa-creek-city-of-santa-rosa/r/recac6MwUT8CZlE4y,2026-04-28T17:07:24-07:00,715,no,,recently_closed,no
recacp2HZnEojbBuX,Architectural Services,Alameda County Office of Education,Alameda,Alameda ,Closed,professional services,architectural-services-alameda-county-office-of-education,57,yes,results,professional services,https://www.bidthebay.com/professional-services-project-details/architectural-services-alameda-county-office-of-education/r/recacp2HZnEojbBuX,2026-06-24T00:05:42-07:00,154,no,,recently_closed,no
recadXen7uxxEt1MI,HVAC Install and Repairs,Sequoia Union High School District,San Mateo,"Various locations including Redwood City, Belmont, San Carlos, Woodside",Closed,construction,hvac-install-and-repairs-sequoia-union-high-school-district,59,yes,results,construction,https://www.bidthebay.com/construction-project-details/hvac-install-and-repairs-sequoia-union-high-school-district/r/recadXen7uxxEt1MI,2026-07-08T21:41:41-07:00,729,no,,recently_closed,no
recaetGpSNYnMqM9M,Maintenance of Rohnert Park's Electrified Traffic Control Devices,City of Rohnert Park,Sonoma,Rohnert Park,Closed,professional services,maintenance-of-rohnert-park-s-electrified-traffic-control-devices-city-of-rohnert-park,86,no,,,,2026-03-24T08:38:10-07:00,317,no,,closed_stale_no_results,no
recaf0hcHsngwQUW6,2026 Crack Seal and Slurry Seal Project,Town of Atherton,San Mateo,Atherton,Closed,construction,2026-crack-seal-and-slurry-seal-project-town-of-atherton,56,yes,results,construction,https://www.bidthebay.com/construction-project-details/2026-crack-seal-and-slurry-seal-project-town-of-atherton/r/recaf0hcHsngwQUW6,2026-06-26T00:00:41-07:00,283,no,,recently_closed,no
recagskA4Hp5GTbTg,Foothill Field Office Annex Foundation Repair Project,Midpeninsula Regional Open Space District,Santa Clara,Los Altos,Closed,construction,foothill-field-office-annex-foundation-repair-project-midpeninsula-regional-open-space-district,95,no,,,,2026-04-11T10:46:34-07:00,0,no,No description at all,closed_stale_no_results,no
recah0XplT8NeaXkN,Demuth Property Test Well,Sonoma Water (Sonoma County Water Agency),Sonoma,Forestville,Closed,construction,demuth-property-test-well-sonoma-water,38,yes,results,construction,https://www.bidthebay.com/construction-project-details/demuth-property-test-well-sonoma-water/r/recah0XplT8NeaXkN,2026-09-07T11:37:33-07:00,414,yes,,award_results,no
recahwH0Yo1NHH0i5,Crossroads Plaza - Rebid,City of Orinda,Contra Costa,Orinda,Closed,construction,crossroads-plaza-rebid-city-of-orinda,37,yes,results,construction,https://www.bidthebay.com/construction-project-details/crossroads-plaza-rebid-city-of-orinda/r/recahwH0Yo1NHH0i5,2026-04-08T04:05:01-07:00,418,yes,,award_results,no
recaiyiASLDBKEM5Y,Napa County Animal Shelter Phased Expansion Feasibility / Design,County of Napa,Napa,Napa,Open,professional services,napa-county-animal-shelter-phased-expansion-feasibility-design-county-of-napa,77,yes,open,professional services,https://www.bidthebay.com/professional-services-project-details/napa-county-animal-shelter-phased-expansion-feasibility-design-county-of-napa/r/recaiyiASLDBKEM5Y,2026-08-21T06:49:43-07:00,1956,no,,open_solicitation,no
recakbwjsHGCjeE0X,Replace Vehicle Exhaust Extraction System,California Department of Transportation (Caltrans),Alameda,San Leandro,Closed,construction,replace-vehicle-exhaust-extraction-system-california-department-of-transportation,81,yes,results,construction,https://www.bidthebay.com/construction-project-details/replace-vehicle-exhaust-extraction-system-california-department-of-transportation/r/recakbwjsHGCjeE0X,2026-09-07T15:50:31-07:00,380,yes,,award_results,no
recaksketU8Zke9Qy,Tassajara Widening Project,City of Dublin,Alameda,Dublin,Closed,construction,tassajara-widening-project-city-of-dublin,41,yes,results,construction,https://www.bidthebay.com/construction-project-details/tassajara-widening-project-city-of-dublin/r/recaksketU8Zke9Qy,2026-06-27T20:59:07-07:00,1644,yes,,award_results,no
recapfBYz4LijWC66,Roof Replacement in Alameda County,California Department of Transportation (Caltrans),Alameda,Alameda County,Closed,construction,roof-replacement-in-alameda-county-cal-trans-district-4,55,no,,,,2026-09-11T00:01:01-07:00,508,no,,closed_stale_no_results,no
recaqJF3g8xX7dbUJ,Asset Protection - Landscaping,Solano County,Solano,Fairfield,Closed,construction,asset-protection-landscaping-solano-county,42,yes,results,construction,https://www.bidthebay.com/construction-project-details/asset-protection-landscaping-solano-county/r/recaqJF3g8xX7dbUJ,2026-04-22T09:08:22-07:00,729,yes,,award_results,no
recayUXEf6KFWiuKf,Leigh High School Building E and F Roof Replacement,Campbell Union High School District,Santa Clara,San Jose,Closed,construction,leigh-high-school-building-e-and-f-roof-replacement-campbell-union-high-school-district,87,yes,results,construction,https://www.bidthebay.com/construction-project-details/leigh-high-school-building-e-and-f-roof-replacement-campbell-union-high-school-district/r/recayUXEf6KFWiuKf,2026-09-09T20:10:15-07:00,529,yes,,award_results,no
recayreHwuQR2MmKz,Linscheid Drive Traffic Calming Project ,Town of Discovery Bay,Contra Costa,Pittsburg,Closed,construction,linscheid-drive-traffic-calming-project-town-of-discovery-bay,61,yes,results,construction,https://www.bidthebay.com/construction-project-details/linscheid-drive-traffic-calming-project-town-of-discovery-bay/r/recayreHwuQR2MmKz,2026-08-07T11:54:12-07:00,614,yes,,award_results,no
recb3K5mpVT99zAns,Griffin – Bechet Synthetic Turf Field Project,Redwood City,San Mateo,Redwood City,Closed,construction,griffin-bechet-synthetic-turf-field-project-city-of-redwood-city,64,yes,results,construction,https://www.bidthebay.com/construction-project-details/griffin-bechet-synthetic-turf-field-project-city-of-redwood-city/r/recb3K5mpVT99zAns,2026-09-07T11:37:33-07:00,541,yes,,award_results,no
recb3nPDj3sXgB8Us,Architectural & Engineering Design Services,County of Sonoma,Sonoma,Santa Rosa,Closed,professional services,architectural-engineering-design-services-county-of-sonoma,58,no,,,,2026-04-11T10:47:04-07:00,688,no,,closed_stale_no_results,no
recb49PJp66vydBtL,Place Polyester Concrete Overlay,California Department of Transportation (Caltrans),Santa Clara,San Jose / Milpitas,Closed,construction,place-polyester-concrete-overlay-california-department-of-transportation,72,yes,results,construction,https://www.bidthebay.com/construction-project-details/place-polyester-concrete-overlay-california-department-of-transportation/r/recb49PJp66vydBtL,2026-09-07T15:50:31-07:00,0,no,No description at all,recently_closed,no
recb75GCfqxXFdy1Q,Lagoon Pump Station Seismic Rehabilitation & Capacity Enhancement,City of Foster City,San Mateo,Foster City,Closed,construction,lagoon-pump-station-seismic-rehabilitation-capacity-enhancement-city-of-foster-city,83,yes,results,construction,https://www.bidthebay.com/construction-project-details/lagoon-pump-station-seismic-rehabilitation-capacity-enhancement-city-of-foster-city/r/recb75GCfqxXFdy1Q,2026-07-09T05:34:08-07:00,1513,no,,recently_closed,no
recbAgZAOE1qo9w9j,Deer Park Region Paving Project,County of Napa,Napa,Napa County,Closed,construction,deer-park-region-paving-project-county-of-napa,46,yes,results,construction,https://www.bidthebay.com/construction-project-details/deer-park-region-paving-project-county-of-napa/r/recbAgZAOE1qo9w9j,2026-07-28T10:31:34-07:00,445,yes,,award_results,no
recbCTB3woLD6hPBA,UCSF Health Helen Diller Hospital – Epoxy Flooring,University of California San Francisco,San Francisco,San Francisco,Closed,construction,ucsf-health-helen-diller-hospital-epoxy-flooring-university-of-california-san-francisco,87,yes,results,construction,https://www.bidthebay.com/construction-project-details/ucsf-health-helen-diller-hospital-epoxy-flooring-university-of-california-san-francisco/r/recbCTB3woLD6hPBA,2026-08-04T04:11:18-07:00,1214,yes,,award_results,no
recbEIzKSky47a53S,2nd & El Camino Real Garage Traffic Coating,City of San Mateo,San Mateo,San Mateo,Closed,construction,2nd-el-camino-real-garage-traffic-coating-city-of-san-mateo,59,yes,results,construction,https://www.bidthebay.com/construction-project-details/2nd-el-camino-real-garage-traffic-coating-city-of-san-mateo/r/recbEIzKSky47a53S,2026-08-11T08:15:38-07:00,128,no,,recently_closed,no
recbF8RcvqEo172Tk,Hyde Middle School - Roof Replacement,Cupertino Union School District,Santa Clara,Cupertino,Closed,construction,hyde-middle-school-roof-replacement-cupertino-union-school-district,67,no,,,,2026-03-30T11:06:46-07:00,227,no,,closed_stale_no_results,no
recbGJ3Xg4SRLs9B8,Culvert Replacement in San Mateo County,California Department of Transportation (Caltrans),San Mateo,San Mateo,Closed,construction,culvert-replacement-in-san-mateo-county-cal-trans-district-4,60,no,,,,2026-09-07T15:49:52-07:00,597,no,,closed_stale_no_results,no
recbJGR7uMS9zk9pk,Mitchell Park Library Wall Repair,City of Palo Alto,Santa Clara,Palo Alto,Closed,construction,mitchell-park-library-wall-repair-city-of-palo-alto,51,no,,,,2026-04-30T07:25:42-07:00,548,no,,closed_stale_no_results,no
recbJKhVvhqtnsQai,Tennis Court Lighting Retrofit at Las Palmas Tennis Center,City of Sunnyvale,Santa Clara,Sunnyvale,Closed,construction,tennis-court-lighting-retrofit-at-las-palmas-tennis-center-city-of-sunnyvale,76,yes,results,construction,https://www.bidthebay.com/construction-project-details/tennis-court-lighting-retrofit-at-las-palmas-tennis-center-city-of-sunnyvale/r/recbJKhVvhqtnsQai,2026-07-29T00:01:45-07:00,2376,no,,recently_closed,no
recbJhUnzMPBItjg4,UCSF Helen Diller Hospital at Parnassus Heights – Priority Painting,University of California San Francisco,San Francisco,San Francisco,Closed,construction,ucsf-helen-diller-hospital-at-parnassus-heights-priority-painting-university-of-california-san-francisco,104,yes,results,construction,https://www.bidthebay.com/construction-project-details/ucsf-helen-diller-hospital-at-parnassus-heights-priority-painting-university-of-california-san-francisco/r/recbJhUnzMPBItjg4,2026-04-24T17:03:28-07:00,412,no,,recently_closed,no
recbKSvSzKugMMKsC,HVAC Maintenance and Repairs,Central Contra Costa Sanitary District,Contra Costa,Martinez,Closed,construction,hvac-maintenance-and-repairs-central-contra-costa-sanitary-district,67,yes,results,construction,https://www.bidthebay.com/construction-project-details/hvac-maintenance-and-repairs-central-contra-costa-sanitary-district/r/recbKSvSzKugMMKsC,2026-07-30T00:01:53-07:00,176,no,,recently_closed,no
recbM1PxTizcjIE93,New TK Classrooms - Monte Verde ES & Junipero Serra ES,South San Francisco Unified School District,San Mateo,San Bruno / Daly City,Closed,construction,new-tk-classrooms-monte-verde-es-junipero-serra-es-south-san-francisco-unified-school-district,94,no,,,,2026-04-23T13:12:25-07:00,1387,no,,closed_stale_no_results,no
recbMrsZ2Xhatou7p,Linscheid Drive Traffic Calming Phase II Project and 2026/27 CDBG ADA Curb Ramp Installation Project ,City of Pittsburg,Contra Costa,Pittsburg,Closed,construction,linscheid-drive-traffic-calming-phase-ii-project-and-2026-27-cdbg-ada-curb-ramp-installation-project-city-of-pittsburg,118,yes,results,construction,https://www.bidthebay.com/construction-project-details/linscheid-drive-traffic-calming-phase-ii-project-and-2026-27-cdbg-ada-curb-ramp-installation-project-city-of-pittsburg/r/recbMrsZ2Xhatou7p,2026-09-01T08:50:46-07:00,761,yes,,award_results,no
recbNTbAH6vu8BRgv,Wildlife Improvements in Santa Clara County,California Department of Transportation (Caltrans),Santa Clara,Santa Clara,Closed,construction,wildlife-improvements-in-santa-clara-county-california-department-of-transportation,83,yes,results,construction,https://www.bidthebay.com/construction-project-details/wildlife-improvements-in-santa-clara-county-california-department-of-transportation/r/recbNTbAH6vu8BRgv,2026-09-07T15:50:31-07:00,67,no,,recently_closed,no
recbO2iOI8j4pqBQA,Coyote Valley Open Space Preserve Public Access Improvement Project,Santa Clara Valley Open Space Authority,Santa Clara,Morgan Hill,Closed,construction,coyote-valley-open-space-preserve-public-access-improvement-project-santa-clara-valley-open-space-authority,107,yes,results,construction,https://www.bidthebay.com/construction-project-details/coyote-valley-open-space-preserve-public-access-improvement-project-santa-clara-valley-open-space-authority/r/recbO2iOI8j4pqBQA,2026-04-11T10:49:20-07:00,242,no,,recently_closed,no
recbQGXa9meIDbior,Marsh Elementary School Upper Playground Replacement & Refresh,Antioch Unified School District,Contra Costa,Antioch,Closed,construction,marsh-elementary-school-upper-playground-replacement-refresh-antioch-unified-school-district,92,yes,results,construction,https://www.bidthebay.com/construction-project-details/marsh-elementary-school-upper-playground-replacement-refresh-antioch-unified-school-district/r/recbQGXa9meIDbior,2026-09-11T00:02:06-07:00,188,no,,recently_closed,no
recbRPvBpP7mo3N0R,Concrete Work at Quad Arroyo High School  ,San Lorenzo Unified School District,Alameda,San Lorenzo,Closed,construction,concrete-work-at-quad-arroyo-high-school-san-lorenzo-unified-school-district,76,no,,,,2026-04-11T10:46:49-07:00,298,no,,closed_stale_no_results,no
recbRTQmoEgdIejdm,Hillcrest Elementary School - Water Outlets Remediation ,San Francisco Unified School District,San Francisco,San Francisco,Closed,construction,hillcrest-elementary-school-water-outlets-remediation-san-francisco-unified-school-district,91,yes,results,construction,https://www.bidthebay.com/construction-project-details/hillcrest-elementary-school-water-outlets-remediation-san-francisco-unified-school-district/r/recbRTQmoEgdIejdm,2026-04-23T17:12:20-07:00,0,no,No description at all,recently_closed,no
recbTv9OXE9znvhRf,"East 5th Street Affordable Housing Streetscape Improvements, East 4th and East L Street Frontage Improvements Project",City of Benicia,Solano,Benicia,Closed,construction,east-5th-street-affordable-housing-streetscape-improvements-east-4th-and-east-l-street-frontage-improvements-project-city-of-benicia,132,yes,results,construction,https://www.bidthebay.com/construction-project-details/east-5th-street-affordable-housing-streetscape-improvements-east-4th-and-east-l-street-frontage-improvements-project-city-of-benicia/r/recbTv9OXE9znvhRf,2026-06-26T00:00:50-07:00,624,no,,recently_closed,no
recbUCfxluUThgTjY,Wooden Streetlight Replacement Project,City of Novato,Marin,Novato,Closed,construction,wooden-streetlight-replacement-project-city-of-novato,53,yes,results,construction,https://www.bidthebay.com/construction-project-details/wooden-streetlight-replacement-project-city-of-novato/r/recbUCfxluUThgTjY,2026-08-26T10:05:56-07:00,829,yes,,award_results,no
recbVlHlKW0KEiuQL,Energy & Wastewater Infrastructure Modernization and Utility Savings Program,Sanitary District No. 5 of Marin County,Marin,Tiburon,Closed,professional services,energy-wastewater-infrastructure-modernization-and-utility-savings-program-sanitary-district-no-5-of-marin-county,113,yes,results,professional services,https://www.bidthebay.com/professional-services-project-details/energy-wastewater-infrastructure-modernization-and-utility-savings-program-sanitary-district-no-5-of-marin-county/r/recbVlHlKW0KEiuQL,2026-05-08T17:04:11-07:00,823,no,,recently_closed,no
recbXmb2pbldqzHpT,Design & Engineering Services for the Maintenance Support Facility Project,West County Wastewater District,Contra Costa,Richmond,Closed,professional services,design-engineering-services-for-the-maintenance-support-facility-project-west-county-wastewater-district,104,yes,results,professional services,https://www.bidthebay.com/professional-services-project-details/design-engineering-services-for-the-maintenance-support-facility-project-west-county-wastewater-district/r/recbXmb2pbldqzHpT,2026-04-28T17:07:28-07:00,1239,no,,recently_closed,no
recbYOqNFXg67pQzQ,Roll Up Doors Services,Sequoia Union High School District,San Mateo,"Various locations including Redwood City, Belmont, San Carlos, Woodside",Closed,construction,roll-up-doors-services-sequoia-union-high-school-district,57,yes,results,construction,https://www.bidthebay.com/construction-project-details/roll-up-doors-services-sequoia-union-high-school-district/r/recbYOqNFXg67pQzQ,2026-07-08T21:42:06-07:00,271,no,,recently_closed,no
recbYYTzy3wntMn66,Security Fencing – Millard McCollam Elementary School,Alum Rock Union School District,Santa Clara,San Jose,Closed,construction,security-fencing-millard-mccollam-elementary-school-alum-rock-union-school-district,83,yes,results,construction,https://www.bidthebay.com/construction-project-details/security-fencing-millard-mccollam-elementary-school-alum-rock-union-school-district/r/recbYYTzy3wntMn66,2026-04-19T21:40:55-07:00,120,yes,,award_results,no
recbYlpQOAAeuHnqs,Griffith Dry Weather Force Main Rehabilitation,San Francisco Public Utilities Commission,San Francisco,San Francisco,Closed,construction,griffith-dry-weather-force-main-rehabilitation-san-francisco-public-utilities-commission,88,yes,results,construction,https://www.bidthebay.com/construction-project-details/griffith-dry-weather-force-main-rehabilitation-san-francisco-public-utilities-commission/r/recbYlpQOAAeuHnqs,2026-09-11T00:01:59-07:00,228,no,,recently_closed,no
recbYtLVJwlG0j0Wz,On-Call Electrical and Control Systems Engineering Services,Santa Clara Valley Water District,Santa Clara,San Jose,Closed,professional services,on-call-electrical-and-control-systems-engineering-services-santa-clara-valley-water-district,93,no,,,,2026-03-30T10:14:41-07:00,670,no,,closed_stale_no_results,no
recbZ6w0nuX0gfT6Q,Concourse Electrical Pedestals Rehabilitation and Replacement,City of Petaluma,Sonoma,Petaluma,Closed,construction,concourse-electrical-pedestals-rehabilitation-and-replacement-city-of-petaluma,78,no,,,,2026-03-31T11:28:34-07:00,1830,no,,closed_stale_no_results,no
recbZAYyvCzNlE58M,Uncontrolled Crosswalk Enhancements Project,City of San Leandro,Alameda, San Leandro,Closed,professional services,uncontrolled-crosswalk-enhancements-project-city-of-san-leandro,63,yes,results,professional services,https://www.bidthebay.com/professional-services-project-details/uncontrolled-crosswalk-enhancements-project-city-of-san-leandro/r/recbZAYyvCzNlE58M,2026-04-22T17:08:00-07:00,234,no,,recently_closed,no
recbZb5zu4CYlYeTS,Pavement Management Program 2026 (Concrete),City of Brentwood,Contra Costa,Brentwood ,Closed,construction,pavement-management-program-2026-concrete-city-of-brentwood,59,yes,results,construction,https://www.bidthebay.com/construction-project-details/pavement-management-program-2026-concrete-city-of-brentwood/r/recbZb5zu4CYlYeTS,2026-03-24T08:58:05-07:00,359,yes,,award_results,no
recbZhQ8pc9KOYUrY,Hazardous Material Abatement Consulting Services at Various School Sites,Oakland Unified School District,Alameda,Oakland,Closed,professional services,hazardous-material-abatement-consulting-services-at-various-school-sites-oakland-unified-school-district,104,yes,results,professional services,https://www.bidthebay.com/professional-services-project-details/hazardous-material-abatement-consulting-services-at-various-school-sites-oakland-unified-school-district/r/recbZhQ8pc9KOYUrY,2026-04-30T17:08:20-07:00,217,no,,recently_closed,no
recbaozgtGKrjMiEL,Brighton Avenue Sewer Rehabilitation Project,City of Albany,Alameda,Albany,Closed,construction,brighton-avenue-sewer-rehabilitation-project-city-of-albany,59,no,,,,2026-04-11T10:49:20-07:00,692,no,,closed_stale_no_results,no
recben34hu1NiwpFi,Design-Build Services for the Parking Access and Revenue Control System (PARCS) Replacement Project,San Francisco International Airport,San Mateo,San Francisco,Closed,construction; professional services,design-build-services-for-the-parking-access-and-revenue-control-system-parcs-replacement-project-san-francisco-international-airport-sfo,137,no,,,,2026-09-07T10:43:39-07:00,333,no,,closed_stale_no_results,no
recbfEVVY6rcfsXtK,Professional Services to Complete the Project Approval and Environmental Document (PA&ED) Phase for the San Pablo Avenue Bus Lanes and Bike Lanes Project,Alameda County Transportation Commission,Alameda,Alameda County,Closed,professional services,professional-services-to-complete-the-project-approval-and-environmental-document-pa-ed-phase-for-the-san-pablo-avenue-bus-lanes-and-bike-lanes-project-alameda-county-transportation-commission,192,no,,,,2026-03-24T07:49:54-07:00,426,no,,closed_stale_no_results,no
recbgul5cl0ONxwhk," DW Roofing (OG Buildings C & G, SC Buildings H & I)",East Side Union High School District,Santa Clara,San Jose,Closed,construction,dw-roofing-og-buildings-c-g-sc-buildings-h-i-east-side-union-high-school-district,81,yes,results,construction,https://www.bidthebay.com/construction-project-details/dw-roofing-og-buildings-c-g-sc-buildings-h-i-east-side-union-high-school-district/r/recbgul5cl0ONxwhk,2026-04-22T22:58:36-07:00,364,yes,,award_results,no
recblUYqTv0ypDyjB,Bowditch MS Athletic Field & Basketball Courts,San Mateo-Foster City School District,San Mateo,Foster City,Closed,construction,bowditch-ms-athletic-field-basketball-courts-san-mateo-foster-city-school-district,82,yes,results,construction,https://www.bidthebay.com/construction-project-details/bowditch-ms-athletic-field-basketball-courts-san-mateo-foster-city-school-district/r/recblUYqTv0ypDyjB,2026-06-09T04:59:12-07:00,218,yes,,award_results,no
recboaAsB4df87nih,Runway 14-32 Repairs,County of Sonoma,Sonoma,Santa Rosa,Closed,construction,runway-14-32-repairs-county-of-sonoma,37,yes,results,construction,https://www.bidthebay.com/construction-project-details/runway-14-32-repairs-county-of-sonoma/r/recboaAsB4df87nih,2026-07-25T00:01:50-07:00,590,no,,recently_closed,no
recbpmhuOGnWMahnT,Walnut Creek Comprehensive Safety Action Plan,City of Walnut Creek,Contra Costa,Walnut Creek,Open,professional services,walnut-creek-comprehensive-safety-action-plan-city-of-walnut-creek,66,yes,open,professional services,https://www.bidthebay.com/professional-services-project-details/walnut-creek-comprehensive-safety-action-plan-city-of-walnut-creek/r/recbpmhuOGnWMahnT,2026-08-25T10:19:15-07:00,598,no,,open_solicitation,no
recbqbpEnPBdCLALG,Stonebrae Elementary School Playground Resurfacing Project,Hayward Unified School District,Alameda,Hayward,Closed,construction,stonebrae-elementary-school-playground-resurfacing-project-hayward-unified-school-district,90,no,,,,2026-03-31T11:32:25-07:00,324,no,,closed_stale_no_results,no
recbvvXu234e0dULF,Modernize Affordable Student Housing - McClellan Terrace Apartments, The California State University,Sonoma,Los Altos Hills,Closed,construction,modernize-affordable-student-housing-mcclellan-terrace-apartments-the-california-state-university,97,yes,results,construction,https://www.bidthebay.com/construction-project-details/modernize-affordable-student-housing-mcclellan-terrace-apartments-the-california-state-university/r/recbvvXu234e0dULF,2026-06-25T22:20:13-07:00,106,yes,,award_results,no
recbwOVJxmu5Ta6LU,Polyester Concrete Overlay and Replace Joint Seals,California Department of Transportation (Caltrans),San Mateo,South San Francisco / San Bruno,Closed,construction,polyester-concrete-overlay-and-replace-joint-seals-cal-trans-district-4,71,yes,results,construction,https://www.bidthebay.com/construction-project-details/polyester-concrete-overlay-and-replace-joint-seals-cal-trans-district-4/r/recbwOVJxmu5Ta6LU,2026-09-07T15:49:52-07:00,241,yes,,award_results,no
recbx3McCXyJX0N10,CRP FY25 VLSB 2050 GA Classroom Renovation,UC Berkeley ,Alameda,Berkeley,Closed,construction,crp-fy25-vlsb-2050-ga-classroom-renovation-uc-berkeley,54,yes,results,construction,https://www.bidthebay.com/construction-project-details/crp-fy25-vlsb-2050-ga-classroom-renovation-uc-berkeley/r/recbx3McCXyJX0N10,2026-04-30T02:30:34-07:00,1088,yes,,award_results,no
recbydNjyYxouACSg,Belle Haven Child Development Center Electrification Project,City of Menlo Park,San Mateo,Menlo Park,Closed,construction,belle-haven-child-development-center-electrification-project-city-of-menlo-park,79,yes,results,construction,https://www.bidthebay.com/construction-project-details/belle-haven-child-development-center-electrification-project-city-of-menlo-park/r/recbydNjyYxouACSg,2026-07-03T00:04:59-07:00,694,no,,recently_closed,no
recc016PvjC19Zlgg,Building 1600 VRF Replacement at Las Positas College ,Chabot Las Positas Community College District,Alameda,Livermore,Closed,construction,building-1600-vrf-replacement-at-las-positas-college-chabot-las-positas-community-college-district,98,yes,results,construction,https://www.bidthebay.com/construction-project-details/building-1600-vrf-replacement-at-las-positas-college-chabot-las-positas-community-college-district/r/recc016PvjC19Zlgg,2026-07-24T09:47:30-07:00,202,yes,,award_results,no
recc2zpczHSXLAtZp,4WD Backhoe and Mid-Size Wheel Loader,City and County of San Francisco,San Francisco,San Francisco,Closed,construction,4wd-backhoe-and-mid-size-wheel-loader-city-and-county-of-san-francisco,70,yes,results,construction,https://www.bidthebay.com/construction-project-details/4wd-backhoe-and-mid-size-wheel-loader-city-and-county-of-san-francisco/r/recc2zpczHSXLAtZp,2026-05-04T17:13:24-07:00,374,no,,recently_closed,no
recc79ctcjZO6CKts,Coal Creek Barn Re-Roofing Project,Midpeninsula Regional Open Space District,San Mateo,Redwood City,Closed,construction,coal-creek-barn-re-roofing-project-midpeninsula-regional-open-space-district,76,yes,results,construction,https://www.bidthebay.com/construction-project-details/coal-creek-barn-re-roofing-project-midpeninsula-regional-open-space-district/r/recc79ctcjZO6CKts,2026-08-13T00:01:46-07:00,387,no,,recently_closed,no
recc7awIF9rk0iLOB,Lake Curry Dam Maintenance Construction Services,City of Vallejo,Solano,Vallejo,Open,construction,lake-curry-dam-maintenance-construction-services-city-of-vallejo,64,yes,open,construction,https://www.bidthebay.com/construction-project-details/lake-curry-dam-maintenance-construction-services-city-of-vallejo/r/recc7awIF9rk0iLOB,2026-09-09T22:41:25-07:00,2847,no,,open_solicitation,no
recc9A1AmQ42BLLGq,Architectural and Engineering Design Services - 1500 Owens MR and CT Imaging Expansion,University of California San Francisco,San Francisco,San Francisco,Closed,professional services,architectural-and-engineering-design-services-1500-owens-mr-and-ct-imaging-expansion-university-of-california-san-francisco,123,yes,results,professional services,https://www.bidthebay.com/professional-services-project-details/architectural-and-engineering-design-services-1500-owens-mr-and-ct-imaging-expansion-university-of-california-san-francisco/r/recc9A1AmQ42BLLGq,2026-09-01T09:58:48-07:00,990,no,,recently_closed,no
recc9bB1rnTluh13j,Parrot Gardens Office – ADA Accessibility Renovations,Housing Authority of the City of Alameda,Alameda,Alameda,Closed,construction,parrot-gardens-office-ada-accessibility-renovations-housing-authority-of-the-city-of-alameda,92,yes,results,construction,https://www.bidthebay.com/construction-project-details/parrot-gardens-office-ada-accessibility-renovations-housing-authority-of-the-city-of-alameda/r/recc9bB1rnTluh13j,2026-05-04T20:56:42-07:00,932,no,,recently_closed,no
reccBDf1QgS9SOzh4,Renovate Sterile Processing for VAMC - San Francisco,California Department of Veterans Affairs (CalVet),San Francisco,San Francisco,Closed,construction,renovate-sterile-processing-for-vamc-san-francisco-department-of-veterans-affairs,81,yes,results,construction,https://www.bidthebay.com/construction-project-details/renovate-sterile-processing-for-vamc-san-francisco-department-of-veterans-affairs/r/reccBDf1QgS9SOzh4,2026-09-07T15:50:31-07:00,512,no,,recently_closed,no
reccCTF5tokkH2ooM,On-Call Services to Support Capital Improvement Projects,City of Petaluma,Sonoma,Petaluma ,Closed,professional services,on-call-services-to-support-capital-improvement-projects-city-of-petaluma,73,yes,results,professional services,https://www.bidthebay.com/professional-services-project-details/on-call-services-to-support-capital-improvement-projects-city-of-petaluma/r/reccCTF5tokkH2ooM,2026-07-01T00:09:24-07:00,794,no,,recently_closed,no
reccDHBeryhIwmeeZ,Building Envelope Performance Testing Services for the Evans Center Modernization & Voluntary Seismic Project,City College of San Francisco,San Francisco,San Francisco,Closed,professional services,building-envelope-performance-testing-services-for-the-evans-center-modernization-voluntary-seismic-project-city-college-of-san-francisco,137,no,,,,2026-04-15T05:24:39-07:00,1358,no,,closed_stale_no_results,no
reccDRSwS5huSZneZ,Fleet Outdoor Lift Station and Canopy Installation Services ,Santa Clara Valley Water District,Santa Clara,San Jose,Closed,construction,fleet-outdoor-lift-station-and-canopy-installation-services-santa-clara-valley-water-district,93,yes,results,construction,https://www.bidthebay.com/construction-project-details/fleet-outdoor-lift-station-and-canopy-installation-services-santa-clara-valley-water-district/r/reccDRSwS5huSZneZ,2026-05-29T06:48:18-07:00,696,no,,recently_closed,no
reccDW4Kuf5z0MNOL,Palo Alto Mobility Hub Plan, Santa Clara Valley Transportation Authority,Santa Clara,Palo Alto,Closed,professional services,palo-alto-mobility-hub-plan-santa-clara-valley-transportation-authority,71,yes,results,professional services,https://www.bidthebay.com/professional-services-project-details/palo-alto-mobility-hub-plan-santa-clara-valley-transportation-authority/r/reccDW4Kuf5z0MNOL,2026-07-18T00:02:37-07:00,501,no,,recently_closed,no
reccDjci6CvLMZyyA,"2026 Bicycle, Trails and Walkways Master Plan Update",City of Orinda,Contra Costa,Orinda ,Closed,professional services,2026-bicycle-trails-and-walkways-master-plan-update-city-of-orinda,66,no,,,,2026-03-30T09:22:54-07:00,161,no,,closed_stale_no_results,no
reccETACADBecogTF,Southern Marin Vehicle Charging Consortium (SMVCC) EV Charger Project,City of Mill Valley,Marin,Mill Valley / Southern Marin,Closed,professional services,southern-marin-vehicle-charging-consortium-smvcc-ev-charger-project-city-of-mill-valley,87,yes,results,professional services,https://www.bidthebay.com/professional-services-project-details/southern-marin-vehicle-charging-consortium-smvcc-ev-charger-project-city-of-mill-valley/r/reccETACADBecogTF,2026-07-03T00:05:03-07:00,1187,no,,recently_closed,no
reccGw3kFvL0LPlCS,Generator Services and Parts,Zone 7 Water Agency ,Alameda,Pleasanton and Livermore,Closed,construction,generator-services-and-parts-zone-7-water-agency,48,no,,,,2026-03-30T10:02:02-07:00,119,no,,closed_stale_no_results,no
reccJnmC9PHqAPC80,"Park Improvement Projects (Pathways, Sports Courts, Amenities)",City of Napa,Napa,Napa ,Closed,construction,park-improvement-projects-pathways-sports-courts-amenities-city-of-napa,71,yes,results,construction,https://www.bidthebay.com/construction-project-details/park-improvement-projects-pathways-sports-courts-amenities-city-of-napa/r/reccJnmC9PHqAPC80,2026-08-11T07:49:21-07:00,203,yes,,award_results,no
reccLAjrAsChF60cH,On-Call Hardscape Installation and Repair for PRW,City of Berkeley,Alameda,Berkeley,Closed,construction,on-call-hardscape-installation-and-repair-for-prw-city-of-berkeley,66,no,,,,2026-03-24T09:08:54-07:00,222,no,,closed_stale_no_results,no
reccMM546xFeduhGn,Belshaw Elementary School – Re-Roofing Project,Antioch Unified School District,Contra Costa,Antioch,Closed,construction,belshaw-elementary-school-re-roofing-project-antioch-unified-school-district,76,yes,results,construction,https://www.bidthebay.com/construction-project-details/belshaw-elementary-school-re-roofing-project-antioch-unified-school-district/r/reccMM546xFeduhGn,2026-05-13T09:51:58-07:00,700,yes,,award_results,no
reccPFjrsoGncCr6X,Pinole Valley Park Soccer Field Rehabilitation,City of Pinole,Contra Costa,Pinole ,Closed,construction,pinole-valley-park-soccer-field-rehabilitation-city-of-pinole,61,yes,results,construction,https://www.bidthebay.com/construction-project-details/pinole-valley-park-soccer-field-rehabilitation-city-of-pinole/r/reccPFjrsoGncCr6X,2026-07-21T06:01:24-07:00,52,yes,,award_results,no
reccPwOYr1kzkvDy1,Boys & Girls Club Flooring Project,St. Helena Unified School District ,Napa,St. Helena,Closed,construction,boys-girls-club-flooring-project-st-helena-unified-school-district,66,yes,results,construction,https://www.bidthebay.com/construction-project-details/boys-girls-club-flooring-project-st-helena-unified-school-district/r/reccPwOYr1kzkvDy1,2026-09-05T22:23:09-07:00,181,yes,,award_results,no
reccQ8760NpJTVG6K,Upgrade Controller Cabinets in Contra Costa County,California Department of Transportation (Caltrans),Contra Costa,Contra Costa  ,Closed,construction,upgrade-controller-cabinets-in-contra-costa-county-cal-trans-district-4,71,yes,results,construction,https://www.bidthebay.com/construction-project-details/upgrade-controller-cabinets-in-contra-costa-county-cal-trans-district-4/r/reccQ8760NpJTVG6K,2026-09-07T15:49:52-07:00,202,no,,recently_closed,no
reccTU3HzbIWpuhH6,Pavement Preservation Program – Full Depth Recycling & Overlays,County of Sonoma,Sonoma,Sonoma County,Closed,construction,pavement-preservation-program-full-depth-recycling-overlays-county-of-sonoma,76,no,,,,2026-04-14T17:02:29-07:00,261,no,,closed_stale_no_results,no
reccUO74OQbMcb11o,Marina Seawall,City and County of San Francisco,San Francisco,San Francisco,Open,construction,marina-seawall-city-and-county-of-san-francisco,47,yes,open,construction,https://www.bidthebay.com/construction-project-details/marina-seawall-city-and-county-of-san-francisco/r/reccUO74OQbMcb11o,2026-02-18T08:10:16-08:00,79,no,,open_solicitation,no
reccVjXqda1B6cpDv,Lower Sproul Vehicle and Pedestrian Gate Installations,UC Berkeley,Alameda,Berkeley,Closed,construction,lower-sproul-vehicle-and-pedestrian-gate-installations-uc-berkeley,66,yes,results,construction,https://www.bidthebay.com/construction-project-details/lower-sproul-vehicle-and-pedestrian-gate-installations-uc-berkeley/r/reccVjXqda1B6cpDv,2026-07-25T23:26:28-07:00,130,yes,,award_results,no
reccVv2C51K2aZ6IB,Storm Drainage System Rehabilitation and Replacement Project at Alester Avenue and Various Locations,City of Palo Alto,Santa Clara,Palo Alto,Closed,construction,storm-drainage-system-rehabilitation-and-replacement-project-at-alester-avenue-and-various-locations-city-of-palo-alto,118,no,,,,2026-04-11T10:49:20-07:00,650,no,,closed_stale_no_results,no
reccZb31CZmRfOwyl,Pavement Management Implementation Year 1,East Bay Municipal Utility District,Alameda,Oakland,Closed,construction,pavement-management-implementation-year-1-east-bay-municipal-utility-district,77,no,,,,2026-04-11T10:47:05-07:00,261,no,,closed_stale_no_results,no
reccaPHi15eBYdP6K,Sunnyvale Avenue/California Avenue Traffic Signal,City of Sunnyvale,Santa Clara,Sunnyvale,Closed,construction,sunnyvale-avenue-california-avenue-traffic-signal-city-of-sunnyvale,67,no,,,,2026-04-11T10:49:50-07:00,622,no,,closed_stale_no_results,no
recce7Pw8HcjF5EiI,Canceled: Master Agreement for Owner's Advisor Services for the City Hall Water Intrusion Repair Project,City of San Jose,Santa Clara,San Jose,Closed,professional services,canceled-master-agreement-for-owner-s-advisor-services-for-the-city-hall-water-intrusion-repair-project-city-of-san-jose,120,yes,results,professional services,https://www.bidthebay.com/professional-services-project-details/canceled-master-agreement-for-owner-s-advisor-services-for-the-city-hall-water-intrusion-repair-project-city-of-san-jose/r/recce7Pw8HcjF5EiI,2026-07-31T10:37:10-07:00,685,no,,recently_closed,no
recceHjztC0sAGMeZ,South CPA Repairs MLBE,City and County of San Francisco,San Francisco,San Francisco,Closed,construction,south-cpa-repairs-mlbe-city-and-county-of-san-francisco,55,yes,results,construction,https://www.bidthebay.com/construction-project-details/south-cpa-repairs-mlbe-city-and-county-of-san-francisco/r/recceHjztC0sAGMeZ,2026-07-09T00:02:32-07:00,258,no,,recently_closed,no
reccepzBehsd9Jv7K,Citywide Surface Treatment Package 4A-2 Project,City of San Mateo,San Mateo,San Mateo,Closed,construction,citywide-surface-treatment-package-4a-2-project-city-of-san-mateo,65,yes,results,construction,https://www.bidthebay.com/construction-project-details/citywide-surface-treatment-package-4a-2-project-city-of-san-mateo/r/reccepzBehsd9Jv7K,2026-07-10T04:09:47-07:00,294,no,,recently_closed,no
recchzwXyt7jgFv5F,Chaboya Yard Zero-Emission Bus (ZEB) Charging Infrastructure Project,Santa Clara Valley Transportation Authority,Santa Clara,San Jose,Open,construction; professional services,chaboya-yard-zero-emission-bus-zeb-charging-infrastructure-project-santa-clara-valley-transportation-authority,110,yes,open,construction,https://www.bidthebay.com/construction-project-details/chaboya-yard-zero-emission-bus-zeb-charging-infrastructure-project-santa-clara-valley-transportation-authority/r/recchzwXyt7jgFv5F,2026-08-25T11:06:40-07:00,7027,no,,multi_category_provisional_construction,yes
recciTPStUqXXZB5w,Asset Protection - General Site Labor,Solano County,Solano,Fairfield,Closed,construction,asset-protection-general-site-labor-solano-county,49,yes,results,construction,https://www.bidthebay.com/construction-project-details/asset-protection-general-site-labor-solano-county/r/recciTPStUqXXZB5w,2026-07-30T08:15:36-07:00,736,yes,,award_results,no
recclYQXl8nLpg14Y,"Ardenwood, Forest Park & Warwick Elementary HVAC Replacement ",Fremont Unified School District,Alameda,Fremont,Closed,construction,ardenwood-forest-park-warwick-elementary-hvac-replacement-fremont-unified-school-district,89,yes,results,construction,https://www.bidthebay.com/construction-project-details/ardenwood-forest-park-warwick-elementary-hvac-replacement-fremont-unified-school-district/r/recclYQXl8nLpg14Y,2026-07-08T10:11:27-07:00,98,yes,,award_results,no
reccmcXq9X2oOIaB4,Culvert Replacement on Pleasanton Avenue at Fairgrounds Road,County of Alameda,Alameda,Pleasanton ,Closed,construction,culvert-replacement-on-pleasanton-avenue-at-fairgrounds-road-county-of-alameda,78,yes,results,construction,https://www.bidthebay.com/construction-project-details/culvert-replacement-on-pleasanton-avenue-at-fairgrounds-road-county-of-alameda/r/reccmcXq9X2oOIaB4,2026-08-26T00:05:19-07:00,623,no,,recently_closed,no
reccrefE7K3Kk0pQ3,As-Needed Spot Sewer Replacement No. 49,San Francisco Public Utilities Commission,San Francisco,San Francisco,Closed,construction,as-needed-spot-sewer-replacement-no-49-san-francisco-public-utilities-commission,80,no,,,,2026-06-27T20:31:44-07:00,272,no,,closed_stale_no_results,no
reccu3s0JTurYKNTt,Richmond Street Complete Streets Project,Contra Costa Transportation Authority,Contra Costa,Richmond,Open,construction,richmond-street-complete-streets-project-contra-costa-transportation-authority,78,yes,open,construction,https://www.bidthebay.com/construction-project-details/richmond-street-complete-streets-project-contra-costa-transportation-authority/r/reccu3s0JTurYKNTt,2026-09-03T11:28:52-07:00,471,no,,open_solicitation,no
reccuxgM7fVPpOik9,Marsh Creek State Park - John Marsh House Stabilization Phase B,California Department of Parks and Recreation,Contra Costa,Brentwood,Closed,construction,marsh-creek-state-park-john-marsh-house-stabilization-phase-b-california-department-of-parks-recreation,103,yes,results,construction,https://www.bidthebay.com/construction-project-details/marsh-creek-state-park-john-marsh-house-stabilization-phase-b-california-department-of-parks-recreation/r/reccuxgM7fVPpOik9,2026-09-10T23:56:28-07:00,258,yes,,award_results,no
reccwMiUN8XAN4puF,Napa Valley Vine Trail - Vista Carneros  ,County of Napa,Napa,Napa,Open,professional services,napa-valley-vine-trail-vista-carneros-county-of-napa,52,yes,open,professional services,https://www.bidthebay.com/professional-services-project-details/napa-valley-vine-trail-vista-carneros-county-of-napa/r/reccwMiUN8XAN4puF,2026-09-03T08:50:57-07:00,1487,no,,open_solicitation,no
reccyYLCCxElXSNxB,Replace Culvert in San Mateo County,California Department of Transportation (Caltrans),San Mateo,San Mateo,Closed,construction,replace-culvert-in-san-mateo-county-cal-trans-district-4,56,yes,results,construction,https://www.bidthebay.com/construction-project-details/replace-culvert-in-san-mateo-county-cal-trans-district-4/r/reccyYLCCxElXSNxB,2026-09-07T15:49:52-07:00,104,no,,recently_closed,no
recd0h9U3TP6rxgk9,Diamond Blvd Pavement Rehabilitation Project,City of Concord,Contra Costa,Concord,Closed,construction,diamond-blvd-pavement-rehabilitation-project-city-of-concord,60,yes,results,construction,https://www.bidthebay.com/construction-project-details/diamond-blvd-pavement-rehabilitation-project-city-of-concord/r/recd0h9U3TP6rxgk9,2026-03-30T09:44:04-07:00,743,yes,,award_results,no
recd3kY45OVNqMfj6,MC Tennis Court Light Pole Replacement,West Valley Mission Community College District,Santa Clara,Saratoga,Closed,construction,mc-tennis-court-light-pole-replacement-west-valley-mission-community-college-district,85,yes,results,construction,https://www.bidthebay.com/construction-project-details/mc-tennis-court-light-pole-replacement-west-valley-mission-community-college-district/r/recd3kY45OVNqMfj6,2026-03-30T10:12:45-07:00,0,yes,No description at all,award_results,no
recd4ixy4cbD3oEWC,Project Management/Construction Management Services - San Francisco Medical Center,University of California San Francisco,San Francisco; Alameda,"San Francisco, Oakland",Closed,professional services,project-management-construction-management-services-san-francisco-medical-center-university-of-california-san-francisco,119,yes,results,professional services,https://www.bidthebay.com/professional-services-project-details/project-management-construction-management-services-san-francisco-medical-center-university-of-california-san-francisco/r/recd4ixy4cbD3oEWC,2026-08-28T00:03:12-07:00,983,no,,recently_closed,no
recd6FI5RmUHw9sHj,Lerida Court and Gabarda Way Retaining Walls Improvement Project,County of San Mateo,San Mateo,San Mateo County,Closed,construction,lerida-court-and-gabarda-way-retaining-walls-improvement-project-county-of-san-mateo,84,no,,,,2026-03-27T08:50:36-07:00,0,no,No description at all,closed_stale_no_results,no
recd7e41r9lDrx7wS,E1.2 BHB Special Inspections Consultant,City and County of San Francisco,San Francisco,San Francisco,Closed,professional services,e1-2-bhb-special-inspections-consultant-city-and-county-of-san-francisco,72,yes,results,professional services,https://www.bidthebay.com/professional-services-project-details/e1-2-bhb-special-inspections-consultant-city-and-county-of-san-francisco/r/recd7e41r9lDrx7wS,2026-08-29T00:04:06-07:00,1396,no,,recently_closed,no
recdAK2Yq2jSw6pBr,2026 Pavement Maintenance Phase 1,City of Cupertino,Santa Clara,Cupertino ,Closed,construction,2026-pavement-maintenance-phase-1-city-of-cupertino,51,yes,results,construction,https://www.bidthebay.com/construction-project-details/2026-pavement-maintenance-phase-1-city-of-cupertino/r/recdAK2Yq2jSw6pBr,2026-05-12T05:42:26-07:00,316,yes,,award_results,no
recdALhanVlveLoAy,New Streetlights on Railroad Avenue,Livermore Amador Valley Transit Authority,Alameda,Livermore,Closed,construction,new-streetlights-on-railroad-avenue-livermore-amador-valley-transit-authority,77,yes,results,construction,https://www.bidthebay.com/construction-project-details/new-streetlights-on-railroad-avenue-livermore-amador-valley-transit-authority/r/recdALhanVlveLoAy,2026-08-11T09:12:16-07:00,1900,yes,,award_results,no
recdBr9KqN9wCD5JT,Medication Dispensing Unit Installation  ,California Department of State Hospitals,Napa,Napa,Closed,construction,medication-dispensing-unit-installation-california-department-of-state-hospitals,80,yes,results,construction,https://www.bidthebay.com/construction-project-details/medication-dispensing-unit-installation-california-department-of-state-hospitals/r/recdBr9KqN9wCD5JT,2026-07-31T00:01:55-07:00,881,no,,recently_closed,no
recdEcHzfwhbz86pn,Asphalt Paving Repair and Patch Work,City of Hayward,Alameda,Hayward,Closed,construction,asphalt-paving-repair-and-patch-work-city-of-hayward,52,yes,results,construction,https://www.bidthebay.com/construction-project-details/asphalt-paving-repair-and-patch-work-city-of-hayward/r/recdEcHzfwhbz86pn,2026-07-23T00:01:50-07:00,380,no,,recently_closed,no
recdFGvoak8tkHR2h,FY 2026 Street Maintenance and Rehabilitation Project,City of Berkeley,Alameda,Berkeley,Closed,construction,fy-2026-street-maintenance-and-rehabilitation-project-city-of-berkeley,70,no,,,,2026-04-07T05:03:18-07:00,795,no,,closed_stale_no_results,no
recdHZkDxQqEo5hg0,Wet Well Lining Pump Station 2,City of Rohnert Park,Sonoma,Rohnert Park,Closed,construction,wet-well-lining-pump-station-2-city-of-rohnert-park,51,yes,results,construction,https://www.bidthebay.com/construction-project-details/wet-well-lining-pump-station-2-city-of-rohnert-park/r/recdHZkDxQqEo5hg0,2026-05-07T22:20:23-07:00,419,yes,,award_results,no
recdHpcQUBTLTECQ5,Sun Valley Elementary School Pedestrian Safety Improvements Project,San Rafael City Schools,Marin,San Rafael,Closed,construction,sun-valley-elementary-school-pedestrian-safety-improvements-project-san-rafael-city-schools,91,yes,results,construction,https://www.bidthebay.com/construction-project-details/sun-valley-elementary-school-pedestrian-safety-improvements-project-san-rafael-city-schools/r/recdHpcQUBTLTECQ5,2026-04-23T20:58:21-07:00,320,yes,,award_results,no
recdI1dM4g3MbpSDu,Creek and Waterway Clearing,Sequoia Union High School District ,San Mateo,Redwood City and Various San Mateo County Cities,Closed,construction,creek-and-waterway-clearing-sequoia-union-high-school-district,62,yes,results,construction,https://www.bidthebay.com/construction-project-details/creek-and-waterway-clearing-sequoia-union-high-school-district/r/recdI1dM4g3MbpSDu,2026-07-08T21:38:46-07:00,356,no,,recently_closed,no
recdLt6B4aGggzK6P,Canceled: On-Call Fiber Utility Trench & Substructure Installation Contract,City of Palo Alto,Santa Clara,Palo Alto,Closed,construction,canceled-on-call-fiber-utility-trench-substructure-installation-contract-city-of-palo-alto,90,yes,results,construction,https://www.bidthebay.com/construction-project-details/canceled-on-call-fiber-utility-trench-substructure-installation-contract-city-of-palo-alto/r/recdLt6B4aGggzK6P,2026-07-21T05:57:17-07:00,1180,no,,recently_closed,no
recdNf3GqGDzNzwlt,Electric Vehicle Charger Installation at City Hall,City of Fremont,Alameda,Fremont,Closed,construction,electric-vehicle-charger-installation-at-city-hall-city-of-fremont,66,yes,results,construction,https://www.bidthebay.com/construction-project-details/electric-vehicle-charger-installation-at-city-hall-city-of-fremont/r/recdNf3GqGDzNzwlt,2026-03-28T09:32:19-07:00,0,yes,No description at all,award_results,no
recdNgeh535kzWFwr,Well DC 4 and WRF Domestic Well Inspection and Rehabilitation Project,City of Healdsburg,Sonoma,Healdsburg,Closed,construction,well-dc-4-and-wrf-domestic-well-inspection-and-rehabilitation-project-city-of-healdsburg,88,yes,results,construction,https://www.bidthebay.com/construction-project-details/well-dc-4-and-wrf-domestic-well-inspection-and-rehabilitation-project-city-of-healdsburg/r/recdNgeh535kzWFwr,2026-04-02T10:00:13-07:00,342,yes,,award_results,no
recdOj7zimZlnbHZQ,Cathodic Protection for Transmission Pipelines at Various Locations Phase 3,San Francisco Public Utilities Commission,San Francisco; San Mateo; Alameda; Santa Clara,Various Cities,Closed,construction,cathodic-protection-for-transmission-pipelines-at-various-locations-phase-3-san-francisco-public-utilities-commission,117,yes,results,construction,https://www.bidthebay.com/construction-project-details/cathodic-protection-for-transmission-pipelines-at-various-locations-phase-3-san-francisco-public-utilities-commission/r/recdOj7zimZlnbHZQ,2026-08-14T00:01:38-07:00,118,no,,recently_closed,no
recdOnZkcm3P7nNyD,SCUSD Increment 2 Modernization Group 3 Briarwood Elementary School: 09.07 - Sound Absorbing Wall and Ceiling Units (C2 or C9 or C33),Santa Clara Unified School District,Santa Clara, Santa Clara,Closed,construction,scusd-increment-2-modernization-group-3-briarwood-elementary-school-09-07-sound-absorbing-wall-and-ceiling-units-c2-or-c9-or-c33-santa-clara-unified-school-district,164,yes,results,construction,https://www.bidthebay.com/construction-project-details/scusd-increment-2-modernization-group-3-briarwood-elementary-school-09-07-sound-absorbing-wall-and-ceiling-units-c2-or-c9-or-c33-santa-clara-unified-school-district/r/recdOnZkcm3P7nNyD,2026-04-01T10:20:13-07:00,538,yes,,award_results,no
recdPDONDGxx5qImT,Sycamore Drive Traffic Calming Improvements,City of Antioch,Contra Costa,Antioch,Closed,construction,sycamore-drive-traffic-calming-improvements-city-of-antioch,59,yes,results,construction,https://www.bidthebay.com/construction-project-details/sycamore-drive-traffic-calming-improvements-city-of-antioch/r/recdPDONDGxx5qImT,2026-08-13T05:39:26-07:00,161,yes,,award_results,no
recdR4riEa7PFQHRQ,Cunningham House Rehabilitation Project,Town of Windsor,Sonoma,Windsor,Closed,construction,cunningham-house-rehabilitation-project-town-of-windsor,55,yes,results,construction,https://www.bidthebay.com/construction-project-details/cunningham-house-rehabilitation-project-town-of-windsor/r/recdR4riEa7PFQHRQ,2026-03-21T00:34:00-07:00,369,yes,,award_results,no
recdRkgimqAFJYGbW,Evelyn Avenue Multi-Use Trail,City of Sunnyvale,Santa Clara,Sunnyvale,Closed,construction,evelyn-avenue-multi-use-trail-city-of-sunnyvale,47,yes,results,construction,https://www.bidthebay.com/construction-project-details/evelyn-avenue-multi-use-trail-city-of-sunnyvale/r/recdRkgimqAFJYGbW,2026-06-04T00:13:56-07:00,902,no,,recently_closed,no
recdUZzCHxMMBI5ol,Roof Replacement and Gutter Repairs in Sonoma County ,California Department of Transportation (Caltrans),Sonoma,Jenner,Closed,construction,roof-replacement-and-gutter-repairs-in-sonoma-county-cal-trans-district-4,73,yes,results,construction,https://www.bidthebay.com/construction-project-details/roof-replacement-and-gutter-repairs-in-sonoma-county-cal-trans-district-4/r/recdUZzCHxMMBI5ol,2026-09-07T15:49:52-07:00,1250,yes,,award_results,no
recdWZs28uExOd9Fi,Plaza Del Sol Phase II,City of Sunnyvale,Santa Clara,Sunnyvale,Closed,construction,plaza-del-sol-phase-ii-city-of-sunnyvale,40,yes,results,construction,https://www.bidthebay.com/construction-project-details/plaza-del-sol-phase-ii-city-of-sunnyvale/r/recdWZs28uExOd9Fi,2026-06-11T00:01:31-07:00,663,no,,recently_closed,no
recdXZ0arRzGgEQBL,UCSF Health Helen Diller Hospital – Firestopping,University of California San Francisco,San Francisco,San Francisco,Closed,construction,ucsf-health-helen-diller-hospital-firestopping-university-of-california-san-francisco,85,yes,results,construction,https://www.bidthebay.com/construction-project-details/ucsf-health-helen-diller-hospital-firestopping-university-of-california-san-francisco/r/recdXZ0arRzGgEQBL,2026-08-21T10:23:33-07:00,397,no,,recently_closed,no
recdXjhdkMJq0AkOk,On-Call Transportation/Traffic Engineering Services for Capital Improvement and Land Development Projects,City of Morgan Hill,Santa Clara,Morgan Hill,Closed,professional services,on-call-transportation-traffic-engineering-services-for-capital-improvement-and-land-development-projects-city-of-morgan-hill,125,yes,results,professional services,https://www.bidthebay.com/professional-services-project-details/on-call-transportation-traffic-engineering-services-for-capital-improvement-and-land-development-projects-city-of-morgan-hill/r/recdXjhdkMJq0AkOk,2026-05-20T17:11:45-07:00,499,no,,recently_closed,no
recdbLJJP2rlKJttM,City Fleet Electrification Phase 2,City of Livermore,Alameda,Livermore,Closed,construction,city-fleet-electrification-phase-2-city-of-livermore,52,yes,results,construction,https://www.bidthebay.com/construction-project-details/city-fleet-electrification-phase-2-city-of-livermore/r/recdbLJJP2rlKJttM,2026-08-12T00:00:41-07:00,424,no,,recently_closed,no
recddDUpsaQuZDsQ4,Replace Culvert in Contra Costa County,California Department of Transportation (Caltrans),Contra Costa,Contra Costa ,Closed,construction,replace-culvert-in-contra-costa-county-cal-trans-district-4,59,yes,results,construction,https://www.bidthebay.com/construction-project-details/replace-culvert-in-contra-costa-county-cal-trans-district-4/r/recddDUpsaQuZDsQ4,2026-09-07T15:49:52-07:00,188,no,,recently_closed,no
recdfLbFUwcjT0aEN,El Camino High School Modernization,South San Francisco Unified School District,San Mateo,South San Francisco,Closed,construction; professional services,el-camino-high-school-modernization-south-san-francisco-unified-school-district,79,yes,results,construction,https://www.bidthebay.com/construction-project-details/el-camino-high-school-modernization-south-san-francisco-unified-school-district/r/recdfLbFUwcjT0aEN,2026-07-10T13:21:54-07:00,426,no,,multi_category_provisional_construction,yes
recdgDLxxvFSJOtuq,Airport Substation Transformer Upgrade Project - Design Assist Electrical,San Francisco International Airport,San Mateo,San Francisco,Closed,construction; professional services,airport-substation-transformer-upgrade-project-design-assist-electrical-san-francisco-international-airport-sfo,111,no,,,,2026-09-07T10:43:39-07:00,1223,no,,closed_stale_no_results,no
recdgFEpqlNei21bV,CAN Sports Fields Site Work - Rebid,San Mateo County Community College District,San Mateo,Redwood City,Open,construction,can-sports-fields-site-work-rebid-san-mateo-county-community-college-district,77,yes,open,construction,https://www.bidthebay.com/construction-project-details/can-sports-fields-site-work-rebid-san-mateo-county-community-college-district/r/recdgFEpqlNei21bV,2026-08-02T21:21:28-07:00,146,no,,open_solicitation,no
recdj5EwJG1iBAKbL,Lesher Center Fire Alarm Replacement,City of Walnut Creek,Contra Costa,Walnut Creek,Closed,construction,lesher-center-fire-alarm-replacement-city-of-walnut-creek,57,no,,,,2026-03-30T10:19:47-07:00,0,no,No description at all,closed_stale_no_results,no
recdk2YJaUsQI7cgo,Central Bay Operations & Maintenance Facility Phase 1 Electrification - Construction Services,San Francisco Bay Area Water Emergency Transportation Authority,Alameda,Alameda,Closed,construction,central-bay-operations-maintenance-facility-phase-1-electrification-construction-services-san-francisco-bay-area-water-emergency-transportation-authority,153,yes,results,construction,https://www.bidthebay.com/construction-project-details/central-bay-operations-maintenance-facility-phase-1-electrification-construction-services-san-francisco-bay-area-water-emergency-transportation-authority/r/recdk2YJaUsQI7cgo,2026-09-09T21:54:06-07:00,675,yes,,award_results,no
recdl9URstj2JA0M1,Lopes Road Lift Station Improvements,Fairfield-Suisun Sewer District,Solano,Fairfield,Closed,construction,lopes-road-lift-station-improvements-fairfield-suisun-sewer-district,68,yes,results,construction,https://www.bidthebay.com/construction-project-details/lopes-road-lift-station-improvements-fairfield-suisun-sewer-district/r/recdl9URstj2JA0M1,2026-04-23T17:11:54-07:00,340,no,,recently_closed,no
recdlvCPh2nF7cviI,As-Needed Paver Repair Services,City of Burlingame,San Mateo,Burlingame,Closed,construction,as-needed-paver-repair-services-city-of-burlingame,50,yes,results,construction,https://www.bidthebay.com/construction-project-details/as-needed-paver-repair-services-city-of-burlingame/r/recdlvCPh2nF7cviI,2026-05-29T00:02:28-07:00,491,no,,recently_closed,no
recdnc0fcySK62jsM,Corporation Yard Groundwater Monitoring Wells Project,City of Pittsburg,Contra Costa,Pittsburg,Closed,construction,corporation-yard-groundwater-monitoring-wells-project-city-of-pittsburg,71,yes,results,construction,https://www.bidthebay.com/construction-project-details/corporation-yard-groundwater-monitoring-wells-project-city-of-pittsburg/r/recdnc0fcySK62jsM,2026-08-12T00:00:47-07:00,572,no,,recently_closed,no
recdo7eb9SXfOpYEd,Sign Maintenance for I-880 Integrated Corridor Management (ICM) North Segment Project,Metropolitan Transportation Commission,Alameda,Oakland ,Closed,construction,sign-maintenance-for-i-880-integrated-corridor-management-icm-north-segment-project-metropolitan-transportation-commission,122,no,,,,2026-04-11T10:47:37-07:00,683,no,,closed_stale_no_results,no
recdohRytEb5IcLbZ,MOTCO Rail Curves Package 3,U.S. Department of the Army,Contra Costa,Bay Point,Closed,construction,motco-rail-curves-package-3-department-of-the-army,50,yes,results,construction,https://www.bidthebay.com/construction-project-details/motco-rail-curves-package-3-department-of-the-army/r/recdohRytEb5IcLbZ,2026-09-07T11:36:49-07:00,677,no,,recently_closed,no
recdpAF7qS9qPsPIo,SCUSD Increment 1 and Increment 2 Modernization Site Utilities Bracher Elementary School,Santa Clara Unified School District,Santa Clara,Santa Clara,Closed,construction,scusd-increment-1-and-increment-2-modernization-site-utilities-bracher-elementary-school-santa-clara-unified-school-district,124,yes,results,construction,https://www.bidthebay.com/construction-project-details/scusd-increment-1-and-increment-2-modernization-site-utilities-bracher-elementary-school-santa-clara-unified-school-district/r/recdpAF7qS9qPsPIo,2026-04-07T03:58:47-07:00,344,yes,,award_results,no
recdpU6kTBnaEoGYc,Marina Lagoon Spot Dredging Project ,City of San Mateo,San Mateo,San Mateo,Closed,construction,marina-lagoon-spot-dredging-project-city-of-san-mateo,53,yes,results,construction,https://www.bidthebay.com/construction-project-details/marina-lagoon-spot-dredging-project-city-of-san-mateo/r/recdpU6kTBnaEoGYc,2026-07-10T13:22:21-07:00,578,no,,recently_closed,no
recdqb3uTNoXICiSi,East Tabor Tolenas Safe Routes to School & Sidewalk Gap Closure Project,City of Fairfield,Solano,Fairfield,Closed,construction,east-tabor-tolenas-safe-routes-to-school-sidewalk-gap-closure-project-city-of-fairfield,87,yes,results,construction,https://www.bidthebay.com/construction-project-details/east-tabor-tolenas-safe-routes-to-school-sidewalk-gap-closure-project-city-of-fairfield/r/recdqb3uTNoXICiSi,2026-05-15T01:56:55-07:00,636,yes,,award_results,no
recdrOdoSFdFCIgYF,Emergency Generator Replacement (Phase I),City of Foster City,San Mateo,Foster City,Closed,construction,emergency-generator-replacement-phase-i-city-of-foster-city,59,yes,results,construction,https://www.bidthebay.com/construction-project-details/emergency-generator-replacement-phase-i-city-of-foster-city/r/recdrOdoSFdFCIgYF,2026-06-17T09:41:15-07:00,324,no,,recently_closed,no
recdyB69SpBobTWao,Land Surveying Services for Refugio Creek Mitigation Project,City of Hercules,Contra Costa,Hercules,Closed,professional services,land-surveying-services-for-refugio-creek-mitigation-project-city-of-hercules,77,yes,results,professional services,https://www.bidthebay.com/professional-services-project-details/land-surveying-services-for-refugio-creek-mitigation-project-city-of-hercules/r/recdyB69SpBobTWao,2026-05-15T17:11:32-07:00,636,no,,recently_closed,no
rece20fMhLRDmyoEE,Main Street/Rose Avenue Intersection Improvement Project,City of Oakley,Contra Costa,Oakley,Closed,construction,main-street-rose-avenue-intersection-improvement-project-city-of-oakley,71,yes,results,construction,https://www.bidthebay.com/construction-project-details/main-street-rose-avenue-intersection-improvement-project-city-of-oakley/r/rece20fMhLRDmyoEE,2026-07-24T10:20:21-07:00,702,yes,,award_results,no
rece4qridrz9V5jUY,Lomita Drive Road Rehabilitation: Phase 1,County of Marin,Marin,Mill Valley,Closed,construction,lomita-drive-road-rehabilitation-phase-1-county-of-marin,56,yes,results,construction,https://www.bidthebay.com/construction-project-details/lomita-drive-road-rehabilitation-phase-1-county-of-marin/r/rece4qridrz9V5jUY,2026-08-21T08:35:46-07:00,582,yes,,award_results,no
rece5hDhBo9ghGxmU,HVAC Replacement Phase IV, San Mateo-Foster City School District ,San Mateo,San Mateo,Closed,construction,hvac-replacement-phase-iv-san-mateo-foster-city-school-district,63,no,,,,2026-05-22T17:57:13-07:00,200,no,,closed_stale_no_results,no
rece5wdSdxYamhPra,"Replace Roofs and Vents, Fort Cronkhite, GOGA",National Park Service,Marin,Sausalito ,Closed,construction,replace-roofs-and-vents-fort-cronkhite-goga-national-park-service,65,yes,results,construction,https://www.bidthebay.com/construction-project-details/replace-roofs-and-vents-fort-cronkhite-goga-national-park-service/r/rece5wdSdxYamhPra,2026-07-14T04:13:14-07:00,485,no,,recently_closed,no
rece6OlxMltUUaM8Q,Supplemental Decarbonization Services for the City of Pinole Public Safety Building,City of Pinole,Contra Costa,Pinole,Closed,professional services,supplemental-decarbonization-services-for-the-city-of-pinole-public-safety-building-city-of-pinole,98,yes,results,professional services,https://www.bidthebay.com/professional-services-project-details/supplemental-decarbonization-services-for-the-city-of-pinole-public-safety-building-city-of-pinole/r/rece6OlxMltUUaM8Q,2026-05-30T00:03:57-07:00,1707,no,,recently_closed,no
rece6T3yyLSe3b85x,Hamilton Amphitheater Park Playground Improvements,City of Novato,Marin,Novato,Closed,construction,hamilton-amphitheater-park-playground-improvements-city-of-novato,65,yes,results,construction,https://www.bidthebay.com/construction-project-details/hamilton-amphitheater-park-playground-improvements-city-of-novato/r/rece6T3yyLSe3b85x,2026-08-19T20:18:05-07:00,910,yes,,award_results,no
rece8Bs5lmRlm3uLK,Install Anchor Double Twisted Wire Mesh System and Erosion Control,California Department of Transportation (Caltrans),Napa,Calistoga,Closed,construction,install-anchor-double-twisted-wire-mesh-system-and-erosion-control-cal-trans-district-4,87,yes,results,construction,https://www.bidthebay.com/construction-project-details/install-anchor-double-twisted-wire-mesh-system-and-erosion-control-cal-trans-district-4/r/rece8Bs5lmRlm3uLK,2026-09-07T15:49:52-07:00,180,yes,,award_results,no
rece8DNqGwNDGhY3B,On-Call General Construction Services 2027–2030,City of Oakland,Alameda,Oakland,Open,construction,on-call-general-construction-services-2027-2030-city-of-oakland,63,yes,open,construction,https://www.bidthebay.com/construction-project-details/on-call-general-construction-services-2027-2030-city-of-oakland/r/rece8DNqGwNDGhY3B,2026-09-02T09:39:27-07:00,560,no,,open_solicitation,no
rece8UQH7Vkp5RgQH,2025 Pavement Management Program Paving and Striping Project,City of San Rafael,Marin,San Rafael,Closed,construction,2025-pavement-management-program-paving-and-striping-project-city-of-san-rafael,79,yes,results,construction,https://www.bidthebay.com/construction-project-details/2025-pavement-management-program-paving-and-striping-project-city-of-san-rafael/r/rece8UQH7Vkp5RgQH,2026-08-11T08:26:39-07:00,240,yes,,award_results,no
receB6aQCMhTevd8x,FS Haas Pavilion Roof Leak Repair and Re-Cover,UC Berkeley,Alameda,Berkeley,Closed,construction,fs-haas-pavilion-roof-leak-repair-and-re-cover-uc-berkeley,58,yes,results,construction,https://www.bidthebay.com/construction-project-details/fs-haas-pavilion-roof-leak-repair-and-re-cover-uc-berkeley/r/receB6aQCMhTevd8x,2026-07-13T06:55:17-07:00,342,yes,,award_results,no
receCbnBE6qBudiaG,Aquatic Complex Mechanical Room Improvement Project,City of Brentwood,Contra Costa,Brentwood ,Closed,construction,aquatic-complex-mechanical-room-improvement-project-city-of-brentwood,69,no,,,,2026-04-16T17:00:46-07:00,240,no,,closed_stale_no_results,no
receDiT6ssahEzJht,Units 1 and 2 Building Systems - Rebid,UC Berkeley,Alameda,Berkeley,Closed,professional services,units-1-and-2-building-systems-rebid-uc-berkeley,48,yes,results,professional services,https://www.bidthebay.com/professional-services-project-details/units-1-and-2-building-systems-rebid-uc-berkeley/r/receDiT6ssahEzJht,2026-08-27T00:05:09-07:00,405,no,,recently_closed,no
receF6HiVf3FMIxIb,Bel Aire Play Area Project,Town of Tiburon,Marin,Tiburon,Closed,construction,bel-aire-play-area-project-town-of-tiburon,42,yes,results,construction,https://www.bidthebay.com/construction-project-details/bel-aire-play-area-project-town-of-tiburon/r/receF6HiVf3FMIxIb,2026-08-11T04:52:29-07:00,517,yes,,award_results,no
receGxUoeN80Xdh47,Devlin Road Paving,County of Napa,Napa,Napa,Closed,construction,devlin-road-paving-county-of-napa,33,yes,results,construction,https://www.bidthebay.com/construction-project-details/devlin-road-paving-county-of-napa/r/receGxUoeN80Xdh47,2026-07-28T10:31:34-07:00,327,yes,,award_results,no
receHNcmbn5tzVZAF,Outdoor Learning Project ,Mountain View Whisman School District,Santa Clara,Mountain View,Closed,construction,outdoor-learning-project-mountain-view-whisman-school-district,62,yes,results,construction,https://www.bidthebay.com/construction-project-details/outdoor-learning-project-mountain-view-whisman-school-district/r/receHNcmbn5tzVZAF,2026-09-07T10:32:09-07:00,400,no,,recently_closed,no
receHnIruBg1b7aXa,Install Rear Security Gates Project,City of Foster City,San Mateo,Foster City,Open,construction,install-rear-security-gates-project-foster-city,47,yes,open,construction,https://www.bidthebay.com/construction-project-details/install-rear-security-gates-project-foster-city/r/receHnIruBg1b7aXa,2026-09-11T06:33:04-07:00,240,no,,open_solicitation,no
receJd3JPvlptYKXE,GGP ADA Parking Project,City and County of San Francisco,San Francisco,San Francisco,Closed,construction,ggp-ada-parking-project-city-and-county-of-san-francisco,56,yes,results,construction,https://www.bidthebay.com/construction-project-details/ggp-ada-parking-project-city-and-county-of-san-francisco/r/receJd3JPvlptYKXE,2026-08-28T00:03:17-07:00,156,no,,recently_closed,no
receKPt9XCsfOO70O,DS Roof Restoration - Summer 26 ,West Valley Mission Community College District,Santa Clara,Santa Clara ,Closed,construction,ds-roof-restoration-summer-26-west-valley-mission-community-college-district,76,yes,results,construction,https://www.bidthebay.com/construction-project-details/ds-roof-restoration-summer-26-west-valley-mission-community-college-district/r/receKPt9XCsfOO70O,2026-06-26T04:10:34-07:00,0,yes,No description at all,award_results,no
receMuXj6iudxEOqt,#001 - #002 Painting,Contra Costa County,Contra Costa,Martinez / Countywide,Closed,construction,001-002-painting-contra-costa-county,36,yes,results,construction,https://www.bidthebay.com/construction-project-details/001-002-painting-contra-costa-county/r/receMuXj6iudxEOqt,2026-07-29T00:01:52-07:00,213,no,,recently_closed,no
receNU95mZzb6671S,Asphaltic Cement and Concrete Saw Cutting Services,East Bay Municipal Utility District,Alameda,Oakland,Closed,construction,asphaltic-cement-and-concrete-saw-cutting-services-east-bay-municipal-utility-district,86,yes,results,construction,https://www.bidthebay.com/construction-project-details/asphaltic-cement-and-concrete-saw-cutting-services-east-bay-municipal-utility-district/r/receNU95mZzb6671S,2026-07-10T04:12:29-07:00,714,no,,recently_closed,no
receNZYyIMGDxVOL2,Penitencia Delivery and Force Main Inspection & Rehabilitation Project,Santa Clara Valley Water District,Santa Clara,San Jose ,Closed,construction,penitencia-delivery-and-force-main-inspection-rehabilitation-project-santa-clara-valley-water-district,102,yes,results,construction,https://www.bidthebay.com/construction-project-details/penitencia-delivery-and-force-main-inspection-rehabilitation-project-santa-clara-valley-water-district/r/receNZYyIMGDxVOL2,2026-07-01T09:15:53-07:00,0,yes,No description at all,award_results,no
receOe5ePeyrr8s2j,New Construction at Leitch Elementary School & Millard Elementary School,Fremont Unified School District,Alameda,Fremont,Closed,construction,new-construction-at-leitch-elementary-school-millard-elementary-school-fremont-unified-school-district,102,yes,results,construction,https://www.bidthebay.com/construction-project-details/new-construction-at-leitch-elementary-school-millard-elementary-school-fremont-unified-school-district/r/receOe5ePeyrr8s2j,2026-07-08T09:52:42-07:00,520,no,,recently_closed,no
receOqeR43URBKgWl,Furnish and Install Fire Smoke Dampers,Santa Clara Valley Water District,Santa Clara,San Jose,Closed,construction,furnish-and-install-fire-smoke-dampers-santa-clara-valley-water-district,72,yes,results,construction,https://www.bidthebay.com/construction-project-details/furnish-and-install-fire-smoke-dampers-santa-clara-valley-water-district/r/receOqeR43URBKgWl,2026-04-20T06:23:17-07:00,0,yes,No description at all,award_results,no
receQUXSqyrPGWOvM,Gene Friend Recreation Center Project (a CM/GC Project) Trade Package ,City and County of San Francisco,San Francisco,San Francisco,Closed,construction,gene-friend-recreation-center-project-a-cm-gc-project-trade-package-city-and-county-of-san-francisco,100,no,,,,2026-07-17T00:02:30-07:00,239,no,,closed_stale_no_results,no
receQhjjlGWx9dbnw,Rejected: WV STEM Classroom HVAC Upgrades,West Valley Mission Community College District,Santa Clara,Saratoga,Closed,construction,rejected-wv-stem-classroom-hvac-upgrades-west-valley-mission-community-college-district,87,yes,results,construction,https://www.bidthebay.com/construction-project-details/rejected-wv-stem-classroom-hvac-upgrades-west-valley-mission-community-college-district/r/receQhjjlGWx9dbnw,2026-09-07T10:29:25-07:00,168,no,,recently_closed,no
receTAYKegQqZpvJB,FS Campbell Hall Air Compressor Replacement  ,UC Berkeley,Alameda,Berkeley,Closed,construction,fs-campbell-hall-air-compressor-replacement-uc-berkeley,55,yes,results,construction,https://www.bidthebay.com/construction-project-details/fs-campbell-hall-air-compressor-replacement-uc-berkeley/r/receTAYKegQqZpvJB,2026-08-19T08:57:41-07:00,671,yes,,award_results,no
receTVsBBiXPsw3Fz,Vasona Signal Circuit Replacement,Santa Clara Valley Transportation Authority,Santa Clara,San Jose,Closed,professional services,vasona-signal-circuit-replacement-santa-clara-valley-transportation-authority,77,yes,results,professional services,https://www.bidthebay.com/professional-services-project-details/vasona-signal-circuit-replacement-santa-clara-valley-transportation-authority/r/receTVsBBiXPsw3Fz,2026-06-24T00:05:33-07:00,1500,no,,recently_closed,no
receUQdJYW3WTKYqe,Golden Aster Pump Station Emergency Backup Generator PS&E,City of Brisbane,San Mateo,Brisbane,Closed,construction,golden-aster-pump-station-emergency-backup-generator-ps-e-city-of-brisbane,74,no,,,,2026-04-16T17:00:45-07:00,257,no,,closed_stale_no_results,no
receVnaTrqPOnYzZ3,Discovery Bay Sewage Treatment Plants 2025 Capital Improvements Project,Town of Discovery Bay,Contra Costa,Discovery Bay,Closed,construction,discovery-bay-sewage-treatment-plants-2025-capital-improvements-project-town-of-discovery-bay,93,yes,results,construction,https://www.bidthebay.com/construction-project-details/discovery-bay-sewage-treatment-plants-2025-capital-improvements-project-town-of-discovery-bay/r/receVnaTrqPOnYzZ3,2026-07-30T05:51:47-07:00,191,no,,recently_closed,no
receXne9qGRQCSYu1,UCB BCEC EHCP – Structural Concrete – Work Package 13,UC Berkeley,Alameda,Berkeley,Closed,construction,ucb-bcec-ehcp-structural-concrete-work-package-13-uc-berkeley,61,yes,results,construction,https://www.bidthebay.com/construction-project-details/ucb-bcec-ehcp-structural-concrete-work-package-13-uc-berkeley/r/receXne9qGRQCSYu1,2026-08-03T00:35:05-07:00,250,yes,,award_results,no
receYF3pJ5S4xqnut,Canceled: As-Needed Motorized Gate Maintenance and Repair Services,Bay Area Air Quality Management District,Contra Costa,Richmond,Closed,construction,canceled-as-needed-motorized-gate-maintenance-and-repair-services-bay-area-air-quality-management-district,106,yes,results,construction,https://www.bidthebay.com/construction-project-details/canceled-as-needed-motorized-gate-maintenance-and-repair-services-bay-area-air-quality-management-district/r/receYF3pJ5S4xqnut,2026-07-14T03:52:06-07:00,436,no,,recently_closed,no
receYJoDqMdJ3j2tj,Roadway Restoration in San Mateo County,California Department of Transportation (Caltrans),San Mateo,San Mateo County,Closed,construction,roadway-restoration-in-san-mateo-county-california-department-of-transportation,79,yes,results,construction,https://www.bidthebay.com/construction-project-details/roadway-restoration-in-san-mateo-county-california-department-of-transportation/r/receYJoDqMdJ3j2tj,2026-09-07T15:50:31-07:00,0,no,No description at all,recently_closed,no
recebtdhHrmoAXfNO,Owner's Representative for 401 Santa Clara Rehabilitation,Oakland Housing Authority,Alameda,Oakland,Closed,professional services,owner-s-representative-for-401-santa-clara-rehabilitation-oakland-housing-authority,83,yes,results,professional services,https://www.bidthebay.com/professional-services-project-details/owner-s-representative-for-401-santa-clara-rehabilitation-oakland-housing-authority/r/recebtdhHrmoAXfNO,2026-05-08T17:04:13-07:00,160,no,,recently_closed,no
reced2OUWNeQmrmUm,Las Positas College Amphitheater Equipment Project,Chabot Las Positas Community College District,Alameda,Livermore,Closed,construction,las-positas-college-amphitheater-equipment-project-chabot-las-positas-community-college-district,96,yes,results,construction,https://www.bidthebay.com/construction-project-details/las-positas-college-amphitheater-equipment-project-chabot-las-positas-community-college-district/r/reced2OUWNeQmrmUm,2026-06-03T04:41:03-07:00,127,yes,,award_results,no
recedKJkRwOl1il6O,Electrical Support Services,City of Napa,Napa,Napa,Open,construction,electrical-support-services-city-of-napa,40,yes,open,construction,https://www.bidthebay.com/construction-project-details/electrical-support-services-city-of-napa/r/recedKJkRwOl1il6O,2026-09-02T09:57:00-07:00,545,no,,open_solicitation,no
receexLyXm9FamKLk,2026 Sanitary Sewer and Storm Drain Rehabilitation Project,City of Belmont,San Mateo,Belmont,Closed,construction,2026-sanitary-sewer-and-storm-drain-rehabilitation-project-city-of-belmont,74,yes,results,construction,https://www.bidthebay.com/construction-project-details/2026-sanitary-sewer-and-storm-drain-rehabilitation-project-city-of-belmont/r/receexLyXm9FamKLk,2026-07-14T04:19:02-07:00,447,yes,,award_results,no
recefHzmeapHZPvzB,San Rafael City Schools Corporation Yard Paving Project,San Rafael City Schools,Marin,San Rafael,Closed,construction,san-rafael-city-schools-corporation-yard-paving-project-san-rafael-city-schools,79,yes,results,construction,https://www.bidthebay.com/construction-project-details/san-rafael-city-schools-corporation-yard-paving-project-san-rafael-city-schools/r/recefHzmeapHZPvzB,2026-05-29T06:03:37-07:00,196,yes,,award_results,no
recefm3yy66UVRNub,SR 237/I-880 Express lanes Extension,Santa Clara Valley Transportation Authority,Santa Clara,San Jose & Milpitas,Closed,professional services,sr-237-i-880-express-lanes-extension-santa-clara-valley-transportation-authority,80,no,,,,2026-03-24T02:39:38-07:00,433,no,,closed_stale_no_results,no
receopNE7AChrHQeU,Haas Pavilion WBB Locker Room Renovation,UC Berkeley,Alameda,Berkeley,Closed,construction,haas-pavilion-wbb-locker-room-renovation-uc-berkeley,52,yes,results,construction,https://www.bidthebay.com/construction-project-details/haas-pavilion-wbb-locker-room-renovation-uc-berkeley/r/receopNE7AChrHQeU,2026-05-01T07:25:31-07:00,268,yes,,award_results,no
recepnCHK2Hhg6Jwg,A Street Sewer Line Replacement Project,City of Hayward,Alameda,Hayward,Closed,construction,a-street-sewer-line-replacement-project-city-of-hayward,55,yes,results,construction,https://www.bidthebay.com/construction-project-details/a-street-sewer-line-replacement-project-city-of-hayward/r/recepnCHK2Hhg6Jwg,2026-07-28T10:01:50-07:00,0,yes,No description at all,award_results,no
receuFTiFcxBiG2zH,Trenchless Sewer Line Repair at Sunnyvale Golf Course,City of Sunnyvale ,Santa Clara,Sunnyvale,Closed,construction,trenchless-sewer-line-repair-at-sunnyvale-golf-course-city-of-sunnyvale,71,no,,,,2026-05-07T17:00:59-07:00,1385,no,,closed_stale_no_results,no
receyEH2QMF29Lo9s,Library Carpet and Upholstery Replacement,University of California San Francisco,San Francisco,San Francisco,Closed,construction,library-carpet-and-upholstery-replacement-university-of-california-san-francisco,80,yes,results,construction,https://www.bidthebay.com/construction-project-details/library-carpet-and-upholstery-replacement-university-of-california-san-francisco/r/receyEH2QMF29Lo9s,2026-04-28T08:42:40-07:00,267,no,,recently_closed,no
receyLp0ALnPQL65I,Backflow Valve Assembly Repair,U.S. Coast Guard,San Mateo,San Francisco,Closed,construction,backflow-valve-assembly-repair-us-coast-guard,45,yes,results,construction,https://www.bidthebay.com/construction-project-details/backflow-valve-assembly-repair-us-coast-guard/r/receyLp0ALnPQL65I,2026-09-07T10:25:40-07:00,607,no,,recently_closed,no
receyZWwqZHfCshnc,Parrot Garden Electrical Subpanel Upgrade Work,Housing Authority of the City of Alameda,Alameda,Alameda,Open,construction,parrot-garden-electrical-subpanel-upgrade-work-alameda,54,yes,open,construction,https://www.bidthebay.com/construction-project-details/parrot-garden-electrical-subpanel-upgrade-work-alameda/r/receyZWwqZHfCshnc,2026-09-10T10:54:56-07:00,253,no,,open_solicitation,no
recf1B3i3maYv8lH2,Centerville Train Depot Roof Replacement Project,City of Fremont,Alameda,Fremont,Closed,construction,centerville-train-depot-roof-replacement-project-city-of-fremont,64,no,,,,2026-09-10T09:07:46-07:00,0,no,Results posted but no winner,closed_stale_no_results,no
recf1IKcRDuxwvBYG,Anza Stormwater Pump Station SCADA Upgrade Project,City of Pacifica,San Mateo,Pacifica,Closed,construction,anza-stormwater-pump-station-scada-upgrade-project-city-of-pacifica,67,yes,results,construction,https://www.bidthebay.com/construction-project-details/anza-stormwater-pump-station-scada-upgrade-project-city-of-pacifica/r/recf1IKcRDuxwvBYG,2026-08-29T00:04:04-07:00,649,no,,recently_closed,no
recf1kI1s8Q7mQ9f1,"Secondary Sedimentation Basins Upgrade - Flights & Chains Purchase, Delivery & Installation Support",West County Wastewater District,Contra Costa,Richmond / San Pablo / Pinole,Closed,construction; supplier,secondary-sedimentation-basins-upgrade-flights-chains-purchase-delivery-installation-support-west-county-wastewater-district,124,yes,results,construction,https://www.bidthebay.com/construction-project-details/secondary-sedimentation-basins-upgrade-flights-chains-purchase-delivery-installation-support-west-county-wastewater-district/r/recf1kI1s8Q7mQ9f1,2026-09-09T23:34:56-07:00,1171,no,,recently_closed,no
recf3RDI82dho9JeF,On-Call Collection System Hydraulic Modeling Services,Las Gallinas Valley Sanitary District,Marin,San Rafael,Closed,professional services,on-call-collection-system-hydraulic-modeling-services-las-gallinas-valley-sanitary-district,91,yes,results,professional services,https://www.bidthebay.com/professional-services-project-details/on-call-collection-system-hydraulic-modeling-services-las-gallinas-valley-sanitary-district/r/recf3RDI82dho9JeF,2026-07-09T00:02:38-07:00,466,no,,recently_closed,no
recf5pBUW0XgxHjyE,Installation of Full Trash Capture Device on Orange Ave near Rizzo Ave,Alameda County Public Works Agency,Alameda,Castro Valley,Closed,construction,installation-of-full-trash-capture-device-on-orange-ave-near-rizzo-ave-alameda-county-public-works,98,yes,results,construction,https://www.bidthebay.com/construction-project-details/installation-of-full-trash-capture-device-on-orange-ave-near-rizzo-ave-alameda-county-public-works/r/recf5pBUW0XgxHjyE,2026-09-07T11:36:49-07:00,1027,no,,recently_closed,no
recf5t3IJoontQ9qs,On-Call Plumbing Services,County of San Mateo,San Mateo,Various,Open,construction,on-call-plumbing-services-county-of-san-mateo,45,yes,open,construction,https://www.bidthebay.com/construction-project-details/on-call-plumbing-services-county-of-san-mateo/r/recf5t3IJoontQ9qs,2026-09-03T09:20:48-07:00,740,no,,open_solicitation,no
recf6oxyxbpa3cTt5,Asset Protection - Demolition,Solano County,Alameda,Pleasanton,Closed,construction,asset-protection-demolition-solano-county,41,yes,results,construction,https://www.bidthebay.com/construction-project-details/asset-protection-demolition-solano-county/r/recf6oxyxbpa3cTt5,2026-04-09T11:53:58-07:00,728,yes,,award_results,no
recf6t1kKautJFzpN,Cedar Rose Park 5-12 Playground Renovation and Site Improvements Project,City of Berkeley,Alameda,Berkeley,Closed,construction,cedar-rose-park-5-12-playground-renovation-and-site-improvements-project-city-of-berkeley,89,yes,results,construction,https://www.bidthebay.com/construction-project-details/cedar-rose-park-5-12-playground-renovation-and-site-improvements-project-city-of-berkeley/r/recf6t1kKautJFzpN,2026-05-21T17:09:52-07:00,302,no,,recently_closed,no
recf7NQQR4W8Moev0,Building 168 Roof Replacement,California Department of General Services (DGS),Napa,Napa ,Closed,construction,building-168-roof-replacement-california-department-of-general-services,71,no,,,,2026-09-07T11:36:49-07:00,230,no,,closed_stale_no_results,no
recf98sbipQJCeIzs,Sunnydale Ph. 4 Infrastructure Demo/Abatement,City and County of San Francisco,San Francisco,San Francisco,Closed,construction; professional services,sunnydale-ph-4-infrastructure-demo-abatement-city-and-county-of-san-francisco,77,no,,,,2026-04-11T10:47:16-07:00,844,no,,closed_stale_no_results,no
recf9cy4WOk2MZW1J,525 Golden Gate On-Site Non-Potable Water System,San Francisco Public Utilities Commission,San Francisco,San Francisco,Closed,construction; professional services,525-golden-gate-on-site-non-potable-water-system-san-francisco-public-utilities-commission,90,no,,,,2026-06-27T20:31:44-07:00,1174,no,,closed_stale_no_results,no
recfBwlERd0uI7nig,CM Tidewater Day Use Area,East Bay Regional Park District,Alameda,Oakland ,Closed,professional services,cm-tidewater-day-use-area-east-bay-regional-park-district,57,no,,,,2026-03-24T08:40:50-07:00,659,no,,closed_stale_no_results,no
recfBxHS49OOj0wE2,Carpet & Vinyl Flooring - Oakland,California Department of Industrial Relations,Alameda,Oakland,Closed,construction,carpet-vinyl-flooring-oakland-california-dept-of-industrial-relations,69,no,,,,2026-09-07T11:37:47-07:00,487,no,,closed_stale_no_results,no
recfDhIIeLPT8yhQa,Shoreline Golf Links Parking Lot Repaving,City of Mountain View,Santa Clara,Mountain View,Closed,construction,shoreline-golf-links-parking-lot-repaving-city-of-mountain-view,63,no,,,,2026-04-11T10:48:45-07:00,0,no,No description at all,closed_stale_no_results,no
recfFxamNMBleQwxv,Replace Boiler at Limantour Lodge,National Park Service,Marin,Point Reyes Station,Open,construction,replace-boiler-at-limantour-lodge-point-reyes-station,53,yes,open,construction,https://www.bidthebay.com/construction-project-details/replace-boiler-at-limantour-lodge-point-reyes-station/r/recfFxamNMBleQwxv,2026-09-08T09:30:10-07:00,430,no,,open_solicitation,no
recfHdQnNNd5JCBp7,On-Call CIP Water & Sewer Engineering Services,City of Pleasanton,Alameda,Pleasanton,Closed,professional services,on-call-cip-water-sewer-engineering-services-city-of-pleasanton,63,yes,results,professional services,https://www.bidthebay.com/professional-services-project-details/on-call-cip-water-sewer-engineering-services-city-of-pleasanton/r/recfHdQnNNd5JCBp7,2026-08-20T00:04:01-07:00,459,no,,recently_closed,no
recfJYNXIxdiSBMfb,UCB EHCP – Increment 3 – WP-3: Fire Suppression  ,UC Berkeley,Alameda,Berkeley,Closed,construction,ucb-ehcp-increment-3-wp-3-fire-suppression-uc-berkeley,54,yes,results,construction,https://www.bidthebay.com/construction-project-details/ucb-ehcp-increment-3-wp-3-fire-suppression-uc-berkeley/r/recfJYNXIxdiSBMfb,2026-07-10T11:56:23-07:00,321,yes,,award_results,no
recfLVoEmiji3mVDQ,"Place Micro-Surfacing, Pavement Delineation and Rumble Strip",California Department of Transportation (Caltrans),San Mateo,Woodside,Closed,construction,place-micro-surfacing-pavement-delineation-and-rumble-strip-cal-trans-district-4,80,yes,results,construction,https://www.bidthebay.com/construction-project-details/place-micro-surfacing-pavement-delineation-and-rumble-strip-cal-trans-district-4/r/recfLVoEmiji3mVDQ,2026-09-07T15:50:31-07:00,220,yes,,award_results,no
recfLlc4R9xGhP1sO,Student Health Center Roof Replacement,City College of San Francisco,San Francisco,San Francisco,Closed,construction,student-health-center-roof-replacement-city-college-of-san-francisco,68,yes,results,construction,https://www.bidthebay.com/construction-project-details/student-health-center-roof-replacement-city-college-of-san-francisco/r/recfLlc4R9xGhP1sO,2026-05-05T17:01:37-07:00,423,no,,recently_closed,no
recfMJkDUyOlNmhMa,SFMTA Garage Elevator Modernization - Phase 2A,San Francisco Public Works,San Francisco,San Francisco,Closed,construction,sfmta-garage-elevator-modernization-phase-2a-san-francisco-public-works,71,yes,results,construction,https://www.bidthebay.com/construction-project-details/sfmta-garage-elevator-modernization-phase-2a-san-francisco-public-works/r/recfMJkDUyOlNmhMa,2026-07-16T00:02:33-07:00,508,no,,recently_closed,no
recfNTpml89dbc6fb,NVLA Portable Classrooms Site Improvements,Napa Valley Unified School District,Napa,Napa,Closed,construction,nvla-portable-classrooms-site-improvements-napa-valley-unified-school-district,78,yes,results,construction,https://www.bidthebay.com/construction-project-details/nvla-portable-classrooms-site-improvements-napa-valley-unified-school-district/r/recfNTpml89dbc6fb,2026-06-01T03:19:13-07:00,64,yes,,award_results,no
recfNUSKucxB0fbCW,2027 Local Streets ADA Curb Ramps,City of San Jose,Santa Clara,San Jose,Closed,construction,2027-local-streets-ada-curb-ramps-city-of-san-jose,50,yes,results,construction,https://www.bidthebay.com/construction-project-details/2027-local-streets-ada-curb-ramps-city-of-san-jose/r/recfNUSKucxB0fbCW,2026-09-11T03:24:34-07:00,373,yes,,award_results,no
recfOgDvVMAxyxWuD, Carson Potable Water Pump Station Replacement,Redwood City,San Mateo,Redwood City,Closed,professional services,carson-potable-water-pump-station-replacement-city-of-redwood-city,66,yes,results,professional services,https://www.bidthebay.com/professional-services-project-details/carson-potable-water-pump-station-replacement-city-of-redwood-city/r/recfOgDvVMAxyxWuD,2026-09-07T11:37:33-07:00,245,no,,recently_closed,no
recfPtloTeBbc2020,ADA Signalized Intersections Batches 5 & 6,County of Sonoma,Sonoma,Sonoma County,Closed,construction,ada-signalized-intersections-batches-5-6-county-of-sonoma,57,no,,,,2026-04-11T10:46:37-07:00,456,no,,closed_stale_no_results,no
recfQOfYQ3VF0H4i1,Scheduled Drydocking and Capital Improvements for MS San Francisco,"Golden Gate Bridge, Highway and Transportation District",San Francisco,San Francisco,Closed,construction,scheduled-drydocking-and-capital-improvements-for-ms-san-francisco-golden-gate-bridge-highway-and-transportation-district,121,yes,results,construction,https://www.bidthebay.com/construction-project-details/scheduled-drydocking-and-capital-improvements-for-ms-san-francisco-golden-gate-bridge-highway-and-transportation-district/r/recfQOfYQ3VF0H4i1,2026-08-11T09:06:59-07:00,205,yes,,award_results,no
recfTKdeuImejdIVn,"Perimeter Fencing and Gates Project for PHS, MCHS, Burbank Elementary and EAHS  ",Santa Rosa City Schools,Sonoma,Santa Rosa,Closed,construction,perimeter-fencing-and-gates-project-for-phs-mchs-burbank-elementary-and-eahs-santa-rosa-city-schools,100,yes,results,construction,https://www.bidthebay.com/construction-project-details/perimeter-fencing-and-gates-project-for-phs-mchs-burbank-elementary-and-eahs-santa-rosa-city-schools/r/recfTKdeuImejdIVn,2026-04-22T17:08:05-07:00,163,no,,recently_closed,no
recfUMjBaLo4iQVDq,MTZ CRC Fire Alarm Systems and Panel Upgrade,University of California San Francisco,San Francisco,San Francisco,Open,construction,mtz-crc-fire-alarm-systems-and-panel-upgrade-san-francisco,58,yes,open,construction,https://www.bidthebay.com/construction-project-details/mtz-crc-fire-alarm-systems-and-panel-upgrade-san-francisco/r/recfUMjBaLo4iQVDq,2026-09-09T20:35:46-07:00,1127,no,,open_solicitation,no
recfX3p0R0F5EirLR,Pacifica Pier Rehabilitation Project,City of Pacifica,San Mateo,Pacifica ,Closed,professional services,pacifica-pier-rehabilitation-project-city-of-pacifica,53,no,,,,2026-03-30T10:03:27-07:00,359,no,,closed_stale_no_results,no
recfYaN7eRmE3UkZQ,Marin County Jail Cell Improvements & Related Work,County of Marin,Marin,San Rafael,Closed,construction,marin-county-jail-cell-improvements-related-work-county-of-marin,64,yes,results,construction,https://www.bidthebay.com/construction-project-details/marin-county-jail-cell-improvements-related-work-county-of-marin/r/recfYaN7eRmE3UkZQ,2026-08-18T11:14:21-07:00,308,yes,,award_results,no
recfaOfuMcDKdcxTY,Mission Bay ECDC - BP 1.1: Mechanical and Plumbing,University of California San Francisco,San Francisco,San Francisco,Open,construction,mission-bay-ecdc-bp-1-1-mechanical-and-plumbing-university-of-california-san-francisco,86,yes,open,construction,https://www.bidthebay.com/construction-project-details/mission-bay-ecdc-bp-1-1-mechanical-and-plumbing-university-of-california-san-francisco/r/recfaOfuMcDKdcxTY,2026-09-08T08:17:24-07:00,451,no,,open_solicitation,no
recfb91EfOyFh1VKb,Public Works Corporation Yard Modular Building Installation,City of Rio Vista,Solano,Rio Vista,Closed,construction,public-works-corporation-yard-modular-building-installation-city-of-rio-vista,77,yes,results,construction,https://www.bidthebay.com/construction-project-details/public-works-corporation-yard-modular-building-installation-city-of-rio-vista/r/recfb91EfOyFh1VKb,2026-05-14T17:04:16-07:00,1190,no,,recently_closed,no
recfd4ZzSAMnXdXBZ,Headworks Influent Gates Replacement Project,Central Marin Sanitation Agency,Marin,San Rafael,Closed,construction,headworks-influent-gates-replacement-project-central-marin-sanitation-agency,76,no,,,,2026-03-30T10:19:31-07:00,421,no,,closed_stale_no_results,no
recffouiWuDvVrg28,Cherry Street and Mowry Avenue Median Modifications Project,City of Newark,Alameda,Newark,Closed,construction,cherry-street-and-mowry-avenue-median-modifications-project-city-of-newark,74,yes,results,construction,https://www.bidthebay.com/construction-project-details/cherry-street-and-mowry-avenue-median-modifications-project-city-of-newark/r/recffouiWuDvVrg28,2026-09-09T22:19:10-07:00,420,yes,,award_results,no
recffuRZqq0JnADal,Moffitt/Long Hospital Room L363 CT Replacement,University of California San Francisco,San Francisco,San Francisco,Closed,construction,moffitt-long-hospital-room-l363-ct-replacement-university-of-california-san-francisco,85,yes,results,construction,https://www.bidthebay.com/construction-project-details/moffitt-long-hospital-room-l363-ct-replacement-university-of-california-san-francisco/r/recffuRZqq0JnADal,2026-07-15T03:54:01-07:00,239,yes,,award_results,no
recfhWZqwF6MIlBI3,San Rafael Bus Facility Water Line Modifications Engineering Design Services,"Golden Gate Bridge, Highway and Transportation District",Marin,San Rafael,Closed,professional services,san-rafael-bus-facility-water-line-modifications-engineering-design-services-golden-gate-bridge-highway-and-transportation-district,131,yes,results,professional services,https://www.bidthebay.com/professional-services-project-details/san-rafael-bus-facility-water-line-modifications-engineering-design-services-golden-gate-bridge-highway-and-transportation-district/r/recfhWZqwF6MIlBI3,2026-07-29T00:01:44-07:00,180,no,,recently_closed,no
recfi87L25MVTOvpw,Rejected: ER Taylor Elementary School – Destructive Testing,San Francisco Unified School District,San Francisco,San Francisco,Closed,construction,rejected-er-taylor-elementary-school-destructive-testing-san-francisco-unified-school-district,94,yes,results,construction,https://www.bidthebay.com/construction-project-details/rejected-er-taylor-elementary-school-destructive-testing-san-francisco-unified-school-district/r/recfi87L25MVTOvpw,2026-08-16T21:44:44-07:00,270,no,,recently_closed,no
recfkJA8pur7TyGBS,San Bruno Corporation Yard EV Chargers Phase 2  ,City of San Bruno,San Mateo,San Bruno,Closed,construction,san-bruno-corporation-yard-ev-chargers-phase-2-city-of-san-bruno,64,yes,results,construction,https://www.bidthebay.com/construction-project-details/san-bruno-corporation-yard-ev-chargers-phase-2-city-of-san-bruno/r/recfkJA8pur7TyGBS,2026-04-28T07:10:15-07:00,295,yes,,award_results,no
recfkdY72gJycY8bh,PW Pier 96 Crane Demolition,City and County of San Francisco,San Francisco,San Francisco,Closed,construction,pw-pier-96-crane-demolition-city-and-county-of-san-francisco,60,no,,,,2026-03-24T08:55:16-07:00,805,no,,closed_stale_no_results,no
recflPvIppsskwMkn,Design - Old Redwood Highway Complete Streets - Arata Lane to Windsor Road 2026,Town of Windsor,Sonoma,Windsor,Closed,professional services,design-old-redwood-highway-complete-streets-arata-lane-to-windsor-road-2026-town-of-windsor,91,yes,results,professional services,https://www.bidthebay.com/professional-services-project-details/design-old-redwood-highway-complete-streets-arata-lane-to-windsor-road-2026-town-of-windsor/r/recflPvIppsskwMkn,2026-08-07T10:49:03-07:00,192,no,,recently_closed,no
recfonzrGJlN5iI0K,Asset Protection - Miscellaneous Metals,Solano County,Solano,Fairfield,Closed,construction,asset-protection-miscellaneous-metals-solano-county,51,no,,,,2026-03-28T10:10:57-07:00,738,no,,closed_stale_no_results,no
recfpCPDrd1hsjAHP,Construction Management and Inspection Services - Shore Acres Forcemain Repair Project,Delta Diablo Sanitation District,Contra Costa,Antioch,Closed,professional services,construction-management-and-inspection-services-shore-acres-forcemain-repair-project-delta-diablo-sanitation-district,117,yes,results,professional services,https://www.bidthebay.com/professional-services-project-details/construction-management-and-inspection-services-shore-acres-forcemain-repair-project-delta-diablo-sanitation-district/r/recfpCPDrd1hsjAHP,2026-06-13T00:03:14-07:00,0,no,No description at all,recently_closed,no
recfqxC0WHTIKdNFs,Butcher Road Reservoirs  #1 and #2 Rehabilitation ,City of Vacaville,Solano,Vacaville,Closed,construction,butcher-road-reservoirs-1-and-2-rehabilitation-city-of-vacaville,64,yes,results,construction,https://www.bidthebay.com/construction-project-details/butcher-road-reservoirs-1-and-2-rehabilitation-city-of-vacaville/r/recfqxC0WHTIKdNFs,2026-08-21T00:04:58-07:00,357,no,,recently_closed,no
recfsJIdU5OHc0aaO,Deer Island Residence Improvements Project,County of Marin,Marin,Novato,Closed,construction,deer-island-residence-improvements-project-county-of-marin,58,no,,,,2026-06-23T03:22:22-07:00,910,no,,closed_stale_no_results,no
recfufjZjIml6ivWi,Traffic Signal Upgrades - Citywide Project Labor Agreement (PLA) ,City and County of San Francisco,San Francisco,San Francisco,Closed,construction,traffic-signal-upgrades-citywide-project-labor-agreement-pla-city-and-county-of-san-francisco,93,no,,,,2026-04-11T10:46:43-07:00,164,no,,closed_stale_no_results,no
recfwm1isoJ0XKcbg,2026 Citywide Pavement Rehabilitation Project,City of Benicia,Solano,Benicia,Closed,construction,2026-citywide-pavement-rehabilitation-project-city-of-benicia,61,yes,results,construction,https://www.bidthebay.com/construction-project-details/2026-citywide-pavement-rehabilitation-project-city-of-benicia/r/recfwm1isoJ0XKcbg,2026-06-26T21:59:39-07:00,426,yes,,award_results,no
recg2BOaB5XSoRrTb,WWTP Pavement Maintenance Project ,Napa Sanitation District,Napa,Napa,Closed,construction,wwtp-pavement-maintenance-project-napa-sanitation-district,58,yes,results,construction,https://www.bidthebay.com/construction-project-details/wwtp-pavement-maintenance-project-napa-sanitation-district/r/recg2BOaB5XSoRrTb,2026-07-10T20:41:07-07:00,345,yes,,award_results,no
recg5B18XJdVDT62X,Lincoln Avenue Bridge Preventive Maintenance,City of San Rafael,Marin,San Rafael,Closed,professional services,lincoln-avenue-bridge-preventive-maintenance-city-of-san-rafael,63,yes,results,professional services,https://www.bidthebay.com/professional-services-project-details/lincoln-avenue-bridge-preventive-maintenance-city-of-san-rafael/r/recg5B18XJdVDT62X,2026-08-15T00:01:44-07:00,777,no,,recently_closed,no
recg77BDtTgvjpQP4,"UCB EHCP – Increment 4 – WP-14: Structural Steel, Metal Decking, and Metal Fabrication  ",UC Berkeley,Alameda,Berkeley,Closed,construction,ucb-ehcp-increment-4-wp-14-structural-steel-metal-decking-and-metal-fabrication-uc-berkeley,91,yes,results,construction,https://www.bidthebay.com/construction-project-details/ucb-ehcp-increment-4-wp-14-structural-steel-metal-decking-and-metal-fabrication-uc-berkeley/r/recg77BDtTgvjpQP4,2026-08-11T04:41:55-07:00,969,yes,,award_results,no
recg9gZzgOoAS9L3a,Building Inspection and Plan Review Services,City of Dublin,Alameda,Dublin,Closed,professional services,building-inspection-and-plan-review-services-city-of-dublin,59,no,,,,2026-03-30T09:31:59-07:00,1268,no,,closed_stale_no_results,no
recgC2DNMiumxdZpn,Emerald Glen Ballfield Improvement – Landscape & Irrigation,Dublin Unified School District,Alameda,Dublin,Closed,construction,emerald-glen-ballfield-improvement-landscape-irrigation-dublin-unified-school-district,86,no,,,,2026-07-10T12:07:05-07:00,0,no,No description at all,closed_stale_no_results,no
recgCBS1a3eq9hawm,Roof Maintenance,Alameda Municipal Power,Alameda,Alameda,Closed,construction,roof-maintenance-alameda-municipal-power,40,yes,results,construction,https://www.bidthebay.com/construction-project-details/roof-maintenance-alameda-municipal-power/r/recgCBS1a3eq9hawm,2026-06-12T00:09:38-07:00,361,no,,recently_closed,no
recgEBHdQ87moNPEA,Rejected: MC Campus Center Security Upgrades,West Valley Mission Community College District,Santa Clara,Santa Clara,Closed,construction,rejected-mc-campus-center-security-upgrades-west-valley-mission-community-college-district,90,yes,results,construction,https://www.bidthebay.com/construction-project-details/rejected-mc-campus-center-security-upgrades-west-valley-mission-community-college-district/r/recgEBHdQ87moNPEA,2026-09-07T10:30:06-07:00,0,no,No description at all,recently_closed,no
recgHSJSJJOH1r9mE,4-Year On-Call Pedestrian Door Maintenance,City of Alameda,Alameda,Alameda ,Closed,construction,4-year-on-call-pedestrian-door-maintenance-city-of-alameda,58,no,,,,2026-03-24T08:30:35-07:00,416,no,,closed_stale_no_results,no
recgKWJate7f3sqSu,2026 Citywide Curb Ramp Project,City of Benicia,Solano,Benicia,Closed,construction,2026-citywide-curb-ramp-project-city-of-benicia,47,no,,,,2026-04-11T10:48:55-07:00,514,no,,closed_stale_no_results,no
recgUW9VVhmxu3M3n,Design and Construction of the Santa Rosa At-Grade Crossing Improvements Project,Sonoma-Marin Area Rail Transit (SMART),Sonoma,Santa Rosa,Closed,construction; professional services,design-and-construction-of-the-santa-rosa-at-grade-crossing-improvements-project-sonoma-marin-area-rail-transit-smart,117,yes,results,construction,https://www.bidthebay.com/construction-project-details/design-and-construction-of-the-santa-rosa-at-grade-crossing-improvements-project-sonoma-marin-area-rail-transit-smart/r/recgUW9VVhmxu3M3n,2026-06-18T00:02:38-07:00,1081,no,,multi_category_provisional_construction,yes
recgUbDk1uBLdsQoj,WPCP Oxidation Pond Levee Rehabilitation 2025,City of Sunnyvale,Santa Clara,Sunnyvale,Closed,construction,wpcp-oxidation-pond-levee-rehabilitation-2025-city-of-sunnyvale,63,yes,results,construction,https://www.bidthebay.com/construction-project-details/wpcp-oxidation-pond-levee-rehabilitation-2025-city-of-sunnyvale/r/recgUbDk1uBLdsQoj,2026-04-30T07:37:28-07:00,1604,no,,recently_closed,no
recgWcCbsEOU2rW3n,Fire Door Inspection and Repair Service,California Department of Veterans Affairs (CalVet),Santa Clara; San Mateo; Alameda,"Palo Alto, Menlo Park, Livermore",Open,construction,fire-door-inspection-and-repair-service-department-of-veterans-affairs,70,yes,open,construction,https://www.bidthebay.com/construction-project-details/fire-door-inspection-and-repair-service-department-of-veterans-affairs/r/recgWcCbsEOU2rW3n,2026-09-11T05:52:38-07:00,671,no,,open_solicitation,no
recgaZ5f2e0iSRBbR,"Cabrillo, Glenmoor & Patterson ES HVAC Replacement",Fremont Unified School District,Alameda,Fremont,Closed,construction,cabrillo-glenmoor-patterson-es-hvac-replacement-fremont-unified-school-district,79,yes,results,construction,https://www.bidthebay.com/construction-project-details/cabrillo-glenmoor-patterson-es-hvac-replacement-fremont-unified-school-district/r/recgaZ5f2e0iSRBbR,2026-07-08T10:12:46-07:00,0,yes,No description at all,award_results,no
recgaukVUXYejY0of,Mercy Housing - Amani and Nia Tenant Improvements ,City and County of San Francisco,San Francisco,San Francisco,Closed,construction,mercy-housing-amani-and-nia-tenant-improvements-city-and-county-of-san-francisco,80,yes,results,construction,https://www.bidthebay.com/construction-project-details/mercy-housing-amani-and-nia-tenant-improvements-city-and-county-of-san-francisco/r/recgaukVUXYejY0of,2026-08-08T00:04:21-07:00,1066,no,,recently_closed,no
recgbRl94flxhgkF7,Grade 4 and 5 Pipe Repair & Replacement Project,West Bay Sanitary District,San Mateo,San Mateo,Closed,construction,grade-4-and-5-pipe-repair-replacement-project-west-bay-sanitary-district,72,no,,,,2026-04-11T10:48:26-07:00,0,no,No description at all,closed_stale_no_results,no
recgf1hzct1Y4luDp,Marin County Juvenile Hall Camera System,County of Marin,Marin,San Rafael,Open,construction,marin-county-juvenile-hall-camera-system-county-of-marin,56,yes,open,construction,https://www.bidthebay.com/construction-project-details/marin-county-juvenile-hall-camera-system-county-of-marin/r/recgf1hzct1Y4luDp,2026-08-18T10:45:51-07:00,427,no,,open_solicitation,no
recgfqatCISyxL7tI,"Replace Bridge & Culverts, HMA, RHMA, Modified Lighting & Erosion Control",Cal Trans District 4,Marin,Novato,Open,construction,replace-bridge-culverts-hma-rhma-modified-lighting-novato,57,yes,open,construction,https://www.bidthebay.com/construction-project-details/replace-bridge-culverts-hma-rhma-modified-lighting-novato/r/recgfqatCISyxL7tI,2026-09-11T06:06:22-07:00,161,no,,open_solicitation,no
recgg9TVlSakpGPed,Thornton MS MPR Renovations Project - Flooring Trades,Fremont Unified School District,Alameda,Fremont,Closed,construction,thornton-ms-mpr-renovations-project-flooring-trades-fremont-unified-school-district,83,yes,results,construction,https://www.bidthebay.com/construction-project-details/thornton-ms-mpr-renovations-project-flooring-trades-fremont-unified-school-district/r/recgg9TVlSakpGPed,2026-07-10T12:26:29-07:00,76,yes,,award_results,no
recggkicViG5h7KgW,On-Call Special Inspection & Materials Testing,City of Dublin,Alameda,Dublin,Closed,professional services,on-call-special-inspection-materials-testing-city-of-dublin,59,yes,results,professional services,https://www.bidthebay.com/professional-services-project-details/on-call-special-inspection-materials-testing-city-of-dublin/r/recggkicViG5h7KgW,2026-04-24T17:03:31-07:00,532,no,,recently_closed,no
recgh8o0NGXZHHYIB,HVAC Maintenance and Repair Services,California Department of State Hospitals,Napa,Napa ,Closed,construction,hvac-maintenance-and-repair-services-california-department-of-state-hospitals,77,yes,results,construction,https://www.bidthebay.com/construction-project-details/hvac-maintenance-and-repair-services-california-department-of-state-hospitals/r/recgh8o0NGXZHHYIB,2026-04-30T17:08:26-07:00,335,no,,recently_closed,no
recgjIUo20xYSzecB,"On-Call Gate Installation, Repair, and Maintenance Services",County of San Mateo,San Mateo,Various Cities,Closed,construction,on-call-gate-installation-repair-and-maintenance-services-county-of-san-mateo,77,yes,results,construction,https://www.bidthebay.com/construction-project-details/on-call-gate-installation-repair-and-maintenance-services-county-of-san-mateo/r/recgjIUo20xYSzecB,2026-07-02T10:16:41-07:00,1245,no,,recently_closed,no
recglQb07aqqLdbNr,Progressive Design Build Contractor for Regional Mapping & Wayfinding Project,Metropolitan Transportation Commission,Alameda; Marin; Napa; Contra Costa; San Francisco; San Mateo; Solano; Santa Clara; Sonoma,Bay Area,Closed,construction; professional services,progressive-design-build-contractor-for-regional-mapping-wayfinding-project-metropolitan-transportation-commission,114,yes,results,construction,https://www.bidthebay.com/construction-project-details/progressive-design-build-contractor-for-regional-mapping-wayfinding-project-metropolitan-transportation-commission/r/recglQb07aqqLdbNr,2026-08-11T09:31:47-07:00,706,yes,,multi_category_provisional_construction,yes
recgnKZ0OPr9tQiN4,RSSP Residential Halls Repainting FY25,UC Berkeley ,Alameda,Albany,Closed,construction,rssp-residential-halls-repainting-fy25-uc-berkeley,50,yes,results,construction,https://www.bidthebay.com/construction-project-details/rssp-residential-halls-repainting-fy25-uc-berkeley/r/recgnKZ0OPr9tQiN4,2026-05-15T02:01:39-07:00,865,yes,,award_results,no
recgoPA52QtdvIpNO,Island Parkway Pump Station and Force Main Improvements Project,City of Belmont,San Mateo,Belmont,Open,professional services,island-parkway-pump-station-force-main-belmont,46,yes,open,professional services,https://www.bidthebay.com/professional-services-project-details/island-parkway-pump-station-force-main-belmont/r/recgoPA52QtdvIpNO,2026-09-09T23:45:31-07:00,264,no,,open_solicitation,no
recgqFgf5K9xtj5Qh,Asset Protection - Earthwork and Paving,Solano County,Solano,Fairfield,Closed,construction,asset-protection-earthwork-and-paving-solano-county,51,no,,,,2026-03-28T10:06:48-07:00,814,no,,closed_stale_no_results,no
recgqiKhsxa7L0i1Z,Del Mar High School Voluntary Seismic Improvements in Building K,Campbell Union High School District,Santa Clara,San Jose,Closed,construction,del-mar-high-school-voluntary-seismic-improvements-in-building-k-cambell-union-high-school-district,99,yes,results,construction,https://www.bidthebay.com/construction-project-details/del-mar-high-school-voluntary-seismic-improvements-in-building-k-cambell-union-high-school-district/r/recgqiKhsxa7L0i1Z,2026-09-07T11:36:49-07:00,0,yes,No description at all,award_results,no
recgv7pJtZdmDAFQR,HVAC Services  ,City of Napa,Napa,Napa ,Closed,construction,hvac-services-city-of-napa,26,yes,results,construction,https://www.bidthebay.com/construction-project-details/hvac-services-city-of-napa/r/recgv7pJtZdmDAFQR,2026-07-30T09:41:01-07:00,122,yes,,award_results,no
recgz4yygdZAWwhFd,Flooring at Steele Lane Community Center,City of Santa Rosa,Sonoma,Santa Rosa,Closed,construction,flooring-at-steele-lane-community-center-city-of-santa-rosa,59,yes,results,construction,https://www.bidthebay.com/construction-project-details/flooring-at-steele-lane-community-center-city-of-santa-rosa/r/recgz4yygdZAWwhFd,2026-06-03T09:29:54-07:00,170,yes,,award_results,no
recgzJnDjqQd5X7JB,(CM/GC) Services for the Midfield Taxiways Improvement Project,San Francisco International Airport,San Mateo,San Francisco,Closed,construction,cm-gc-services-for-the-midfield-taxiways-improvement-project-san-francisco-international-airport-sfo,100,yes,results,construction,https://www.bidthebay.com/construction-project-details/cm-gc-services-for-the-midfield-taxiways-improvement-project-san-francisco-international-airport-sfo/r/recgzJnDjqQd5X7JB,2026-09-07T10:43:23-07:00,342,yes,,award_results,no
recgzKnxCuvUNOWsm,Athletic Facilities Modernization - Phase 1,Central Contra Costa Sanitary District,Santa Clara,Gilroy,Closed,construction,athletic-facilities-modernization-phase-1-central-contra-costa-sanitary-district,80,yes,results,construction,https://www.bidthebay.com/construction-project-details/athletic-facilities-modernization-phase-1-central-contra-costa-sanitary-district/r/recgzKnxCuvUNOWsm,2026-08-28T00:03:15-07:00,908,no,,recently_closed,no
rech1RF1aYjZJgbFr,Design Services for Fire Station Security Improvements,City of Santa Clara,Santa Clara,Santa Clara,Open,professional services,design-fire-station-security-santa-clara,40,yes,open,professional services,https://www.bidthebay.com/professional-services-project-details/design-fire-station-security-santa-clara/r/rech1RF1aYjZJgbFr,2026-09-11T06:37:29-07:00,1341,no,,open_solicitation,no
rech371tdFbBFb9Cz,Alarm System Dialer and Panel Upgrade Installation Services - San Jose  ,California Employment Development Department,Santa Clara,San Jose,Open,construction,alarm-system-dialer-and-panel-upgrade-installation-services-san-jose-california-employment-development-department,113,yes,open,construction,https://www.bidthebay.com/construction-project-details/alarm-system-dialer-and-panel-upgrade-installation-services-san-jose-california-employment-development-department/r/rech371tdFbBFb9Cz,2026-09-10T09:25:12-07:00,714,no,,open_solicitation,no
rech4UpWfCUXEZT9j,UCB Bancroft Student Housing Building BP #13.3 - Surveying,UC Berkeley,Alameda,Berkeley,Closed,construction,ucb-bancroft-student-housing-building-bp-13-3-surveying-uc-berkeley,67,yes,results,construction,https://www.bidthebay.com/construction-project-details/ucb-bancroft-student-housing-building-bp-13-3-surveying-uc-berkeley/r/rech4UpWfCUXEZT9j,2026-06-01T04:05:31-07:00,0,yes,No description at all,award_results,no
rech5Nqq8OZt87ok4,Las Animas Park Pickleball Courts,City of Gilroy,Santa Clara,Gilroy,Closed,construction,las-animas-park-pickleball-courts-city-of-gilroy,48,yes,results,construction,https://www.bidthebay.com/construction-project-details/las-animas-park-pickleball-courts-city-of-gilroy/r/rech5Nqq8OZt87ok4,2026-05-19T07:08:39-07:00,544,yes,,award_results,no
rech7g9rsHcHXdyyD,Livermore Village Remediation - Soil Removal Project,City of Livermore,Alameda,Livermore,Closed,construction,livermore-village-remediation-soil-removal-project-city-of-livermore,68,yes,results,construction,https://www.bidthebay.com/construction-project-details/livermore-village-remediation-soil-removal-project-city-of-livermore/r/rech7g9rsHcHXdyyD,2026-07-07T09:23:41-07:00,305,yes,,award_results,no
rech91g8aRoF8BVvH,Bottle Filler and Fountain Installation at Bridges Academy and Sylvandale Middle Schools ,Franklin-McKinley School District,Santa Clara,San Jose,Closed,construction,bottle-filler-and-fountain-installation-at-bridges-academy-and-sylvandale-middle-schools-franklin-mckinley-school-district,122,yes,results,construction,https://www.bidthebay.com/construction-project-details/bottle-filler-and-fountain-installation-at-bridges-academy-and-sylvandale-middle-schools-franklin-mckinley-school-district/r/rech91g8aRoF8BVvH,2026-05-14T10:44:15-07:00,260,yes,,award_results,no
rech9HL8ZxAkRbvbj,Synthetic Turf Field Removal / Replacement Project at Lowell High School,San Francisco Unified School District,San Francisco,San Francisco,Closed,construction,synthetic-turf-field-removal-replacement-project-at-lowell-high-school-san-francisco-unified-school-district,108,yes,results,construction,https://www.bidthebay.com/construction-project-details/synthetic-turf-field-removal-replacement-project-at-lowell-high-school-san-francisco-unified-school-district/r/rech9HL8ZxAkRbvbj,2026-03-28T09:59:05-07:00,2584,no,,recently_closed,no
rech9x6Abf0cl0QRH,As-Needed Agreements for Airport-Wide Electrical Repair and Construction Services,San Francisco International Airport,San Francisco,San Francisco,Open,construction,as-needed-agreements-for-airport-wide-electrical-repair-and-construction-services-san-francisco-international-airport-sfo,121,yes,open,construction,https://www.bidthebay.com/construction-project-details/as-needed-agreements-for-airport-wide-electrical-repair-and-construction-services-san-francisco-international-airport-sfo/r/rech9x6Abf0cl0QRH,2026-09-07T10:48:09-07:00,920,no,,open_solicitation,no
rechH5sVADWdrNP0U,2026 On-Call Engineering and Professional Services for Public Works Project within the County of San Mateo,County of San Mateo,San Mateo,San Mateo,Closed,professional services,2026-on-call-engineering-and-professional-services-for-public-works-project-within-the-county-of-san-mateo-county-of-san-mateo,126,yes,results,professional services,https://www.bidthebay.com/professional-services-project-details/2026-on-call-engineering-and-professional-services-for-public-works-project-within-the-county-of-san-mateo-county-of-san-mateo/r/rechH5sVADWdrNP0U,2026-08-22T00:05:01-07:00,338,no,,recently_closed,no
rechJvbymYRqaKcsv,"Architectural and Design Services for Planning, Modernization, and Construction of School Facilities",San Lorenzo Unified School District,Alameda,"San Lorenzo, San Leandro, Hayward",Closed,professional services,architectural-and-design-services-for-planning-modernization-and-construction-of-school-facilities-san-lorenzo-unified-school-district,134,yes,results,professional services,https://www.bidthebay.com/professional-services-project-details/architectural-and-design-services-for-planning-modernization-and-construction-of-school-facilities-san-lorenzo-unified-school-district/r/rechJvbymYRqaKcsv,2026-08-01T00:05:04-07:00,1728,no,,recently_closed,no
rechMPSTf4D2YFx0f,Theatrical Rigging System Testing and Repair Services,Sequoia Union High School District,San Mateo,"Various locations including Redwood City, Belmont, San Carlos, Woodside",Closed,construction,theatrical-rigging-system-testing-and-repair-services-sequoia-union-high-school-district,88,yes,results,construction,https://www.bidthebay.com/construction-project-details/theatrical-rigging-system-testing-and-repair-services-sequoia-union-high-school-district/r/rechMPSTf4D2YFx0f,2026-07-08T21:41:48-07:00,740,no,,recently_closed,no
rechOtmixJSkhiomg,Menlo-Atherton High School Bleacher Project,Sequoia Union High School District,San Mateo,Atherton,Closed,construction,menlo-atherton-high-school-bleacher-project-sequoia-union-high-school-district,78,yes,results,construction,https://www.bidthebay.com/construction-project-details/menlo-atherton-high-school-bleacher-project-sequoia-union-high-school-district/r/rechOtmixJSkhiomg,2026-07-08T21:42:31-07:00,179,yes,,award_results,no
rechPwpdcW2cuQoM3,Miscellaneous Sanitary Sewer Repairs FY 2024-2025 Package III,City of San Jose,Santa Clara,San Jose,Closed,construction,miscellaneous-sanitary-sewer-repairs-fy-2024-2025-package-iii-city-of-san-jose,78,yes,results,construction,https://www.bidthebay.com/construction-project-details/miscellaneous-sanitary-sewer-repairs-fy-2024-2025-package-iii-city-of-san-jose/r/rechPwpdcW2cuQoM3,2026-07-15T04:37:54-07:00,572,yes,,award_results,no
rechQ0uokLb3Ius7c,2026 Minor Pavement Repair Project,City of Sausalito,Marin,Sausalito,Closed,construction,2026-minor-pavement-repair-project-city-of-sausalito,52,yes,results,construction,https://www.bidthebay.com/construction-project-details/2026-minor-pavement-repair-project-city-of-sausalito/r/rechQ0uokLb3Ius7c,2026-08-26T10:32:55-07:00,462,yes,,award_results,no
rechQQPD96hbAH23o,UCB EHCP – Increment 6 – WP-39: Signage,UC Berkeley,Alameda,Berkeley,Closed,construction,ucb-ehcp-increment-6-wp-39-signage-uc-berkeley,46,yes,results,construction,https://www.bidthebay.com/construction-project-details/ucb-ehcp-increment-6-wp-39-signage-uc-berkeley/r/rechQQPD96hbAH23o,2026-09-10T00:02:12-07:00,179,no,,recently_closed,no
rechRTZzRUJNlTCZq,Upgrade Nurse Call System at CCRMC,Contra Costa County,Contra Costa,Martinez,Closed,construction; professional services,upgrade-nurse-call-system-at-ccrmc-contra-costa-county,54,yes,results,construction,https://www.bidthebay.com/construction-project-details/upgrade-nurse-call-system-at-ccrmc-contra-costa-county/r/rechRTZzRUJNlTCZq,2026-05-06T17:07:43-07:00,939,no,,multi_category_provisional_construction,yes
rechRU8yHM1RpK3t7,Coyote Creek Flood Protection Project,Santa Clara Valley Water District,Santa Clara,San Jose,Closed,construction,coyote-creek-flood-protection-project-santa-clara-valley-water-district,71,yes,results,construction,https://www.bidthebay.com/construction-project-details/coyote-creek-flood-protection-project-santa-clara-valley-water-district/r/rechRU8yHM1RpK3t7,2026-07-30T06:55:17-07:00,258,yes,,award_results,no
rechS4NBFa7Ly6Kkg,On-Call Environmental Consulting & Engineering Services – Cooley Landing Site,City of East Palo Alto,San Mateo,East Palo Alto,Closed,professional services,on-call-environmental-consulting-engineering-services-cooley-landing-site-city-of-east-palo-alto,96,no,,,,2026-05-11T00:40:21-07:00,1062,no,,closed_stale_no_results,no
rechSNoM3NjqPjJTe,Construction Management Services for District Construction Projects,Vallejo City Unified School District,Solano,Vallejo,Closed,professional services,construction-management-services-for-district-construction-projects-vallejo-city-unified-school-district,104,yes,results,professional services,https://www.bidthebay.com/professional-services-project-details/construction-management-services-for-district-construction-projects-vallejo-city-unified-school-district/r/rechSNoM3NjqPjJTe,2026-07-16T07:56:31-07:00,447,no,,recently_closed,no
rechT29t5EBjCGPyj,"Runway 19L, 28L & 28R Timber Trestle Improvements",San Francisco International Airport,San Francisco,San Francisco,Open,construction,runway-19l-28l-28r-timber-trestle-improvements-san-francisco-international-airport-sfo,86,yes,open,construction,https://www.bidthebay.com/construction-project-details/runway-19l-28l-28r-timber-trestle-improvements-san-francisco-international-airport-sfo/r/rechT29t5EBjCGPyj,2026-09-07T10:47:59-07:00,429,no,Open but due date passed,open_solicitation,no
rechU7iVsLL1Ibb6F,Regatta SSLS Replacement Project,Vallejo Flood and Wastewater District,Solano,Vallejo,Closed,professional services,regatta-ssls-replacement-project-vallejo-flood-wastewater-district,66,yes,results,professional services,https://www.bidthebay.com/professional-services-project-details/regatta-ssls-replacement-project-vallejo-flood-wastewater-district/r/rechU7iVsLL1Ibb6F,2026-09-07T11:36:49-07:00,735,no,,recently_closed,no
rechWWON7iwQxmPCC,Horticulture Main and Annex Roof Replacement,City College of San Francisco,San Francisco,San Francisco,Closed,construction,horticulture-main-and-annex-roof-replacement-city-college-of-san-francisco,74,yes,results,construction,https://www.bidthebay.com/construction-project-details/horticulture-main-and-annex-roof-replacement-city-college-of-san-francisco/r/rechWWON7iwQxmPCC,2026-05-14T17:04:19-07:00,219,no,,recently_closed,no
rechYm2kUkAebaGKw,San Jose Convention Center Restrooms Upgrades Phase II,City of San Jose,Santa Clara,San Jose,Open,construction,san-jose-convention-center-restrooms-upgrades-phase-ii-city-of-san-jose,71,yes,open,construction,https://www.bidthebay.com/construction-project-details/san-jose-convention-center-restrooms-upgrades-phase-ii-city-of-san-jose/r/rechYm2kUkAebaGKw,2026-09-10T10:37:57-07:00,251,no,,open_solicitation,no
rechZapWQWiikgSsG,Media Filter Rehabilitation for WTP Filters #1 & #2,City of Benicia,Solano,Benicia,Open,construction,media-filter-rehabilitation-for-wtp-filters-1-2-city-of-benicia,63,yes,open,construction,https://www.bidthebay.com/construction-project-details/media-filter-rehabilitation-for-wtp-filters-1-2-city-of-benicia/r/rechZapWQWiikgSsG,2026-09-02T10:14:44-07:00,1191,no,,open_solicitation,no
rechZyiltTXCIIPNF,SJC Airside High Mast Lighting Replacement,City of San Jose,Santa Clara,San Jose,Closed,construction,sjc-airside-high-mast-lighting-replacement-city-of-san-jose,59,yes,results,construction,https://www.bidthebay.com/construction-project-details/sjc-airside-high-mast-lighting-replacement-city-of-san-jose/r/rechZyiltTXCIIPNF,2026-05-29T00:02:01-07:00,243,no,,recently_closed,no
rechcrMhNSJb5OZ5h,"8"" and 12"" Ductile Iron Water Main Replacement and Rehab, Sewer Replacement and Rehab, and Pavement Renovation",San Francisco Public Utilities Commission,San Francisco,San Francisco,Open,construction,8-and-12-ductile-iron-water-main-replacement-and-rehab-sewer-replacement-and-rehab-and-pavement-renovation-san-francisco-public-utilities-commission,148,yes,open,construction,https://www.bidthebay.com/construction-project-details/8-and-12-ductile-iron-water-main-replacement-and-rehab-sewer-replacement-and-rehab-and-pavement-renovation-san-francisco-public-utilities-commission/r/rechcrMhNSJb5OZ5h,2026-09-01T10:39:12-07:00,435,no,,open_solicitation,no
rechdPItcF77QtOvT,Tilden Nature Area Wildfire Resilience Project,East Bay Regional Park District,Alameda,Berkeley,Closed,construction,tilden-nature-area-wildfire-resilience-project-east-bay-regional-park-district,78,no,,,,2026-04-11T10:49:20-07:00,620,no,,closed_stale_no_results,no
reche9WRqZeBVCu6f,Installation of 270 Ft of Anti-Climb Fence,San Mateo County Transit District,San Mateo,San Carlos,Open,construction,installation-of-185-ft-of-anti-climb-fence-san-mateo-county-transit-district,76,yes,open,construction,https://www.bidthebay.com/construction-project-details/installation-of-185-ft-of-anti-climb-fence-san-mateo-county-transit-district/r/reche9WRqZeBVCu6f,2026-09-09T22:09:14-07:00,3671,no,,open_solicitation,no
rechgsAutVwyzQaEM,2026 Pavement Overlay & Curb Ramp Project (Broadway),Redwood City,San Mateo,Redwood ,Closed,construction,2026-pavement-overlay-curb-ramp-project-broadway-city-of-redwood-city,69,yes,results,construction,https://www.bidthebay.com/construction-project-details/2026-pavement-overlay-curb-ramp-project-broadway-city-of-redwood-city/r/rechgsAutVwyzQaEM,2026-09-07T11:37:33-07:00,562,yes,,award_results,no
rechihwUWFFlHjqOF,Browns Valley Road & Laurel Street Paving,City of Napa,Napa,Napa,Closed,construction,browns-valley-road-laurel-street-paving-city-of-napa,52,no,,,,2026-04-11T10:49:20-07:00,311,no,,closed_stale_no_results,no
rechmGCn7T6zzkixf,2026 Dawn Way Conveyance Improvements Project,Town of Windsor,Sonoma,Windsor,Closed,construction,2026-dawn-way-conveyance-improvements-project-town-of-windsor,61,yes,results,construction,https://www.bidthebay.com/construction-project-details/2026-dawn-way-conveyance-improvements-project-town-of-windsor/r/rechmGCn7T6zzkixf,2026-05-28T00:45:31-07:00,93,yes,,award_results,no
rechnjQeSVCjd21Xp,Citywide Street Rehabilitation Package 6-B2,City of San Mateo,San Mateo,San Mateo,Closed,construction,citywide-street-rehabilitation-package-6-b2-city-of-san-mateo,61,yes,results,construction,https://www.bidthebay.com/construction-project-details/citywide-street-rehabilitation-package-6-b2-city-of-san-mateo/r/rechnjQeSVCjd21Xp,2026-07-10T04:08:32-07:00,208,no,,recently_closed,no
recho2coC3uJXIiUY,Hamilton Families Roof Replacement,City and County of San Francisco,San Francisco,San Francisco,Closed,construction,hamilton-families-roof-replacement-city-and-county-of-san-francisco,67,yes,results,construction,https://www.bidthebay.com/construction-project-details/hamilton-families-roof-replacement-city-and-county-of-san-francisco/r/recho2coC3uJXIiUY,2026-07-24T00:01:53-07:00,461,no,,recently_closed,no
recho6uMV37oTamtb,Fire Station Security Upgrades,City of Santa Clara,Santa Clara,Santa Clara,Closed,professional services,fire-station-security-upgrades-city-of-santa-clara,50,yes,results,professional services,https://www.bidthebay.com/professional-services-project-details/fire-station-security-upgrades-city-of-santa-clara/r/recho6uMV37oTamtb,2026-08-07T00:04:24-07:00,1195,no,,recently_closed,no
rechoIpTBMI9rrHfJ,Cal Softball Field Renovation,UC Berkeley,Alameda,Berkeley,Closed,construction,cal-softball-field-renovation-uc-berkeley,41,yes,results,construction,https://www.bidthebay.com/construction-project-details/cal-softball-field-renovation-uc-berkeley/r/rechoIpTBMI9rrHfJ,2026-06-27T20:28:44-07:00,683,yes,,award_results,no
rechp7Xze1huKsorc,Sunnydale Market at Amani Tenant Improvement - Rebid,City and County of San Francisco,San Francisco,San Francisco,Closed,construction,sunnydale-market-at-amani-tenant-improvement-rebid-city-and-county-of-san-francisco,83,yes,results,construction,https://www.bidthebay.com/construction-project-details/sunnydale-market-at-amani-tenant-improvement-rebid-city-and-county-of-san-francisco/r/rechp7Xze1huKsorc,2026-08-25T00:04:57-07:00,727,no,,recently_closed,no
rechpuU8SBZpoTAUw,Canceled: On Call Maintenance for Dam Repair Construction Services,City of Vallejo,Solano,Vallejo,Closed,construction,canceled-on-call-maintenance-for-dam-repair-construction-services-city-of-vallejo,81,no,,,,2026-06-16T10:48:12-07:00,1593,no,,closed_stale_no_results,no
rechq5V1iyFOQuX92,Calera Creek Water Recycling Plant – On-Call Maintenance Project,City of Pacifica,San Mateo,Pacifica,Closed,construction,calera-creek-water-recycling-plant-on-call-maintenance-project-city-of-pacifica,79,yes,results,construction,https://www.bidthebay.com/construction-project-details/calera-creek-water-recycling-plant-on-call-maintenance-project-city-of-pacifica/r/rechq5V1iyFOQuX92,2026-06-24T10:30:04-07:00,1788,no,,recently_closed,no
rechvJxSLIhSHNcpU,Watmaugh Road Bridge Replacement,County of Sonoma,Sonoma,Sonoma  ,Closed,construction,watmaugh-road-bridge-replacement-county-of-sonoma,49,no,,,,2026-04-11T10:47:46-07:00,328,no,,closed_stale_no_results,no
rechwVXJqn56gWgpF,CCCCD Districtwide Mechanical and Controls Upgrade Design-Build Project,Contra Costa Community College District,Contra Costa,Martinez,Closed,construction; professional services,ccccd-districtwide-mechanical-and-controls-upgrade-design-build-project-contra-costa-community-college-district,111,no,,,,2026-04-11T10:48:50-07:00,601,no,,closed_stale_no_results,no
rechzmJDT5wHnIeWn,TUSD Schools Roof Replacement Project,Travis Unified School District,Solano,Vacaville / Fairfield,Closed,construction,tusd-schools-roof-replacement-project-travis-unified-school-district,68,yes,results,construction,https://www.bidthebay.com/construction-project-details/tusd-schools-roof-replacement-project-travis-unified-school-district/r/rechzmJDT5wHnIeWn,2026-04-30T02:39:35-07:00,336,yes,,award_results,no
reci08OApTwKGhcEs,SRJC Petaluma Campus Media Services & Tutorial Center,Santa Rosa Junior College (Sonoma County Junior College District),Sonoma,Petaluma,Closed,construction,srjc-petaluma-campus-media-services-tutorial-center-santa-rosa-junior-college,77,yes,results,construction,https://www.bidthebay.com/construction-project-details/srjc-petaluma-campus-media-services-tutorial-center-santa-rosa-junior-college/r/reci08OApTwKGhcEs,2026-09-07T11:37:33-07:00,157,yes,,award_results,no
reci2ySpAOiY47AXL,Dunaweal Pond Relining Project,City of Calistoga,Napa,Calistoga,Closed,construction,dunaweal-pond-relining-project-city-of-calistoga,48,yes,results,construction,https://www.bidthebay.com/construction-project-details/dunaweal-pond-relining-project-city-of-calistoga/r/reci2ySpAOiY47AXL,2026-07-02T10:04:34-07:00,712,yes,,award_results,no
reci3g8FYy08OAGos,On-Call Construction Management Support Services for Non-Federally Funded Projects,Port of Oakland ,Alameda,Oakland ,Closed,professional services,on-call-construction-management-support-services-for-non-federally-funded-projects-port-of-oakland,98,yes,results,professional services,https://www.bidthebay.com/professional-services-project-details/on-call-construction-management-support-services-for-non-federally-funded-projects-port-of-oakland/r/reci3g8FYy08OAGos,2026-07-15T00:02:43-07:00,348,no,,recently_closed,no
reci4FZ5vWWeWApGu,Mission Bay Education Center and Dental Clinics,University of California San Francisco,San Francisco,San Francisco,Closed,construction; professional services,mission-bay-education-center-and-dental-clinics-university-of-california-san-francisco,86,yes,results,construction,https://www.bidthebay.com/construction-project-details/mission-bay-education-center-and-dental-clinics-university-of-california-san-francisco/r/reci4FZ5vWWeWApGu,2026-09-08T08:17:23-07:00,694,no,,multi_category_provisional_construction,yes
reci4oPGZo1sQJ7vE,101 Gough Rehab – Solar System DB,City and County of San Francisco,San Francisco,San Francisco,Closed,construction; professional services,101-gough-rehab-solar-system-db-city-and-county-of-san-francisco,64,no,,,,2026-03-28T09:19:47-07:00,373,no,,closed_stale_no_results,no
reci70YlH1Wz4Jt7p,Canceled: Palo Verde House A Roof Replacement,County of Alameda  ,Alameda,Castro Valley,Closed,construction,canceled-palo-verde-house-a-roof-replacement-county-of-alameda,62,yes,results,construction,https://www.bidthebay.com/construction-project-details/canceled-palo-verde-house-a-roof-replacement-county-of-alameda/r/reci70YlH1Wz4Jt7p,2026-06-12T08:08:51-07:00,1460,no,,recently_closed,no
reci7qQ8XTD9M39XD,Mission San Jose High School New Construction Project,Fremont Unified School District,Alameda,Fremont,Closed,construction; professional services,mission-san-jose-high-school-new-construction-project-fremont-unified-school-district,85,yes,results,construction,https://www.bidthebay.com/construction-project-details/mission-san-jose-high-school-new-construction-project-fremont-unified-school-district/r/reci7qQ8XTD9M39XD,2026-07-22T00:01:46-07:00,314,no,,multi_category_provisional_construction,yes
reci87LJr18y5I3Py,Martin Luther King Jr. Way Streetscape Improvements,City of Oakland,Alameda,Oakland,Closed,construction,martin-luther-king-jr-way-streetscape-improvements-city-of-oakland,66,yes,results,construction,https://www.bidthebay.com/construction-project-details/martin-luther-king-jr-way-streetscape-improvements-city-of-oakland/r/reci87LJr18y5I3Py,2026-03-31T11:44:41-07:00,191,yes,,award_results,no
reci8aEd8SCon8E1q,Conceptual Design Development for Surface Mining Permit Reclamation,Zone 7 Water Agency,Alameda,Livermore,Closed,professional services,conceptual-design-development-for-surface-mining-permit-reclamation-zone-7-water-agency,87,yes,results,professional services,https://www.bidthebay.com/professional-services-project-details/conceptual-design-development-for-surface-mining-permit-reclamation-zone-7-water-agency/r/reci8aEd8SCon8E1q,2026-07-28T00:01:46-07:00,414,no,,recently_closed,no
reci97As5IPPPoKBM,UCB EHCP – Increment 6 – WP-33: Overhead Coiling Doors,UC Berkeley,Alameda,Berkeley,Closed,construction,ucb-ehcp-increment-6-wp-33-overhead-coiling-doors-uc-berkeley,61,yes,results,construction,https://www.bidthebay.com/construction-project-details/ucb-ehcp-increment-6-wp-33-overhead-coiling-doors-uc-berkeley/r/reci97As5IPPPoKBM,2026-09-10T00:02:10-07:00,194,no,,recently_closed,no
reci9F77j7ba78ZvJ,Las Positas College Exterior Wayfinding Project,Chabot Las Positas Community College District,Alameda,Livermore,Closed,construction,las-positas-college-exterior-wayfinding-project-chabot-las-positas-community-college-district,93,yes,results,construction,https://www.bidthebay.com/construction-project-details/las-positas-college-exterior-wayfinding-project-chabot-las-positas-community-college-district/r/reci9F77j7ba78ZvJ,2026-03-24T02:05:28-07:00,0,yes,No description at all,award_results,no
reciBRnSwAmMRB2ih,"Install Drainage Systems and Pavement Delineation, Construct Driveway",California Department of Transportation (Caltrans),Napa,Napa,Closed,construction,install-drainage-systems-and-pavement-delineation-construct-driveway-cal-trans-district-4,89,yes,results,construction,https://www.bidthebay.com/construction-project-details/install-drainage-systems-and-pavement-delineation-construct-driveway-cal-trans-district-4/r/reciBRnSwAmMRB2ih,2026-09-07T15:50:31-07:00,206,yes,,award_results,no
reciBjsCDEUS75UzW,Thurgood Marshall High School - Auditorium Upgrade,San Francisco Unified School District,San Francisco,San Francisco,Closed,construction,thurgood-marshall-high-school-auditorium-upgrade-san-francisco-unified-school-district,86,yes,results,construction,https://www.bidthebay.com/construction-project-details/thurgood-marshall-high-school-auditorium-upgrade-san-francisco-unified-school-district/r/reciBjsCDEUS75UzW,2026-04-01T11:14:22-07:00,271,yes,,award_results,no
reciDMpIpFRvR3yCE,Centerville Rail Crossing Safety Enhancement Project,City of Fremont,Alameda,Fremont,Closed,construction,centerville-rail-crossing-safety-enhancement-project-city-of-fremont,68,yes,results,construction,https://www.bidthebay.com/construction-project-details/centerville-rail-crossing-safety-enhancement-project-city-of-fremont/r/reciDMpIpFRvR3yCE,2026-03-27T07:48:58-07:00,0,yes,No description at all,award_results,no
reciDSt1qGo5VK8cH,"General Building (B-License) Construction, San Francisco, San Mateo, Santa Clara, and Alameda Counties",San Francisco Public Utilities Commission,San Francisco; San Mateo; Santa Clara; Alameda,Various Cities,Closed,construction,general-building-b-license-construction-san-francisco-san-mateo-santa-clara-and-alameda-counties-san-francisco-public-utilities-commission,138,yes,results,construction,https://www.bidthebay.com/construction-project-details/general-building-b-license-construction-san-francisco-san-mateo-santa-clara-and-alameda-counties-san-francisco-public-utilities-commission/r/reciDSt1qGo5VK8cH,2026-06-26T08:31:35-07:00,348,no,,recently_closed,no
reciDUDWrbtIZlMJY,Project and Construction Management Services For The Interstate 680 (I-680) Northbound Express Lane Completion Project (Phase 1),Contra Costa Transportation Authority,Contra Costa,Contra Costa County,Closed,professional services,project-and-construction-management-services-for-the-interstate-680-i-680-northbound-express-lane-completion-project-phase-1-contra-costa-transportation-authority,162,no,,,,2026-03-24T00:28:15-07:00,460,no,,closed_stale_no_results,no
reciFMyUcC5QxXGdA,Pool of Qualified Installers for Reflective Window Film at Various School Sites,Oakland Unified School District,Alameda,Oakland,Closed,construction,pool-of-qualified-installers-for-reflective-window-film-at-various-school-sites-oakland-unified-school-district,111,yes,results,construction,https://www.bidthebay.com/construction-project-details/pool-of-qualified-installers-for-reflective-window-film-at-various-school-sites-oakland-unified-school-district/r/reciFMyUcC5QxXGdA,2026-06-27T22:43:19-07:00,741,no,,recently_closed,no
reciFSjTvN9su5xvZ,Dormitory Mailbox Removal & Installation at Travis Air Force Base,U.S. Department of the Air Force,Solano,Fairfield,Open,construction,dormitory-mailbox-removal-installation-travis-air-fairfield,59,yes,open,construction,https://www.bidthebay.com/construction-project-details/dormitory-mailbox-removal-installation-travis-air-fairfield/r/reciFSjTvN9su5xvZ,2026-09-08T20:15:19-07:00,1132,no,,open_solicitation,no
reciFXIn7yhDaIfbN,"Fabrication and Installation of Interior Environmental Graphics – Glen Park ES, John McLaren EES, Lafayette ES, and Paul Revere ES",San Francisco Unified School District,San Francisco,San Francisco,Closed,construction,fabrication-and-installation-of-interior-environmental-graphics-glen-park-es-john-mclaren-ees-lafayette-es-and-paul-revere-es-san-francisco-unified-school-district,163,yes,results,construction,https://www.bidthebay.com/construction-project-details/fabrication-and-installation-of-interior-environmental-graphics-glen-park-es-john-mclaren-ees-lafayette-es-and-paul-revere-es-san-francisco-unified-school-district/r/reciFXIn7yhDaIfbN,2026-06-30T03:52:47-07:00,317,no,,recently_closed,no
reciL78vUjyVP2RHz,Public Building Parking Lot Improvements - Phase 2,City of Santa Clara,Santa Clara,Santa Clara,Open,professional services,public-building-parking-lot-improvements-phase-2-city-of-santa-clara,68,yes,open,professional services,https://www.bidthebay.com/professional-services-project-details/public-building-parking-lot-improvements-phase-2-city-of-santa-clara/r/reciL78vUjyVP2RHz,2026-09-05T09:24:21-07:00,308,no,,open_solicitation,no
reciQmjyz3yEZX5z5,As-Needed Pavement Condition Assessment Services 2026,San Francisco Public Works ,San Francisco,San Francisco,Closed,professional services,as-needed-pavement-condition-assessment-services-2026-san-francisco-public-works,80,yes,results,professional services,https://www.bidthebay.com/professional-services-project-details/as-needed-pavement-condition-assessment-services-2026-san-francisco-public-works/r/reciQmjyz3yEZX5z5,2026-09-10T00:01:59-07:00,350,no,,recently_closed,no
reciRr48HxXuPjFCW,Tomales Transportation Yard Bus Chargers Project,Shoreline Unified School District,Marin,Tomales,Closed,construction,tomales-transportation-yard-bus-chargers-project-shoreline-unified-school-district,82,yes,results,construction,https://www.bidthebay.com/construction-project-details/tomales-transportation-yard-bus-chargers-project-shoreline-unified-school-district/r/reciRr48HxXuPjFCW,2026-08-03T00:31:27-07:00,278,yes,,award_results,no
reciTRTHCJdyafNAt,"Polyester Concrete Overlay, Concrete Barrier, and Structural Concrete",California Department of Transportation (Caltrans),Marin,Novato,Closed,construction,polyester-concrete-overlay-concrete-barrier-and-structural-concrete-california-department-of-transportation,107,yes,results,construction,https://www.bidthebay.com/construction-project-details/polyester-concrete-overlay-concrete-barrier-and-structural-concrete-california-department-of-transportation/r/reciTRTHCJdyafNAt,2026-09-07T15:50:31-07:00,0,no,No description at all,recently_closed,no
reciVRqH2nFmJAkYC,772 Pacific - Abate/Demo Early Trade Bid,City and County of San Francisco,San Francisco,San Francisco,Closed,construction,772-pacific-abate-demo-early-trade-bid-city-and-county-of-san-francisco,71,no,,,,2026-04-11T10:47:35-07:00,326,no,,closed_stale_no_results,no
reciWEmOrER5wE61i,Automatic Bay Door Replacement Services,California Highway Patrol,Alameda,Fremont,Closed,construction,automatic-bay-door-replacement-services-dept-of-the-ca-highway-patrol,69,yes,results,construction,https://www.bidthebay.com/construction-project-details/automatic-bay-door-replacement-services-dept-of-the-ca-highway-patrol/r/reciWEmOrER5wE61i,2026-09-07T11:37:47-07:00,0,no,No description at all,recently_closed,no
reciWWk0QBj6tHXbx,HVAC Services,Sonoma Water (Sonoma County Water Agency),Sonoma,Various Cities,Closed,construction,hvac-services-sonoma-water,26,yes,results,construction,https://www.bidthebay.com/construction-project-details/hvac-services-sonoma-water/r/reciWWk0QBj6tHXbx,2026-09-07T11:37:33-07:00,299,no,,recently_closed,no
recibNhscVp3AeqBl,Shannon Elementary School - Site Improvements,West Contra Costa Unified School District,Contra Costa,Pinole,Closed,construction,shannon-elementary-school-site-improvements-west-contra-costa-unified-school-district,85,yes,results,construction,https://www.bidthebay.com/construction-project-details/shannon-elementary-school-site-improvements-west-contra-costa-unified-school-district/r/recibNhscVp3AeqBl,2026-03-27T09:40:25-07:00,210,yes,,award_results,no
recicKt1IL9FsDLo1,"Electrical Equipment Repair and Replacement in Alameda, Contra Costa, Marin, Napa, San Francisco, San Mateo, Santa Clara, Solano, and Sonoma Counties",California Department of Transportation (Caltrans),San Francisco; Marin; Alameda; Contra Costa,"Alameda, Contra Costa, Marin, Napa, San Francisco, San Mateo, Santa Clara, Solano, Sonoma - Multiple locations",Closed,construction,electrical-equipment-repair-and-replacement-in-alameda-contra-costa-marin-napa-san-francisco-san-mateo-santa-clara-solano-and-sonoma-counties-cal-trans-district-4,162,no,,,,2026-09-11T00:00:36-07:00,678,no,,closed_stale_no_results,no
recieebhER1tEYCPH,Marin County Fire Headquarters Project for San Geronimo - Progressive Design-Build Services, County of Marin,Marin,San Geronimo,Closed,construction,marin-county-fire-headquarters-project-for-san-geronimo-progressive-design-build-services-county-of-marin,105,yes,results,construction,https://www.bidthebay.com/construction-project-details/marin-county-fire-headquarters-project-for-san-geronimo-progressive-design-build-services-county-of-marin/r/recieebhER1tEYCPH,2026-07-10T04:19:33-07:00,411,no,,recently_closed,no
recih1Ad3G5b49D5f,CAN Sports Fields Site Work,San Mateo County Community College District,San Mateo,Redwood City,Closed,construction,can-sports-fields-site-work-san-mateo-county-community-college-district,71,yes,results,construction,https://www.bidthebay.com/construction-project-details/can-sports-fields-site-work-san-mateo-county-community-college-district/r/recih1Ad3G5b49D5f,2026-05-05T17:01:39-07:00,146,no,,recently_closed,no
recihCMTT1ug9moSX,On-Call Fence and Gate Repair and Maintenance Services,Santa Clara Valley Water District,Santa Clara,San Jose,Open,construction,on-call-fence-and-gate-repair-and-maintenance-services-santa-clara-valley-water-district,88,yes,open,construction,https://www.bidthebay.com/construction-project-details/on-call-fence-and-gate-repair-and-maintenance-services-santa-clara-valley-water-district/r/recihCMTT1ug9moSX,2026-09-09T22:46:54-07:00,1272,no,,open_solicitation,no
recihUCA1GD8iZj23,Sandpiper Community Center MPR Floor Replacement Project,Redwood City,San Mateo,Redwood City,Closed,construction,sandpiper-community-center-mpr-floor-replacement-project-city-of-redwood-city,77,yes,results,construction,https://www.bidthebay.com/construction-project-details/sandpiper-community-center-mpr-floor-replacement-project-city-of-redwood-city/r/recihUCA1GD8iZj23,2026-09-07T11:37:33-07:00,323,no,,recently_closed,no
reciittERRqlqpadT,Trillium Trailhead Construction Project,City of San Carlos,San Mateo,San Carlos,Closed,construction,trillium-trailhead-construction-project-city-of-san-carlos,58,yes,results,construction,https://www.bidthebay.com/construction-project-details/trillium-trailhead-construction-project-city-of-san-carlos/r/reciittERRqlqpadT,2026-08-11T00:04:20-07:00,393,no,,recently_closed,no
recijSqyE1WPuc2BI,Sonoma Valley County Sanitation District Sewer Trunk Main Replacement Phase 5B (Johnson Avenue),Sonoma Water (Sonoma County Water Agency),Sonoma,Sonoma Valley ,Closed,construction,sonoma-valley-county-sanitation-district-sewer-trunk-main-replacement-phase-5b-johnson-avenue-sonoma-water,106,yes,results,construction,https://www.bidthebay.com/construction-project-details/sonoma-valley-county-sanitation-district-sewer-trunk-main-replacement-phase-5b-johnson-avenue-sonoma-water/r/recijSqyE1WPuc2BI,2026-09-07T11:37:33-07:00,0,yes,No description at all,award_results,no
recikbD7yfCwAzQOG,Sneath and Lake Pump Station Rehabilitation Project,City of San Bruno,San Mateo,San Bruno ,Closed,construction,sneath-and-lake-pump-station-rehabilitation-project-city-of-san-bruno,69,no,,,,2026-04-22T17:07:57-07:00,473,no,,closed_stale_no_results,no
reciknId9k3aj3bit,Hidden Valley Elementary School Exterior Paint Project,Santa Rosa City Schools,Sonoma,Santa Rosa,Closed,construction,hidden-valley-elementary-school-exterior-paint-project-santa-rosa-city-schools,78,no,,,,2026-04-11T10:49:20-07:00,123,no,,closed_stale_no_results,no
recilgeVbaHsQkf65,Cesar Chavez Elementary School Schoolyard Outdoor Learning Project- Destructive Testing,San Francisco Unified School District,San Francisco,San Francisco,Closed,construction,cesar-chavez-elementary-school-schoolyard-outdoor-learning-project-destructive-testing-san-francisco-unified-school-district,124,yes,results,construction,https://www.bidthebay.com/construction-project-details/cesar-chavez-elementary-school-schoolyard-outdoor-learning-project-destructive-testing-san-francisco-unified-school-district/r/recilgeVbaHsQkf65,2026-05-14T11:04:18-07:00,296,yes,,award_results,no
recimpk4xmbLjSBPs,Sanitary Sewer Rehabilitation of Sub-Basin 84-004 Phase 1,City of Oakland,Alameda,Oakland,Closed,construction,sanitary-sewer-rehabilitation-of-sub-basin-84-004-phase-1-city-of-oakland,73,yes,results,construction,https://www.bidthebay.com/construction-project-details/sanitary-sewer-rehabilitation-of-sub-basin-84-004-phase-1-city-of-oakland/r/recimpk4xmbLjSBPs,2026-07-25T00:01:47-07:00,316,no,,recently_closed,no
reciqha57i7EVtbq7,Replace Pavement Delineation and Roadside Signs,California Department of Transportation (Caltrans),Alameda,Alameda County,Closed,construction,replace-pavement-delineation-and-roadside-signs-cal-trans-district-4,68,yes,results,construction,https://www.bidthebay.com/construction-project-details/replace-pavement-delineation-and-roadside-signs-cal-trans-district-4/r/reciqha57i7EVtbq7,2026-09-07T15:50:31-07:00,223,yes,,award_results,no
recirSUVppT17PBNe,Establishment of a Pool of General Contractors for Water Quality Infrastructure & Remediation,Oakland Unified School District,Alameda,Oakland,Closed,construction,establishment-of-a-pool-of-general-contractors-for-water-quality-infrastructure-remediation-oakland-unified-school-district,123,yes,results,construction,https://www.bidthebay.com/construction-project-details/establishment-of-a-pool-of-general-contractors-for-water-quality-infrastructure-remediation-oakland-unified-school-district/r/recirSUVppT17PBNe,2026-04-16T17:01:03-07:00,287,no,,recently_closed,no
reciu0EaUGZgcu3Oo,Upper Berryessa Creek Off-Site Mitigation Project,Santa Clara Valley Water District,Santa Clara,Milpitas / San Jose,Closed,construction,upper-berryessa-creek-off-site-mitigation-project-santa-clara-valley-water-district,83,yes,results,construction,https://www.bidthebay.com/construction-project-details/upper-berryessa-creek-off-site-mitigation-project-santa-clara-valley-water-district/r/reciu0EaUGZgcu3Oo,2026-07-09T00:02:28-07:00,342,no,,recently_closed,no
reciz57vhmVHBdH4V,Skyfarm 3 Tank No.2 Interior Recoating Project,Town of Hillsborough,San Mateo,Hillsborough,Closed,construction,skyfarm-3-tank-no-2-interior-recoating-project-town-of-hillsborough,67,no,,,,2026-04-11T10:47:02-07:00,276,no,,closed_stale_no_results,no
recj1Ei4cec8ieTKg,"On-Call Environmental Planning, Permitting & Support Services",San Mateo County Transit District,San Mateo,Millbrae,Closed,professional services,on-call-environmental-planning-permitting-support-services-san-mateo-county-transit-district,92,yes,results,professional services,https://www.bidthebay.com/professional-services-project-details/on-call-environmental-planning-permitting-support-services-san-mateo-county-transit-district/r/recj1Ei4cec8ieTKg,2026-08-01T00:05:04-07:00,369,no,,recently_closed,no
recj3R6y2XVjii1pV,Water Main and Sewer Replacement  ,San Francisco Public Utilities Commission,San Francisco,San Francisco,Closed,construction,water-main-and-sewer-replacement-san-francisco-public-utilities-commission,74,no,,,,2026-06-27T20:31:44-07:00,199,no,,closed_stale_no_results,no
recj4Tg2ySEvrvSZ6,555 7th Street Exterior Siding Replacement,San Francisco Public Works,San Francisco,San Francisco,Closed,construction,555-7th-street-exterior-siding-replacement-san-francisco-public-works,69,yes,results,construction,https://www.bidthebay.com/construction-project-details/555-7th-street-exterior-siding-replacement-san-francisco-public-works/r/recj4Tg2ySEvrvSZ6,2026-09-03T00:02:51-07:00,560,no,,recently_closed,no
recj5faghbGfWc5ek,Betty Reid Soskin Site Improvements,West Contra Costa Unified School District,Contra Costa,El Sobrante,Closed,construction,betty-reid-soskin-site-improvements-west-contra-costa-unified-school-district,77,yes,results,construction,https://www.bidthebay.com/construction-project-details/betty-reid-soskin-site-improvements-west-contra-costa-unified-school-district/r/recj5faghbGfWc5ek,2026-06-09T06:00:50-07:00,250,yes,,award_results,no
recj6U0LgeM6YrMIU,MLK 3rd & 5th Floor Windows & Door Replacement - Rebid,UC Berkeley ,Alameda,Berkeley,Closed,construction,mlk-3rd-5th-floor-windows-door-replacement-rebid-uc-berkeley,60,yes,results,construction,https://www.bidthebay.com/construction-project-details/mlk-3rd-5th-floor-windows-door-replacement-rebid-uc-berkeley/r/recj6U0LgeM6YrMIU,2026-08-11T02:21:42-07:00,493,yes,,award_results,no
recj6x420sVOFnnlj,Point Reyes National Seashore Manure Pond Decommissioning,Marin Resource Conservation District,Marin,Point Reyes,Open,construction,point-reyes-national-seashore-manure-pond-decommissioning-marin-resource-conservation-district,94,yes,open,construction,https://www.bidthebay.com/construction-project-details/point-reyes-national-seashore-manure-pond-decommissioning-marin-resource-conservation-district/r/recj6x420sVOFnnlj,2026-09-02T21:47:43-07:00,1379,no,,open_solicitation,no
recj8LEDvqKni5kHR,Modular Building Services Providers,San Francisco Unified School District,San Francisco,San Francisco,Closed,construction,modular-building-services-providers-san-francisco-unified-school-district,73,no,,,,2026-04-11T10:49:50-07:00,936,no,,closed_stale_no_results,no
recj8xwqbWQq6O6tb,Pinole Creek Bank Erosion Repair Project,Contra Costa County,Contra Costa,Pinole,Closed,construction,pinole-creek-bank-erosion-repair-project-contra-costa-county,60,yes,results,construction,https://www.bidthebay.com/construction-project-details/pinole-creek-bank-erosion-repair-project-contra-costa-county/r/recj8xwqbWQq6O6tb,2026-09-10T08:51:05-07:00,373,yes,,award_results,no
recjEAgkBGKegdMiE,2026 Street Resurfacing Project,City of Burlingame,San Mateo,Burlingame,Closed,construction,2026-street-resurfacing-project-city-of-burlingame,50,yes,results,construction,https://www.bidthebay.com/construction-project-details/2026-street-resurfacing-project-city-of-burlingame/r/recjEAgkBGKegdMiE,2026-04-16T17:00:55-07:00,467,no,,recently_closed,no
recjEcLLRMZDJaods,9500 Pescadero Creek Road Alarm System,County of San Mateo,San Mateo,Loma Mar,Closed,construction,9500-pescadero-creek-road-alarm-system-county-of-san-mateo,58,yes,results,construction,https://www.bidthebay.com/construction-project-details/9500-pescadero-creek-road-alarm-system-county-of-san-mateo/r/recjEcLLRMZDJaods,2026-05-29T00:02:28-07:00,770,no,,recently_closed,no
recjFdyufeckQSyZb,Alta Plaza CPA - MLBE,City and County of San Francisco,San Francisco,San Francisco,Closed,construction,alta-plaza-cpa-mlbe-city-and-county-of-san-francisco,52,yes,results,construction,https://www.bidthebay.com/construction-project-details/alta-plaza-cpa-mlbe-city-and-county-of-san-francisco/r/recjFdyufeckQSyZb,2026-05-06T17:07:48-07:00,233,no,,recently_closed,no
recjFrsXmZ6UsKTm1,Sewer Maintenance Project,City of Concord,Contra Costa,Concord,Closed,construction,sewer-maintenance-project-city-of-concord,41,yes,results,construction,https://www.bidthebay.com/construction-project-details/sewer-maintenance-project-city-of-concord/r/recjFrsXmZ6UsKTm1,2026-07-27T02:03:06-07:00,660,yes,,award_results,no
recjGtwEKx6H3chfZ,As-Needed Tree Services,City of Berkeley,Alameda,Berkeley,Closed,construction,as-needed-tree-services-city-of-berkeley,40,no,,,,2026-03-28T10:01:34-07:00,706,no,,closed_stale_no_results,no
recjHKfNVs82FiHIy,Replace Loop Detectors - Contra Costa County,California Department of Transportation (Caltrans),Contra Costa,Walnut Creek / Concord,Closed,construction,replace-loop-detectors-contra-costa-county-california-department-of-transportation,82,yes,results,construction,https://www.bidthebay.com/construction-project-details/replace-loop-detectors-contra-costa-county-california-department-of-transportation/r/recjHKfNVs82FiHIy,2026-09-07T15:50:31-07:00,0,no,No description at all,recently_closed,no
recjHiekPJskbtdZH,Stern Grove Trees,City and County of San Francisco,San Francisco,San Francisco,Closed,construction,stern-grove-trees-city-and-county-of-san-francisco,50,no,,,,2026-04-11T10:46:51-07:00,68,no,,closed_stale_no_results,no
recjLoQ6v6K0KXDOF,Architectural Services,City College of San Francisco,San Francisco,San Francisco,Closed,professional services,architectural-services-city-college-of-san-francisco,52,yes,results,professional services,https://www.bidthebay.com/professional-services-project-details/architectural-services-city-college-of-san-francisco/r/recjLoQ6v6K0KXDOF,2026-06-03T00:06:46-07:00,309,no,,recently_closed,no
recjOoZehy7V4gBnp,"Restroom Remodel Project (George Hall, Meadow Heights, and North Shoreview)",San Mateo-Foster City School District,San Mateo,San Mateo,Closed,construction,restroom-remodel-project-george-hall-meadow-heights-and-north-shoreview-san-mateo-foster-city-school-district,109,yes,results,construction,https://www.bidthebay.com/construction-project-details/restroom-remodel-project-george-hall-meadow-heights-and-north-shoreview-san-mateo-foster-city-school-district/r/recjOoZehy7V4gBnp,2026-05-21T05:25:59-07:00,67,yes,,award_results,no
recjOrIgYWC5B8edo,Vasona Admin Building Roofing Replacement,County of Santa Clara,Santa Clara,Los Gatos,Closed,construction,vasona-admin-building-roofing-replacement-county-of-santa-clara,63,yes,results,construction,https://www.bidthebay.com/construction-project-details/vasona-admin-building-roofing-replacement-county-of-santa-clara/r/recjOrIgYWC5B8edo,2026-07-08T10:25:00-07:00,258,yes,,award_results,no
recjPTtaoWCrwRRyL,Phillip & Sala Burton High School - Install Electrical Power for Food Service Equipment at Temporary Kitchen - Rebid,San Francisco Unified School District,San Francisco,San Francisco,Closed,construction,phillip-sala-burton-high-school-install-electrical-power-for-food-service-equipment-at-temporary-kitchen-rebid-san-francisco-unified-school-district,148,yes,results,construction,https://www.bidthebay.com/construction-project-details/phillip-sala-burton-high-school-install-electrical-power-for-food-service-equipment-at-temporary-kitchen-rebid-san-francisco-unified-school-district/r/recjPTtaoWCrwRRyL,2026-08-16T21:49:16-07:00,614,yes,,award_results,no
recjV6JRtPd1K03Ar,FY27/FY28 On-Call Environmental Services,Contra Costa Water District,Contra Costa,Concord,Closed,professional services,fy27-fy28-on-call-environmental-services-contra-costa-water-district,68,yes,results,professional services,https://www.bidthebay.com/professional-services-project-details/fy27-fy28-on-call-environmental-services-contra-costa-water-district/r/recjV6JRtPd1K03Ar,2026-04-24T17:03:28-07:00,0,no,No description at all,recently_closed,no
recjWHBaYeNT3OlMU,Antioch Cape Seal Project 2026,City of Antioch,Contra Costa,Antioch,Closed,construction,antioch-cape-seal-project-2026-city-of-antioch,46,yes,results,construction,https://www.bidthebay.com/construction-project-details/antioch-cape-seal-project-2026-city-of-antioch/r/recjWHBaYeNT3OlMU,2026-03-30T09:33:22-07:00,404,yes,,award_results,no
recjaHtmp4W0fS6qW,"Fire Alarm System Testing, Repairs and Programming",County of San Mateo,San Mateo,San Mateo,Closed,construction,fire-alarm-system-testing-repairs-and-programming-county-of-san-mateo,69,yes,results,construction,https://www.bidthebay.com/construction-project-details/fire-alarm-system-testing-repairs-and-programming-county-of-san-mateo/r/recjaHtmp4W0fS6qW,2026-06-04T00:14:04-07:00,718,no,,recently_closed,no
recjbIGu4MFMZIgMe,Lead Reclamation at Field Sports Park,County of Santa Clara,Santa Clara,San Jose,Closed,construction,lead-reclamation-at-field-sports-park-county-of-santa-clara,59,yes,results,construction,https://www.bidthebay.com/construction-project-details/lead-reclamation-at-field-sports-park-county-of-santa-clara/r/recjbIGu4MFMZIgMe,2026-06-27T20:52:17-07:00,263,no,,recently_closed,no
recjbvET8BpG4Crfo,Primary Digester No. 6 Rehabilitation Project,Union Sanitary District,Alameda,Union City,Closed,construction,primary-digester-no-6-rehabilitation-project-union-sanitary-district,68,yes,results,construction,https://www.bidthebay.com/construction-project-details/primary-digester-no-6-rehabilitation-project-union-sanitary-district/r/recjbvET8BpG4Crfo,2026-07-28T09:55:13-07:00,0,yes,No description at all,award_results,no
recjdIXIc8EA5uT6D,Evergreen/Winchester/Templeton Sewer Replacement Project,Daly City Water and Wastewater,San Mateo,Daly City,Open,construction,evergreen-winchester-templeton-sewer-replacement-project-daly-city-water-wastewater,83,yes,open,construction,https://www.bidthebay.com/construction-project-details/evergreen-winchester-templeton-sewer-replacement-project-daly-city-water-wastewater/r/recjdIXIc8EA5uT6D,2026-09-07T11:36:49-07:00,415,no,,open_solicitation,no
recjfyWVGQc9vhltj,Hypochlorite Building Rehabilitation Project - Rebid,Dublin San Ramon Services District,Alameda,Pleasanton,Closed,construction,hypochlorite-building-rehabilitation-project-rebid-dublin-san-ramon-services-district,85,yes,results,construction,https://www.bidthebay.com/construction-project-details/hypochlorite-building-rehabilitation-project-rebid-dublin-san-ramon-services-district/r/recjfyWVGQc9vhltj,2026-07-16T10:58:31-07:00,159,yes,,award_results,no
recjjoMViUI8rXb5P,TB Block 2 Childcare Center Landscape CD,City and County of San Francisco,San Francisco,San Francisco,Closed,construction,tb-block-2-childcare-center-landscape-cd-city-and-county-of-san-francisco,73,yes,results,construction,https://www.bidthebay.com/construction-project-details/tb-block-2-childcare-center-landscape-cd-city-and-county-of-san-francisco/r/recjjoMViUI8rXb5P,2026-07-08T00:01:51-07:00,507,no,,recently_closed,no
recjlJq7LkmaszZGI,Shoreway Environmental Center Monument Transfer Station North Floor Area Repair Project,South Bayside Waste Management Authority (RethinkWaste),San Mateo,San Carlos,Closed,construction,shoreway-environmental-center-monument-transfer-station-north-floor-area-repair-project-south-bayside-waste-management-authority-rethinkwaste,141,yes,results,construction,https://www.bidthebay.com/construction-project-details/shoreway-environmental-center-monument-transfer-station-north-floor-area-repair-project-south-bayside-waste-management-authority-rethinkwaste/r/recjlJq7LkmaszZGI,2026-07-18T00:02:45-07:00,393,no,,recently_closed,no
recjll9Y9Tzs4SDcz,2026 Sewer Rehabilitation Project,City of Suisun City,Solano,Suisun ,Closed,construction,2026-sewer-rehabilitation-project-city-of-suisun-city,53,yes,results,construction,https://www.bidthebay.com/construction-project-details/2026-sewer-rehabilitation-project-city-of-suisun-city/r/recjll9Y9Tzs4SDcz,2026-05-18T04:13:57-07:00,526,yes,,award_results,no
recjoQEeDEC1yaUUt,Canyon Middle School Cafeteria Project,Castro Valley Unified School District,Alameda,Castro Valley,Closed,construction,canyon-middle-school-cafeteria-project-castro-valley-unified-school-district,76,yes,results,construction,https://www.bidthebay.com/construction-project-details/canyon-middle-school-cafeteria-project-castro-valley-unified-school-district/r/recjoQEeDEC1yaUUt,2026-06-04T00:13:53-07:00,242,no,,recently_closed,no
recjqUPUloxDTTy0j,Plumbing Maintenance and Repair,Contra Costa County Housing Authority,Contra Costa,"Antioch, Bay Point, Brentwood, Martinez, Oakley, Pittsburg, Rodeo, San Pablo",Closed,construction,plumbing-maintenance-and-repair-housing-authority-of-the-county-of-contra-costa,79,no,,,,2026-09-07T11:37:33-07:00,0,no,No description at all,closed_stale_no_results,no
recjs14uxHQXouf2o,Beach Road Stabilization Project,City of Belvedere,Marin,Belvedere,Closed,construction,beach-road-stabilization-project-city-of-belvedere,50,yes,results,construction,https://www.bidthebay.com/construction-project-details/beach-road-stabilization-project-city-of-belvedere/r/recjs14uxHQXouf2o,2026-07-28T10:02:31-07:00,0,yes,No description at all,award_results,no
recjsdmdHKDkkO6UW,250 Visitacion Avenue Facility Assessment and Reuse Planning Services,City of Brisbane,San Mateo,Brisbane,Open,professional services,250-visitacion-avenue-facility-assessment-and-reuse-planning-services-city-of-brisbane,86,yes,open,professional services,https://www.bidthebay.com/professional-services-project-details/250-visitacion-avenue-facility-assessment-and-reuse-planning-services-city-of-brisbane/r/recjsdmdHKDkkO6UW,2026-09-10T10:46:50-07:00,1400,no,,open_solicitation,no
recjt51e6wB84iHs2,AVHS Building ‘N” Roof Replacement,Pleasanton Unified School District,Alameda,Pleasanton,Closed,construction,avhs-building-n-roof-replacement-pleasanton-unified-school-district,67,yes,results,construction,https://www.bidthebay.com/construction-project-details/avhs-building-n-roof-replacement-pleasanton-unified-school-district/r/recjt51e6wB84iHs2,2026-07-06T11:00:00-07:00,297,yes,,award_results,no
recjuvsCXW7rRrK5J,Battery Energy Storage Systems Installation for the City of Pinole,City of Pinole,Contra Costa,Pinole,Closed,construction,battery-energy-storage-systems-installation-for-the-city-of-pinole-city-of-pinole,81,no,,,,2026-03-28T10:07:47-07:00,525,no,,closed_stale_no_results,no
recjw3wVoU6GmhxZU,Laguna Wastewater Treatment Plant Biogas Energy Expansion Feasibility,Sonoma Clean Power,Sonoma,Santa Rosa,Closed,professional services,laguna-wastewater-treatment-plant-biogas-energy-expansion-feasibility-sonoma-clean-power,88,yes,results,professional services,https://www.bidthebay.com/professional-services-project-details/laguna-wastewater-treatment-plant-biogas-energy-expansion-feasibility-sonoma-clean-power/r/recjw3wVoU6GmhxZU,2026-08-05T00:04:04-07:00,514,no,,recently_closed,no
recjxpyzAJbHk4h5q,North Secondary Clarifier Rehabilitation Project,Vallejo Flood and Wastewater District,Solano,Vallejo,Closed,construction,north-secondary-clarifier-rehabilitation-project-vallejo-flood-wastewater-district,82,yes,results,construction,https://www.bidthebay.com/construction-project-details/north-secondary-clarifier-rehabilitation-project-vallejo-flood-wastewater-district/r/recjxpyzAJbHk4h5q,2026-09-07T11:36:49-07:00,293,yes,,award_results,no
recjykfFWEjqtVFFU,Cargo Building 626.1 - Irrigation and Site Furnishings,San Francisco International Airport,San Mateo,San Francisco,Closed,construction,cargo-building-626-1-irrigation-and-site-furnishings-san-francisco-international-airport-sfo,92,no,,,,2026-09-07T10:43:39-07:00,1314,no,,closed_stale_no_results,no
recjyoMjp77DIfB33,Redwood High School - Pedestrian Walkway ADA Improvement ,Tamalpais Union High School District,Marin,Larkspur ,Closed,construction,redwood-high-school-pedestrian-walkway-ada-improvement-tamalpais-union-high-school-district,91,yes,results,construction,https://www.bidthebay.com/construction-project-details/redwood-high-school-pedestrian-walkway-ada-improvement-tamalpais-union-high-school-district/r/recjyoMjp77DIfB33,2026-06-30T06:39:31-07:00,201,no,,recently_closed,no
recjzgFOXYpAhwriD,Under Ground Fuel Storage Tank Maintenance and Repair,U.S. Department of the Air Force,Solano,Fairfield,Closed,construction,under-ground-fuel-storage-tank-maintenance-and-repair-department-of-the-air-force,81,yes,results,construction,https://www.bidthebay.com/construction-project-details/under-ground-fuel-storage-tank-maintenance-and-repair-department-of-the-air-force/r/recjzgFOXYpAhwriD,2026-09-07T11:36:49-07:00,391,no,,recently_closed,no
recjzpqjBIATbgbAp,Emeryville Optometry Clinic Tenant Improvement - Exterior Painting,UC Berkeley,Alameda,Emeryville,Closed,construction,emeryville-optometry-clinic-tenant-improvement-exterior-painting-uc-berkeley,76,yes,results,construction,https://www.bidthebay.com/construction-project-details/emeryville-optometry-clinic-tenant-improvement-exterior-painting-uc-berkeley/r/recjzpqjBIATbgbAp,2026-07-14T03:17:28-07:00,618,yes,,award_results,no
reck2LeGlXSZoEvb5,Welding Lab Electrical Upgrades,Contra Costa Community College District,Contra Costa,Pittsburg,Closed,construction,welding-lab-electrical-upgrades-contra-costa-community-college-district,71,yes,results,construction,https://www.bidthebay.com/construction-project-details/welding-lab-electrical-upgrades-contra-costa-community-college-district/r/reck2LeGlXSZoEvb5,2026-04-30T08:03:01-07:00,179,yes,,award_results,no
reck3R7RMv6HkLzRr,Marin County Veterans' Memorial Auditorium Seating Reupholstering Project,County of Marin,Marin,San Rafael,Closed,construction,marin-county-veterans-memorial-auditorium-seating-reupholstering-project-county-of-marin,88,no,,,,2026-08-16T22:01:10-07:00,216,no,,closed_stale_no_results,no
reck3cEfreycqOMvR,Special Inspection and Testing Services,University of California San Francisco,San Francisco,San Francisco,Closed,professional services,special-inspection-and-testing-services-university-of-california-san-francisco,78,yes,results,professional services,https://www.bidthebay.com/professional-services-project-details/special-inspection-and-testing-services-university-of-california-san-francisco/r/reck3cEfreycqOMvR,2026-08-28T00:03:18-07:00,1214,no,,recently_closed,no
reck54nL0ngkOFzeD,"Const MVP & Access Road, Trash Net, Concrete Ditch Lining & MGS",California Department of Transportation (Caltrans),Solano,Fairfield,Closed,construction,const-mvp-access-road-trash-net-concrete-ditch-lining-mgs-cal-trans-district-4,78,yes,results,construction,https://www.bidthebay.com/construction-project-details/const-mvp-access-road-trash-net-concrete-ditch-lining-mgs-cal-trans-district-4/r/reck54nL0ngkOFzeD,2026-09-07T15:50:31-07:00,0,yes,No description at all,award_results,no
reck7IpSzgmqq7Q98,Sanitary Sewer Rehabilitation (Sub-Basin 85-231),City of Oakland,Alameda,Oakland,Closed,construction,sanitary-sewer-rehabilitation-sub-basin-85-231-city-of-oakland,62,no,,,,2026-04-11T10:47:50-07:00,519,no,,closed_stale_no_results,no
reckAan0AxjcCJKBd,Covert Lane/Zimpher Drive Crossing Improvements,City of Sebastopol,Sonoma,Sebastopol,Closed,professional services,covert-lane-zimpher-drive-crossing-improvements-city-of-sebastopol,66,yes,results,professional services,https://www.bidthebay.com/professional-services-project-details/covert-lane-zimpher-drive-crossing-improvements-city-of-sebastopol/r/reckAan0AxjcCJKBd,2026-05-07T17:01:15-07:00,255,no,,recently_closed,no
reckAwVM3r3dQC8ww,2026 Guardrail Repair Project,City of Palo Alto,Santa Clara,Palo Alto,Closed,construction,2026-guardrail-repair-project-city-of-palo-alto,47,yes,results,construction,https://www.bidthebay.com/construction-project-details/2026-guardrail-repair-project-city-of-palo-alto/r/reckAwVM3r3dQC8ww,2026-06-30T05:25:53-07:00,433,yes,,award_results,no
reckF05JBKE80m0gI,Solids Handling Building Elevator Control Replacement Project,Central Marin Sanitation Agency,Marin,San Rafael,Closed,construction,solids-handling-building-elevator-control-replacement-project-central-marin-sanitation-agency,93,no,,,,2026-03-24T02:38:32-07:00,416,no,,closed_stale_no_results,no
reckFIp7Es95abS6F,"Marshall Elementary School - Flooring Replacement, Walkway Deck Resurfacing and Repainting of Courtyard Metal Railing",San Francisco Unified School District,San Francisco,San Francisco,Closed,construction,marshall-elementary-school-flooring-replacement-walkway-deck-resurfacing-and-repainting-of-courtyard-metal-railing-san-francisco-unified-school-district,152,yes,results,construction,https://www.bidthebay.com/construction-project-details/marshall-elementary-school-flooring-replacement-walkway-deck-resurfacing-and-repainting-of-courtyard-metal-railing-san-francisco-unified-school-district/r/reckFIp7Es95abS6F,2026-03-24T10:30:13-07:00,233,yes,,award_results,no
reckHJqlXFFBeATKU,Professional Engineering Consulting and Related Professional Services for Various Projects and Tasks,County of Santa Clara,Santa Clara,Los Altos Hills,Closed,professional services,professional-engineering-consulting-and-related-professional-services-for-various-projects-and-tasks-county-of-santa-clara,122,yes,results,professional services,https://www.bidthebay.com/professional-services-project-details/professional-engineering-consulting-and-related-professional-services-for-various-projects-and-tasks-county-of-santa-clara/r/reckHJqlXFFBeATKU,2026-04-23T17:12:16-07:00,931,no,,recently_closed,no
reckKwqxolaRR0lcB,Plaza East Exterior Elevated Elements and Backyard Retaining Walls Repair and Replacement,San Francisco Housing Authority,San Francisco,San Francisco,Closed,construction,plaza-east-exterior-elevated-elements-and-backyard-retaining-walls-repair-and-replacement-san-francisco-housing-authority,121,yes,results,construction,https://www.bidthebay.com/construction-project-details/plaza-east-exterior-elevated-elements-and-backyard-retaining-walls-repair-and-replacement-san-francisco-housing-authority/r/reckKwqxolaRR0lcB,2026-08-08T00:04:23-07:00,402,no,,recently_closed,no
reckL3jEnMVhtwAIm,Lower Alemany Area Stormwater Improvements  ,San Francisco Public Utilities Commission,San Francisco,San Francisco,Closed,construction,lower-alemany-area-stormwater-improvements-san-francisco-public-utilities-commission,84,yes,results,construction,https://www.bidthebay.com/construction-project-details/lower-alemany-area-stormwater-improvements-san-francisco-public-utilities-commission/r/reckL3jEnMVhtwAIm,2026-08-07T00:04:19-07:00,210,no,,recently_closed,no
reckL4UW9veoo2ULB,Digester 3 Rehabilitation and Digester Gas Piping Replacement,Silicon Valley Clean Water,San Mateo,Redwood ,Closed,construction,digester-3-rehabilitation-and-digester-gas-piping-replacement-silicon-valley-clean-water,88,no,,,,2026-04-17T17:00:59-07:00,0,no,No description at all,closed_stale_no_results,no
reckOhAt7mjp8XukP,Minor Hall Lab Suite 485 Renovation,UC Berkeley,Alameda,Berkeley,Closed,construction,minor-hall-lab-suite-485-renovation-uc-berkeley,47,yes,results,construction,https://www.bidthebay.com/construction-project-details/minor-hall-lab-suite-485-renovation-uc-berkeley/r/reckOhAt7mjp8XukP,2026-09-11T06:08:50-07:00,1456,yes,,award_results,no
reckQpra0s7isQ600,TOCA MEA, The California State University,Sonoma,Rohnert Park,Closed,construction; professional services,toca-mea-the-california-state-university,40,yes,results,construction,https://www.bidthebay.com/construction-project-details/toca-mea-the-california-state-university/r/reckQpra0s7isQ600,2026-06-25T22:20:13-07:00,581,no,,multi_category_provisional_construction,yes
reckRg5ebhU1qfaV2,New Construction and Renovation Project at   Excelsior Middle School ,Bryon Union School District,Contra Costa,Byron,Open,construction; professional services,new-construction-and-renovation-project-at-excelsior-middle-school-bryon-union-school-district,94,yes,open,construction,https://www.bidthebay.com/construction-project-details/new-construction-and-renovation-project-at-excelsior-middle-school-bryon-union-school-district/r/reckRg5ebhU1qfaV2,2026-09-03T10:31:30-07:00,303,no,,multi_category_provisional_construction,yes
reckV7DZBLoJQ3CaZ,"Noise Insulation Program (NIP), Expanded Eligibility Initiative (EEI) Phase 2024, Group 1",San Francisco International Airport,San Mateo,San Bruno; South San Francisco,Closed,construction,noise-insulation-program-nip-expanded-eligibility-initiative-eei-phase-2024-group-1-san-francisco-international-airport-sfo,123,yes,results,construction,https://www.bidthebay.com/construction-project-details/noise-insulation-program-nip-expanded-eligibility-initiative-eei-phase-2024-group-1-san-francisco-international-airport-sfo/r/reckV7DZBLoJQ3CaZ,2026-09-07T10:40:39-07:00,472,no,,recently_closed,no
reckVzcgGhEzz58Jr,Rejected: Large Trash Capture Device Installation Phase VII - Hartog Dr - Rebid,City of San Jose,Santa Clara,San Jose,Closed,construction,large-trash-capture-device-installation-phase-vii-hartog-dr-rebid-city-of-san-jose,82,yes,results,construction,https://www.bidthebay.com/construction-project-details/large-trash-capture-device-installation-phase-vii-hartog-dr-rebid-city-of-san-jose/r/reckVzcgGhEzz58Jr,2026-09-11T03:23:34-07:00,588,no,,recently_closed,no
reckZ4XJxZC5JeTQX,HVAC System Replacement – Mini-Split Installation,West Valley Sanitation District,Santa Clara,Campbell,Closed,construction,hvac-system-replacement-mini-split-installation-west-valley-sanitation-district,79,yes,results,construction,https://www.bidthebay.com/construction-project-details/hvac-system-replacement-mini-split-installation-west-valley-sanitation-district/r/reckZ4XJxZC5JeTQX,2026-08-29T00:04:07-07:00,498,no,,recently_closed,no
reckaDk36PvYHxVWx,Valley Health Center Morgan Hill AHU 3 & 5 Replacement,County of Santa Clara,Santa Clara,Morgan Hill,Closed,construction,valley-health-center-morgan-hill-ahu-3-5-replacement-county-of-santa-clara,74,yes,results,construction,https://www.bidthebay.com/construction-project-details/valley-health-center-morgan-hill-ahu-3-5-replacement-county-of-santa-clara/r/reckaDk36PvYHxVWx,2026-07-29T04:36:10-07:00,486,yes,,award_results,no
reckc7koJYRVgfWe6,Transit Mall Kiosk Alterations,City of Santa Rosa,Sonoma,Santa Rosa,Closed,construction,transit-mall-kiosk-alterations-city-of-santa-rosa,49,yes,results,construction,https://www.bidthebay.com/construction-project-details/transit-mall-kiosk-alterations-city-of-santa-rosa/r/reckc7koJYRVgfWe6,2026-07-22T00:01:48-07:00,123,no,,recently_closed,no
reckdPEtNTIBQusZf,Terminal 7 Dock Repair,City of Richmond,Contra Costa,Richmond,Closed,construction,terminal-7-dock-repair-city-of-richmond,39,yes,results,construction,https://www.bidthebay.com/construction-project-details/terminal-7-dock-repair-city-of-richmond/r/reckdPEtNTIBQusZf,2026-03-30T10:11:51-07:00,178,yes,,award_results,no
reckfOCzGVsuy1JhH,Annual Street Resurfacing “2026 Slurry Seal” & Parking Lot Improvements Project,City of Dublin,Alameda,Dublin,Closed,construction,annual-street-resurfacing-2026-slurry-seal-parking-lot-improvements-project-city-of-dublin,90,yes,results,construction,https://www.bidthebay.com/construction-project-details/annual-street-resurfacing-2026-slurry-seal-parking-lot-improvements-project-city-of-dublin/r/reckfOCzGVsuy1JhH,2026-04-17T11:09:05-07:00,1002,yes,,award_results,no
reckfwG8Ke2OZAsZq,Redwood Road MPM 2.3 Slide Repair,County of Napa,Napa,Napa ,Closed,construction,redwood-road-mpm-2-3-slide-repair-county-of-napa,48,yes,results,construction,https://www.bidthebay.com/construction-project-details/redwood-road-mpm-2-3-slide-repair-county-of-napa/r/reckfwG8Ke2OZAsZq,2026-07-28T10:31:34-07:00,986,yes,,award_results,no
reckjfKxQbApi62kV,Parking Access Revenue and Control Systems (PARCS) Replacement Project,San Francisco International Airport,San Mateo,San Francisco,Open,construction,parking-access-revenue-and-control-systems-parcs-replacement-project-san-francisco-international-airport-sfo,108,yes,open,construction,https://www.bidthebay.com/construction-project-details/parking-access-revenue-and-control-systems-parcs-replacement-project-san-francisco-international-airport-sfo/r/reckjfKxQbApi62kV,2026-09-07T10:48:05-07:00,297,no,,open_solicitation,no
reckk5ksSSPrcSaeM,Precast ADA Accessible Stops,San Francisco Municipal Transportation Agency (SFMTA),San Francisco,San Francisco,Open,professional services; supplier,precast-ada-accessible-stops-san-francisco-municipal-transit-agency,67,yes,open,professional services,https://www.bidthebay.com/professional-services-project-details/precast-ada-accessible-stops-san-francisco-municipal-transit-agency/r/reckk5ksSSPrcSaeM,2026-09-07T11:37:47-07:00,487,no,,open_solicitation,no
recklpd7IqNcuw6pT,On-Call Architectural/Engineering Services & Environmental/Planning Services,Contra Costa County,Contra Costa,Concord / Byron,Closed,professional services,on-call-architectural-engineering-services-environmental-planning-services-contra-costa-county,94,yes,results,professional services,https://www.bidthebay.com/professional-services-project-details/on-call-architectural-engineering-services-environmental-planning-services-contra-costa-county/r/recklpd7IqNcuw6pT,2026-05-28T00:14:28-07:00,315,no,,recently_closed,no
recklvz2ziCH9XTKg,Replace Pier Waterline Shore Connections on Coast Guard Island,U.S. Coast Guard,Alameda,Alameda,Open,construction,replace-pier-waterline-shore-connections-on-coast-guard-island-us-coast-guard,77,yes,open,construction,https://www.bidthebay.com/construction-project-details/replace-pier-waterline-shore-connections-on-coast-guard-island-us-coast-guard/r/recklvz2ziCH9XTKg,2026-09-07T10:25:53-07:00,1246,no,Open but due date passed,open_solicitation,no
reckp3zVwaoCiAzSB,Sign & Striping Maintenance Project Ph 7-11,City of Alameda,Alameda,Alameda ,Closed,construction,sign-striping-maintenance-project-ph-7-11-city-of-alameda,57,yes,results,construction,https://www.bidthebay.com/construction-project-details/sign-striping-maintenance-project-ph-7-11-city-of-alameda/r/reckp3zVwaoCiAzSB,2026-06-09T00:05:46-07:00,301,no,,recently_closed,no
reckpcOuIm86uQ1Pz,Corporation Yard Bathroom Remodel,City of Benicia,Solano,Benicia,Closed,construction,corporation-yard-bathroom-remodel-city-of-benicia,49,yes,results,construction,https://www.bidthebay.com/construction-project-details/corporation-yard-bathroom-remodel-city-of-benicia/r/reckpcOuIm86uQ1Pz,2026-07-01T00:09:29-07:00,1042,no,,recently_closed,no
reckqmSGkTJKHRRfB,2026 Fleet Electrification Project Phase I,Town of Windsor,Sonoma,Windsor,Closed,construction,2026-fleet-electrification-project-phase-i-town-of-windsor,58,no,,,,2026-03-24T08:50:57-07:00,150,no,,closed_stale_no_results,no
reckrCItXguJ5HQSM,Rejected: Guadalupe Elementary School - Boiler Replacement,San Francisco Unified School District,San Francisco,San Francisco,Closed,construction,rejected-guadalupe-elementary-school-boiler-replacement-san-francisco-unified-school-district,93,yes,results,construction,https://www.bidthebay.com/construction-project-details/rejected-guadalupe-elementary-school-boiler-replacement-san-francisco-unified-school-district/r/reckrCItXguJ5HQSM,2026-08-26T11:34:57-07:00,449,yes,,award_results,no
reckt0TPiHSrTMoEO,5kV Cable Replacement in Field Lighting Building No. 2,San Francisco International Airport,San Mateo,San Francisco,Closed,construction,5kv-cable-replacement-in-field-lighting-building-no-2-san-francisco-international-airport-sfo,93,yes,results,construction,https://www.bidthebay.com/construction-project-details/5kv-cable-replacement-in-field-lighting-building-no-2-san-francisco-international-airport-sfo/r/reckt0TPiHSrTMoEO,2026-09-07T10:43:34-07:00,272,no,,recently_closed,no
reckvMpBY7FasjXkn,Boiler Repair Services,County of Santa Clara,Santa Clara,Santa Clara,Closed,construction,boiler-repair-services-county-of-santa-clara,44,no,,,,2026-03-25T07:50:25-07:00,238,no,,closed_stale_no_results,no
reckvvqdrJIo7aiu7,South San Francisco High School Modernization,South San Francisco Unified School District,San Mateo,South San Francisco,Open,construction,south-san-francisco-high-school-modernization-south-san-francisco-unified-school-district,89,yes,open,construction,https://www.bidthebay.com/construction-project-details/south-san-francisco-high-school-modernization-south-san-francisco-unified-school-district/r/reckvvqdrJIo7aiu7,2026-08-16T21:12:37-07:00,637,no,,open_solicitation,no
recl2WZsEpD9Wy2t4,Sports Lighting Conversion to LED Project,City of Brentwood,Contra Costa,Brentwood,Closed,construction,sports-lighting-conversion-to-led-project-city-of-brentwood,59,yes,results,construction,https://www.bidthebay.com/construction-project-details/sports-lighting-conversion-to-led-project-city-of-brentwood/r/recl2WZsEpD9Wy2t4,2026-09-10T11:47:34-07:00,450,yes,,award_results,no
recl3Md0YJsIZafKh,Installation and Connection Services - Fire Notification Panel to Suppression System,U.S. Department of the Air Force,Solano,Fairfield,Open,construction,installation-and-connection-services-fire-notification-panel-to-suppression-system-department-of-the-air-force,110,yes,open,construction,https://www.bidthebay.com/construction-project-details/installation-and-connection-services-fire-notification-panel-to-suppression-system-department-of-the-air-force/r/recl3Md0YJsIZafKh,2026-09-07T11:36:49-07:00,296,no,,open_solicitation,no
recl5XKIAYA15v4Cw,Marin County Fire Department (MCFD) Admin Headquarters – Interior Renovation,County of Marin,Marin,Marin County,Closed,construction,marin-county-fire-department-mcfd-admin-headquarters-interior-renovation-county-of-marin,88,no,,,,2026-04-11T10:48:05-07:00,878,no,,closed_stale_no_results,no
reclASqoXre4cBnUa,Convention Center HVAC Control Upgrades,City of San Jose,Santa Clara,San Jose,Closed,construction,convention-center-hvac-control-upgrades-city-of-san-jose,56,yes,results,construction,https://www.bidthebay.com/construction-project-details/convention-center-hvac-control-upgrades-city-of-san-jose/r/reclASqoXre4cBnUa,2026-06-11T08:54:23-07:00,447,yes,,award_results,no
reclCY89BzpPvjc55,Lomita Park Reconstruction Project,Millbrae Elementary School District,San Mateo,San Bruno,Closed,construction,lomita-park-reconstruction-project-millbrae-elementary-school-district,70,yes,results,construction,https://www.bidthebay.com/construction-project-details/lomita-park-reconstruction-project-millbrae-elementary-school-district/r/reclCY89BzpPvjc55,2026-05-21T17:09:48-07:00,493,no,,recently_closed,no
reclGWmtqCswnpz3q,Burlingame Paloma Park Playground Surfacing,City of Burlingame,San Mateo,Burlingame,Open,construction,burlingame-paloma-park-playground-surfacing-city-of-burlingame,62,yes,open,construction,https://www.bidthebay.com/construction-project-details/burlingame-paloma-park-playground-surfacing-city-of-burlingame/r/reclGWmtqCswnpz3q,2026-09-09T22:23:32-07:00,231,no,,open_solicitation,no
reclK7XVXIFSNhkW5,Denman Middle School Modernization Package 2 - Destructive Testing,San Francisco Unified School District,San Francisco,San Francisco,Closed,construction,denman-middle-school-modernization-package-2-destructive-testing-san-francisco-unified-school-district,102,yes,results,construction,https://www.bidthebay.com/construction-project-details/denman-middle-school-modernization-package-2-destructive-testing-san-francisco-unified-school-district/r/reclK7XVXIFSNhkW5,2026-06-30T03:04:49-07:00,378,yes,,award_results,no
reclM0Er3MzSgnYVt,Mastick Senior Center Roof Drains - Rebid,City of Alameda,Alameda,Alameda,Closed,construction,mastick-senior-center-roof-drains-rebid-city-of-alameda,55,yes,results,construction,https://www.bidthebay.com/construction-project-details/mastick-senior-center-roof-drains-rebid-city-of-alameda/r/reclM0Er3MzSgnYVt,2026-07-20T01:03:45-07:00,344,yes,,award_results,no
reclPMLF25ikWGc41,"Construction Management, Inspection, and Materials Testing Services for the Old Redwood Highway Pavement Preservation Project",Town of Windsor,Sonoma,Various Cities,Closed,professional services,construction-management-inspection-and-materials-testing-services-for-the-old-redwood-highway-pavement-preservation-project-town-of-windsor,139,yes,results,professional services,https://www.bidthebay.com/professional-services-project-details/construction-management-inspection-and-materials-testing-services-for-the-old-redwood-highway-pavement-preservation-project-town-of-windsor/r/reclPMLF25ikWGc41,2026-06-26T08:34:34-07:00,0,no,No description at all,recently_closed,no
reclQPb4hEJRFCDOC,Construction Project Management and Related Professional Services for Various Projects,County of Santa Clara,Santa Clara,Various,Closed,professional services,construction-project-management-and-related-professional-services-for-various-projects-county-of-santa-clara,108,yes,results,professional services,https://www.bidthebay.com/professional-services-project-details/construction-project-management-and-related-professional-services-for-various-projects-county-of-santa-clara/r/reclQPb4hEJRFCDOC,2026-09-02T00:04:26-07:00,525,no,,recently_closed,no
reclTUb4RuhRidyqY,Sanchez Elementary School - Kiln Room Project,San Francisco Unified School District,San Francisco,San Francisco,Closed,construction,sanchez-elementary-school-kiln-room-project-san-francisco-unified-school-district,81,yes,results,construction,https://www.bidthebay.com/construction-project-details/sanchez-elementary-school-kiln-room-project-san-francisco-unified-school-district/r/reclTUb4RuhRidyqY,2026-04-23T03:17:59-07:00,511,yes,,award_results,no
reclTzWFbrgoPaSp1,2026 Bay and Pierce Road Improvement Project,City of Menlo Park,San Mateo,Menlo Park,Closed,construction,2026-bay-and-pierce-road-improvement-project-city-of-menlo-park,63,yes,results,construction,https://www.bidthebay.com/construction-project-details/2026-bay-and-pierce-road-improvement-project-city-of-menlo-park/r/reclTzWFbrgoPaSp1,2026-03-30T10:13:43-07:00,714,yes,,award_results,no
reclU4wbjl8fMq6EZ,Sir Francis Drake Boulevard Paving Project,County of Marin,Marin,Olema,Closed,construction,sir-francis-drake-boulevard-paving-project-county-of-marin,58,yes,results,construction,https://www.bidthebay.com/construction-project-details/sir-francis-drake-boulevard-paving-project-county-of-marin/r/reclU4wbjl8fMq6EZ,2026-08-20T09:48:12-07:00,331,yes,,award_results,no
reclXKnwzQgYZEok5,License B - Horizontal Job Order Contracts,Contra Costa County,Contra Costa,Contra Costa,Closed,construction,license-b-horizontal-job-order-contracts-contra-costa-county,60,yes,results,construction,https://www.bidthebay.com/construction-project-details/license-b-horizontal-job-order-contracts-contra-costa-county/r/reclXKnwzQgYZEok5,2026-07-22T03:09:21-07:00,186,yes,,award_results,no
reclZ9vFjti6TUVm4,SFO Boarding Area F Refresh Project - Core Trade Design Build - Passenger Boarding Bridges,San Francisco International Airport,San Mateo,San Francisco,Closed,construction; professional services,sfo-boarding-area-f-refresh-project-core-trade-design-build-passenger-boarding-bridges-san-francisco-international-airport-sfo,126,yes,results,construction,https://www.bidthebay.com/construction-project-details/sfo-boarding-area-f-refresh-project-core-trade-design-build-passenger-boarding-bridges-san-francisco-international-airport-sfo/r/reclZ9vFjti6TUVm4,2026-09-07T10:43:39-07:00,1973,no,,multi_category_provisional_construction,yes
reclboaHqjkO9Sgvg,Monument Bridge at Canal Trail Project,City of Pleasant Hill,Contra Costa,Pleasant Hill; Concord,Closed,construction,monument-bridge-at-canal-trail-project-city-of-pleasant-hill,60,yes,results,construction,https://www.bidthebay.com/construction-project-details/monument-bridge-at-canal-trail-project-city-of-pleasant-hill/r/reclboaHqjkO9Sgvg,2026-09-05T08:57:28-07:00,808,yes,,award_results,no
recld0yETV220wu3D,"On-Call Repair of Damaged and Displaced Sections of Curbs, Gutters, and Sidewalks, Unit No. 30",Alameda County Public Works Agency,Alameda,Alameda,Closed,construction,on-call-repair-of-damaged-and-displaced-sections-of-curbs-gutters-and-sidewalks-unit-no-30-alameda-county-public-works,118,yes,results,construction,https://www.bidthebay.com/construction-project-details/on-call-repair-of-damaged-and-displaced-sections-of-curbs-gutters-and-sidewalks-unit-no-30-alameda-county-public-works/r/recld0yETV220wu3D,2026-09-07T11:36:49-07:00,643,no,,recently_closed,no
reclegYY0r7Oci6FZ,Probation La Plaza A Relocation,County of Sonoma,Sonoma,Santa Rosa,Closed,construction,probation-la-plaza-a-relocation-county-of-sonoma,48,no,,,,2026-04-11T10:48:08-07:00,556,no,,closed_stale_no_results,no
recliT0Xapf7aIDW8,Nighttime Safety Enhancement Plan,City of Hayward,Alameda,Hayward ,Closed,professional services,nighttime-safety-enhancement-plan-city-of-hayward,49,no,,,,2026-04-11T10:49:20-07:00,737,no,,closed_stale_no_results,no
recllGRMF0f2l8SQF, Gutter and Rainwater Drainage,Sequoia Union High School District,San Mateo,Redwood City and Various San Mateo County Cities,Closed,construction,gutter-and-rainwater-drainage-sequoia-union-high-school-district,64,yes,results,construction,https://www.bidthebay.com/construction-project-details/gutter-and-rainwater-drainage-sequoia-union-high-school-district/r/recllGRMF0f2l8SQF,2026-07-08T21:41:55-07:00,382,no,,recently_closed,no
recllM1WVYLWAZrmK,City Hall East Side Window Replacement,City of Antioch ,Contra Costa,Antioch,Closed,construction,city-hall-east-side-window-replacement-city-of-antioch,54,no,,,,2026-03-30T09:40:52-07:00,1459,no,,closed_stale_no_results,no
recllqMc3SziNLHqk,Abraham Lincoln Elementary School Perimeter Fencing and Gates,Santa Rosa City Schools,Sonoma,Santa Rosa,Closed,construction,abraham-lincoln-elementary-school-perimeter-fencing-and-gates-santa-rosa-city-schools,85,yes,results,construction,https://www.bidthebay.com/construction-project-details/abraham-lincoln-elementary-school-perimeter-fencing-and-gates-santa-rosa-city-schools/r/recllqMc3SziNLHqk,2026-09-09T00:02:13-07:00,107,no,,recently_closed,no
reclm4p2Lhq4GBbFu,Artist's View Deck Project,City of Belvedere,Marin,Belvedere,Open,construction,artist-s-view-deck-project-belvedere,36,yes,open,construction,https://www.bidthebay.com/construction-project-details/artist-s-view-deck-project-belvedere/r/reclm4p2Lhq4GBbFu,2026-09-11T06:42:22-07:00,347,no,,open_solicitation,no
reclqfXZZWymRPSYM,Oakland Academy of Knowledge Phase II Site Improvements,Oakland Unified School District,Alameda,Oakland,Closed,construction,oakland-academy-of-knowledge-phase-ii-site-improvements-oakland-unified-school-district,87,no,,,,2026-04-16T06:29:50-07:00,667,no,,closed_stale_no_results,no
reclrPIfgEPFHOyA3,Professional Servies for Recycled Water Pipeline Expansion Project 2028,City of Sunnyvale,Santa Clara,Sunnyvale,Closed,professional services,professional-servies-for-recycled-water-pipeline-expansion-project-2028-city-of-sunnyvale,89,yes,results,professional services,https://www.bidthebay.com/professional-services-project-details/professional-servies-for-recycled-water-pipeline-expansion-project-2028-city-of-sunnyvale/r/reclrPIfgEPFHOyA3,2026-09-09T00:02:01-07:00,1486,no,,recently_closed,no
recm0AKeuEzAT2qrE,Vallejo Mill ES Modernization - General Trades,Fremont Unified School District,Alameda,Fremont,Closed,construction,vallejo-mill-es-modernization-general-trades-fremont-unified-school-district,76,yes,results,construction,https://www.bidthebay.com/construction-project-details/vallejo-mill-es-modernization-general-trades-fremont-unified-school-district/r/recm0AKeuEzAT2qrE,2026-07-08T10:14:38-07:00,0,yes,No description at all,award_results,no
recm0COTDDJXuRwVz,General Engineering (A-License) Construction,San Francisco Public Utilities Commission,San Francisco; San Mateo; Santa Clara; Alameda,Various,Open,construction,general-engineering-a-license-construction-various,50,yes,open,construction,https://www.bidthebay.com/construction-project-details/general-engineering-a-license-construction-various/r/recm0COTDDJXuRwVz,2026-09-10T11:49:49-07:00,517,no,,open_solicitation,no
recm0fjSEy1WdplgM,Potable Water Reservoir Cleaning & Inspection Project 2026,City of Fairfield,Solano,Fairfield,Closed,construction,potable-water-reservoir-cleaning-inspection-project-2026-city-of-fairfield,74,yes,results,construction,https://www.bidthebay.com/construction-project-details/potable-water-reservoir-cleaning-inspection-project-2026-city-of-fairfield/r/recm0fjSEy1WdplgM,2026-05-15T01:56:30-07:00,922,yes,,award_results,no
recm2Rta0K3FGs4rD,Tocaloma Pump Station Rehabilitation Project,Marin Water (Marin Municipal Water District),Marin,Marin County,Closed,construction,tocaloma-pump-station-rehabilitation-project-marin-water,56,no,,,,2026-09-07T11:37:33-07:00,125,no,,closed_stale_no_results,no
recm7AN5sJh1cdiEo,K24 Baseball Field Safety Upgrades,Marin Community College District,Marin,Kentfield,Open,construction,k24-baseball-field-safety-upgrades-kentfield,44,yes,open,construction,https://www.bidthebay.com/construction-project-details/k24-baseball-field-safety-upgrades-kentfield/r/recm7AN5sJh1cdiEo,2026-09-08T08:29:23-07:00,1156,no,,open_solicitation,no
recm7oXj6rEKT1xbJ,Leigh and Westmont High School Kitchen Split Systems Addition,Campbell Union High School District,Santa Clara,San Jose & Campbell,Closed,construction,leigh-and-westmont-high-school-kitchen-split-systems-addition-cambell-union-high-school-district,96,yes,results,construction,https://www.bidthebay.com/construction-project-details/leigh-and-westmont-high-school-kitchen-split-systems-addition-cambell-union-high-school-district/r/recm7oXj6rEKT1xbJ,2026-09-07T11:36:49-07:00,525,yes,,award_results,no
recm9T98SnF5dcjiT,Special Inspector Services for Batmale Hall Emergency Generator Installation,City College of San Francisco,San Francisco,San Francisco,Closed,professional services,special-inspector-services-for-batmale-hall-emergency-generator-installation-city-college-of-san-francisco,106,yes,results,professional services,https://www.bidthebay.com/professional-services-project-details/special-inspector-services-for-batmale-hall-emergency-generator-installation-city-college-of-san-francisco/r/recm9T98SnF5dcjiT,2026-06-10T00:13:09-07:00,553,no,,recently_closed,no
recmBnR4JhwztCPKp,Alarm System – 9500 Pescadero Creek Road,County of San Mateo,San Mateo,Loma Mar,Closed,construction,alarm-system-9500-pescadero-creek-road-county-of-san-mateo,58,yes,results,construction,https://www.bidthebay.com/construction-project-details/alarm-system-9500-pescadero-creek-road-county-of-san-mateo/r/recmBnR4JhwztCPKp,2026-07-04T00:04:54-07:00,770,no,,recently_closed,no
recmBzGEzQgYFhoPs,As-Needed Vacant Unit Turnover Painting Service,Housing Authority of the City of Alameda,Alameda,Alameda,Closed,construction,as-needed-vacant-unit-turnover-painting-service-housing-authority-of-the-city-of-alameda,88,yes,results,construction,https://www.bidthebay.com/construction-project-details/as-needed-vacant-unit-turnover-painting-service-housing-authority-of-the-city-of-alameda/r/recmBzGEzQgYFhoPs,2026-08-18T00:01:17-07:00,599,no,,recently_closed,no
recmECI5sVbEClxAN,Skyline HS Field Lighting Replacement Project,Oakland Unified School District,Alameda,Oakland,Closed,construction,skyline-hs-field-lighting-replacement-project-oakland-unified-school-district,77,yes,results,construction,https://www.bidthebay.com/construction-project-details/skyline-hs-field-lighting-replacement-project-oakland-unified-school-district/r/recmECI5sVbEClxAN,2026-07-02T10:17:45-07:00,431,no,,recently_closed,no
recmFdnJex1ic0OG6,HVAC Systems,Alameda County Water District,Alameda,"Fremont, Newark",Closed,construction,hvac-systems-alameda-county-water-district,42,yes,results,construction,https://www.bidthebay.com/construction-project-details/hvac-systems-alameda-county-water-district/r/recmFdnJex1ic0OG6,2026-07-08T04:17:58-07:00,319,no,,recently_closed,no
recmGcjQwCwk6RHLU,Crane Creek Fiddleneck Drainage Riparian Enhancement Project,Sonoma-Marin Area Rail Transit (SMART),Sonoma,Santa Rosa,Closed,construction,crane-creek-fiddleneck-drainage-riparian-enhancement-project-sonoma-marin-area-rail-transit-smart,97,yes,results,construction,https://www.bidthebay.com/construction-project-details/crane-creek-fiddleneck-drainage-riparian-enhancement-project-sonoma-marin-area-rail-transit-smart/r/recmGcjQwCwk6RHLU,2026-08-11T09:18:20-07:00,949,yes,,award_results,no
recmHQTwQlSGIXvcd,Construction Management and Inspection for the Safe Pathways to School Coloma St and Ebbtide Ave Project,City of Sausalito,Marin,Sausalito,Closed,professional services,construction-management-and-inspection-for-the-safe-pathways-to-school-coloma-st-and-ebbtide-ave-project-city-of-sausalito,122,yes,results,professional services,https://www.bidthebay.com/professional-services-project-details/construction-management-and-inspection-for-the-safe-pathways-to-school-coloma-st-and-ebbtide-ave-project-city-of-sausalito/r/recmHQTwQlSGIXvcd,2026-06-25T00:00:47-07:00,282,no,,recently_closed,no
recmINH1PZ2OuC29d,Public Safety Building Jail Automation Upgrades,City of Berkeley,Alameda,Berkeley ,Closed,construction,public-safety-building-jail-automation-upgrades-city-of-berkeley,64,no,,,,2026-03-24T09:08:40-07:00,385,no,,closed_stale_no_results,no
recmIXXQis4r8se5G,International Hall Exterior Stair Replacement,Sonoma State University,Sonoma,Rohnert Park,Closed,construction,international-hall-exterior-stair-replacement-sonoma-state-university,69,yes,results,construction,https://www.bidthebay.com/construction-project-details/international-hall-exterior-stair-replacement-sonoma-state-university/r/recmIXXQis4r8se5G,2026-05-20T17:11:50-07:00,698,no,,recently_closed,no
recmKLKXvvz9vI8RE,Canceled: TEC Modernization Addition,Alameda-Contra Costa Transit District (AC Transit),Alameda,Hayward,Closed,construction,canceled-tec-modernization-addition-alameda-contra-costa-transit-district-ac-transit,84,yes,results,construction,https://www.bidthebay.com/construction-project-details/canceled-tec-modernization-addition-alameda-contra-costa-transit-district-ac-transit/r/recmKLKXvvz9vI8RE,2026-08-26T10:07:05-07:00,694,no,,recently_closed,no
recmKWvCizVWQxB8e,DW Infrastructure – Site Hardscape (ST Staff Parking Lot),East Side Union High School District,Santa Clara,San Jose,Closed,construction,dw-infrastructure-site-hardscape-st-staff-parking-lot-east-side-union-high-school-district,90,yes,results,construction,https://www.bidthebay.com/construction-project-details/dw-infrastructure-site-hardscape-st-staff-parking-lot-east-side-union-high-school-district/r/recmKWvCizVWQxB8e,2026-04-17T05:56:14-07:00,539,yes,,award_results,no
recmMWroAMlcerZrq,St. Helena Unified School District Maintenance Yard Gate Replacement Project,St. Helena Unified School District,Napa,St. Helena,Closed,construction,st-helena-unified-school-district-maintenance-yard-gate-replacement-project-st-helena-unified-school-district,109,yes,results,construction,https://www.bidthebay.com/construction-project-details/st-helena-unified-school-district-maintenance-yard-gate-replacement-project-st-helena-unified-school-district/r/recmMWroAMlcerZrq,2026-05-08T04:59:14-07:00,158,yes,,award_results,no
recmTBl9lyYKjKuRJ,BSVII Union Pacific Railroad Trackwork Engineering,Santa Clara Valley Transportation Authority,Santa Clara,San Jose,Closed,professional services,bsvii-union-pacific-railroad-trackwork-engineering-santa-clara-valley-transportation-authority,94,no,,,,2026-04-17T17:00:57-07:00,860,no,,closed_stale_no_results,no
recmU1T0oWV7ks01c,57 Otay Avenue Slide Repair  ,City of San Mateo,San Mateo,San Mateo,Closed,construction,57-otay-avenue-slide-repair-city-of-san-mateo,45,yes,results,construction,https://www.bidthebay.com/construction-project-details/57-otay-avenue-slide-repair-city-of-san-mateo/r/recmU1T0oWV7ks01c,2026-04-14T17:02:32-07:00,1743,no,,recently_closed,no
recmVIGvs2b96trcs,Construction Management & Construction Support Services for the 40th Street Multimodal Project,City of Emeryville,Alameda,Emeryville,Open,professional services,construction-management-construction-support-services-for-the-40th-street-multimodal-project-city-of-emeryville,111,yes,open,professional services,https://www.bidthebay.com/professional-services-project-details/construction-management-construction-support-services-for-the-40th-street-multimodal-project-city-of-emeryville/r/recmVIGvs2b96trcs,2026-09-01T00:51:33-07:00,498,no,,open_solicitation,no
recmVuLdzrVAWqBDc,Replace Flooring and Paint Interior Spaces in Building 52 on Coast Guard Island,U.S. Coast Guard,Alameda,Alameda,Closed,construction,replace-flooring-and-paint-interior-spaces-in-building-52-on-coast-guard-island-us-coast-guard,94,yes,results,construction,https://www.bidthebay.com/construction-project-details/replace-flooring-and-paint-interior-spaces-in-building-52-on-coast-guard-island-us-coast-guard/r/recmVuLdzrVAWqBDc,2026-09-07T10:26:26-07:00,483,no,,recently_closed,no
recmWCaxPCJWcZOOj,General Engineering (A-License) Construction,San Francisco Public Utilities Commission,San Francisco; San Mateo; Santa Clara; Alameda,Various,Open,construction,general-engineering-a-license-construction-various,50,yes,open,construction,https://www.bidthebay.com/construction-project-details/general-engineering-a-license-construction-various/r/recmWCaxPCJWcZOOj,2026-09-11T06:57:31-07:00,425,no,,open_solicitation,no
recmXJoU4N3sGjHop,Gladstone Lab Tenant Improvement,City and County of San Francisco,San Francisco,San Francisco,Closed,construction,gladstone-lab-tenant-improvement-city-and-county-of-san-francisco,65,yes,results,construction,https://www.bidthebay.com/construction-project-details/gladstone-lab-tenant-improvement-city-and-county-of-san-francisco/r/recmXJoU4N3sGjHop,2026-08-05T00:04:08-07:00,256,no,,recently_closed,no
recmYePVlKxbdSXZm,Rejected: Bascom Ave Queue Cutter Signal,City of San Jose,Santa Clara,"San Jose,",Closed,construction,rejected-bascom-ave-queue-cutter-signal-city-of-san-jose,56,no,,,,2026-06-29T04:39:32-07:00,362,no,,closed_stale_no_results,no
recmb4Hf5PBExF5SF,Project Delivery Partners for the Terminal Electrical Upgrade Project,San Francisco International Airport,San Mateo,San Francisco,Closed,professional services,project-delivery-partners-for-the-terminal-electrical-upgrade-project-san-francisco-international-airport-sfo,109,yes,results,professional services,https://www.bidthebay.com/professional-services-project-details/project-delivery-partners-for-the-terminal-electrical-upgrade-project-san-francisco-international-airport-sfo/r/recmb4Hf5PBExF5SF,2026-09-07T10:43:39-07:00,1059,no,,recently_closed,no
recmdXoy3g2i0Q05Z,Esplanade Full Trash Capture Device Project,City of Pacifica,San Mateo,Pacifica ,Closed,construction,esplanade-full-trash-capture-device-project-city-of-pacifica,60,no,,,,2026-03-30T10:08:13-07:00,175,no,,closed_stale_no_results,no
recmeWmSLwZrAN2y0,City Hall Pond & Fountain Rehabilitation Project,City of Pleasant Hill,Contra Costa,Pleasant Hill,Closed,construction,city-hall-pond-fountain-rehabilitation-project-city-of-pleasant-hill,68,yes,results,construction,https://www.bidthebay.com/construction-project-details/city-hall-pond-fountain-rehabilitation-project-city-of-pleasant-hill/r/recmeWmSLwZrAN2y0,2026-05-28T00:14:41-07:00,678,no,,recently_closed,no
recmesnXHD4WZmPKB,"Geotechnical Engineering, Material Testing, and Construction Inspection & Admin Services",City of Livermore,Alameda,Livermore,Closed,professional services,geotechnical-engineering-material-testing-and-construction-inspection-admin-services-city-of-livermore,102,no,,,,2026-07-07T09:16:05-07:00,0,no,No description at all,closed_stale_no_results,no
recmfR6KksKFbCEHr,"C4C Site Work, Paving and Striping",San Francisco International Airport,San Mateo,San Francisco,Closed,construction,c4c-site-work-paving-and-striping-san-francisco-international-airport-sfo,73,yes,results,construction,https://www.bidthebay.com/construction-project-details/c4c-site-work-paving-and-striping-san-francisco-international-airport-sfo/r/recmfR6KksKFbCEHr,2026-09-07T10:43:39-07:00,2015,no,,recently_closed,no
recmiSkEFRwEEznKK,2026 Preventative Maintenance Project,City of Mill Valley,Marin,Mill Valley,Closed,construction,2026-preventative-maintenance-project-city-of-mill-valley,57,yes,results,construction,https://www.bidthebay.com/construction-project-details/2026-preventative-maintenance-project-city-of-mill-valley/r/recmiSkEFRwEEznKK,2026-03-24T02:29:24-07:00,645,yes,,award_results,no
recmjuPKf6SkqgWhq,Terminal 3 West Modernization - TP 246 - East: Sitework and Site Utilities,San Francisco International Airport,San Francisco,San Francisco,Closed,construction,terminal-3-west-modernization-tp-246-east-sitework-and-site-utilities-san-francisco-international-airport-sfo,109,yes,results,construction,https://www.bidthebay.com/construction-project-details/terminal-3-west-modernization-tp-246-east-sitework-and-site-utilities-san-francisco-international-airport-sfo/r/recmjuPKf6SkqgWhq,2026-09-07T10:43:21-07:00,1700,no,,recently_closed,no
recmkmZrGs1YkiziY,Hazmat Services,City and County of San Francisco,San Francisco,San Francisco,Open,construction,hazmat-services-city-and-county-of-san-francisco,48,yes,open,construction,https://www.bidthebay.com/construction-project-details/hazmat-services-city-and-county-of-san-francisco/r/recmkmZrGs1YkiziY,2026-09-11T06:51:39-07:00,523,no,,open_solicitation,no
recmmF2hu46G2etAf,1st Street Sidewalk Gap Closure,City of Cloverdale,Sonoma,Cloverdale,Closed,construction,1st-street-sidewalk-gap-closure-city-of-cloverdale,50,yes,results,construction,https://www.bidthebay.com/construction-project-details/1st-street-sidewalk-gap-closure-city-of-cloverdale/r/recmmF2hu46G2etAf,2026-05-28T00:14:32-07:00,1164,no,,recently_closed,no
recmmYJ7hEybtSHZ4,Corporation Yard Groundwater Monitoring Wells Project,City of Pittsburg,Contra Costa,Pittsburg,Closed,construction,corporation-yard-groundwater-monitoring-wells-project-city-of-pittsburg,71,yes,results,construction,https://www.bidthebay.com/construction-project-details/corporation-yard-groundwater-monitoring-wells-project-city-of-pittsburg/r/recmmYJ7hEybtSHZ4,2026-05-20T17:11:52-07:00,272,no,,recently_closed,no
recmmyYF9slEcTlrq,Woodside High School Summer 2026 Roofing Project,Sequoia Union High School District,San Mateo,Woodside ,Closed,construction,woodside-high-school-summer-2026-roofing-project-sequoia-union-high-school-district,83,yes,results,construction,https://www.bidthebay.com/construction-project-details/woodside-high-school-summer-2026-roofing-project-sequoia-union-high-school-district/r/recmmyYF9slEcTlrq,2026-07-08T21:49:19-07:00,70,yes,,award_results,no
recmo4jYfE5KnsCWT,Mitchell Park Restroom Site Work,City of Palo Alto,Santa Clara,Palo Alto,Closed,construction,mitchell-park-restroom-site-work-city-of-palo-alto,50,yes,results,construction,https://www.bidthebay.com/construction-project-details/mitchell-park-restroom-site-work-city-of-palo-alto/r/recmo4jYfE5KnsCWT,2026-04-11T10:49:50-07:00,492,no,,recently_closed,no
recmr2dNFAstAaPsW,Fence Repair and Replacement Services,County of Santa Clara,Santa Clara,Various Cities,Closed,construction,fence-repair-and-replacement-services-county-of-santa-clara,59,yes,results,construction,https://www.bidthebay.com/construction-project-details/fence-repair-and-replacement-services-county-of-santa-clara/r/recmr2dNFAstAaPsW,2026-06-26T08:32:59-07:00,381,yes,,award_results,no
recmrPUrD2WPmNuKm,UCB Bancroft Student Housing Building BP #13.4 - Overhead Protection,UC Berkeley,Alameda,Berkeley,Closed,construction,ucb-bancroft-student-housing-building-bp-13-4-overhead-protection-uc-berkeley,77,yes,results,construction,https://www.bidthebay.com/construction-project-details/ucb-bancroft-student-housing-building-bp-13-4-overhead-protection-uc-berkeley/r/recmrPUrD2WPmNuKm,2026-06-27T20:24:32-07:00,734,yes,,award_results,no
recn4sFVVf2bd9yN4,Lincoln Elementary School - Security Improvement,Oakland Unified School District ,Alameda,Oakland,Closed,construction,lincoln-elementary-school-security-improvement-oakland-unified-school-district,78,yes,results,construction,https://www.bidthebay.com/construction-project-details/lincoln-elementary-school-security-improvement-oakland-unified-school-district/r/recn4sFVVf2bd9yN4,2026-07-14T04:16:39-07:00,505,no,,recently_closed,no
recn5suRqhw6e3IZC,FY25-26 Pavement Maintenance & Rehabilitation Project,City of Martinez,Contra Costa,Martinez ,Closed,construction,fy25-26-pavement-maintenance-rehabilitation-project-city-of-martinez,68,yes,results,construction,https://www.bidthebay.com/construction-project-details/fy25-26-pavement-maintenance-rehabilitation-project-city-of-martinez/r/recn5suRqhw6e3IZC,2026-05-12T17:01:07-07:00,549,no,,recently_closed,no
recn5vLVckIvtBcEP,Class 1 Pathway Maintenance Project,City of Cotati,Sonoma,Cotati,Closed,construction,class-1-pathway-maintenance-project-city-of-cotati,50,yes,results,construction,https://www.bidthebay.com/construction-project-details/class-1-pathway-maintenance-project-city-of-cotati/r/recn5vLVckIvtBcEP,2026-03-30T09:38:38-07:00,661,yes,,award_results,no
recnCW6MGbQQmsBpR,Betty Reid Soskin Building 300 Flooring Replacement,West Contra Costa Unified School District,Contra Costa,Richmond,Closed,construction,betty-reid-soskin-building-300-flooring-replacement-west-contra-costa-unified-school-district,93,yes,results,construction,https://www.bidthebay.com/construction-project-details/betty-reid-soskin-building-300-flooring-replacement-west-contra-costa-unified-school-district/r/recnCW6MGbQQmsBpR,2026-05-18T17:02:38-07:00,182,no,,recently_closed,no
recnDeMZtCdACHdMe,The Gateway Dean’s Suite,UC Berkeley ,Alameda,Berkeley ,Closed,construction,the-gateway-dean-s-suite-uc-berkeley,36,yes,results,construction,https://www.bidthebay.com/construction-project-details/the-gateway-dean-s-suite-uc-berkeley/r/recnDeMZtCdACHdMe,2026-03-25T02:19:24-07:00,339,yes,,award_results,no
recnDu1yNNtIqqiIY,"John Muir ES TK/K Buildings, Restroom Upgrades and Portables Relocation",Antioch Unified School District,Contra Costa,Contra Costa,Closed,construction,john-muir-es-tk-k-buildings-restroom-upgrades-and-portables-relocation-antioch-unified-school-district,102,yes,results,construction,https://www.bidthebay.com/construction-project-details/john-muir-es-tk-k-buildings-restroom-upgrades-and-portables-relocation-antioch-unified-school-district/r/recnDu1yNNtIqqiIY,2026-05-13T10:11:26-07:00,644,yes,,award_results,no
recnFjhxzOW1MoXgL,Cerone Security Enhancements,Santa Clara Valley Transportation Authority,Santa Clara,San Jose,Open,construction,cerone-security-enhancements-santa-clara-valley-transportation-authority,72,yes,open,construction,https://www.bidthebay.com/construction-project-details/cerone-security-enhancements-santa-clara-valley-transportation-authority/r/recnFjhxzOW1MoXgL,2026-09-11T07:08:11-07:00,770,no,,open_solicitation,no
recnFxbeEnDdohRNZ,Package Point Repair Contract Phase I,West Valley Sanitation District,Santa Clara,Saratoga,Open,construction,package-point-repair-contract-phase-i-saratoga,46,yes,open,construction,https://www.bidthebay.com/construction-project-details/package-point-repair-contract-phase-i-saratoga/r/recnFxbeEnDdohRNZ,2026-09-09T21:50:49-07:00,123,no,,open_solicitation,no
recnGPIb0YuhY3hQe,Boyes Blvd. Bridge Mitigation and Maintenance,County of Sonoma,Sonoma,Sonoma,Closed,construction,boyes-blvd-bridge-mitigation-and-maintenance-county-of-sonoma,61,yes,results,construction,https://www.bidthebay.com/construction-project-details/boyes-blvd-bridge-mitigation-and-maintenance-county-of-sonoma/r/recnGPIb0YuhY3hQe,2026-09-03T00:02:04-07:00,135,no,,recently_closed,no
recnHJQSBF1Bqoh6A,E.R. Taylor Elementary School Finishes Removal and Patch Back Project,San Francisco Unified School District,San Francisco,San Francisco,Closed,construction,e-r-taylor-elementary-school-finishes-removal-and-patch-back-project-san-francisco-unified-school-district,106,yes,results,construction,https://www.bidthebay.com/construction-project-details/e-r-taylor-elementary-school-finishes-removal-and-patch-back-project-san-francisco-unified-school-district/r/recnHJQSBF1Bqoh6A,2026-08-16T21:44:06-07:00,248,yes,,award_results,no
recnIJCJLYB7HIQn4,Material Testing & Lab Services,Cupertino Union School District,Santa Clara,Cupertino,Closed,professional services,material-testing-lab-services-cupertino-union-school-district,61,yes,results,professional services,https://www.bidthebay.com/professional-services-project-details/material-testing-lab-services-cupertino-union-school-district/r/recnIJCJLYB7HIQn4,2026-04-15T17:01:30-07:00,198,no,,recently_closed,no
recnIszRk6Ta8qfdO,Project Delivery Partners for Architecture Construction Projects,San Francisco International Airport,San Francisco,San Francisco,Open,professional services,project-delivery-partners-for-architecture-construction-projects-san-francisco-international-airport-sfo,104,yes,open,professional services,https://www.bidthebay.com/professional-services-project-details/project-delivery-partners-for-architecture-construction-projects-san-francisco-international-airport-sfo/r/recnIszRk6Ta8qfdO,2026-09-07T10:43:14-07:00,646,no,,open_solicitation,no
recnMRocx5WkdQhIV,Roof Replacement Project,County of Santa Clara,Santa Clara,San Martin,Closed,construction,roof-replacement-project-county-of-santa-clara,46,yes,results,construction,https://www.bidthebay.com/construction-project-details/roof-replacement-project-county-of-santa-clara/r/recnMRocx5WkdQhIV,2026-09-10T00:02:01-07:00,478,no,,recently_closed,no
recnNLa7MZZmxdyyg,Tule Elk Park Early Education School - Water Outlets Remediation,San Francisco Unified School District,San Francisco,San Francisco,Closed,construction,tule-elk-park-early-education-school-water-outlets-remediation-san-francisco-unified-school-district,100,yes,results,construction,https://www.bidthebay.com/construction-project-details/tule-elk-park-early-education-school-water-outlets-remediation-san-francisco-unified-school-district/r/recnNLa7MZZmxdyyg,2026-05-12T08:51:07-07:00,820,yes,,award_results,no
recnNxvo0Ki10Vfxg,Fabrication and Installation of Interior Environmental Graphics – SF Public Montessori ES and SF International HS,San Francisco Unified School District,San Francisco,San Francisco,Closed,construction,fabrication-and-installation-of-interior-environmental-graphics-sf-public-montessori-es-and-sf-international-hs-san-francisco-unified-school-district,149,yes,results,construction,https://www.bidthebay.com/construction-project-details/fabrication-and-installation-of-interior-environmental-graphics-sf-public-montessori-es-and-sf-international-hs-san-francisco-unified-school-district/r/recnNxvo0Ki10Vfxg,2026-06-30T03:10:55-07:00,300,no,,recently_closed,no
recnOiUAFCBxqb6Xb,"Rehab Limantour Residence 160, Point Reyes N.S.",National Park Service,Marin,Inverness,Open,construction,rehab-limantour-residence-160-point-reyes-n-s-national-park-service,67,yes,open,construction,https://www.bidthebay.com/construction-project-details/rehab-limantour-residence-160-point-reyes-n-s-national-park-service/r/recnOiUAFCBxqb6Xb,2026-09-09T22:03:39-07:00,915,no,,open_solicitation,no
recnRcUTwVS3MMOfq,2026 Spring Patching and Street Overlay Project,Town of Atherton,San Mateo,Atherton,Closed,construction,2026-spring-patching-and-street-overlay-project-town-of-atherton,64,yes,results,construction,https://www.bidthebay.com/construction-project-details/2026-spring-patching-and-street-overlay-project-town-of-atherton/r/recnRcUTwVS3MMOfq,2026-06-26T00:00:44-07:00,1364,no,,recently_closed,no
recnUGMR23vqRdinB,Woodacre Staff Restroom Improvements,County of Marin,Marin,Woodacre,Closed,construction,woodacre-staff-restroom-improvements-county-of-marin,52,yes,results,construction,https://www.bidthebay.com/construction-project-details/woodacre-staff-restroom-improvements-county-of-marin/r/recnUGMR23vqRdinB,2026-09-10T09:16:03-07:00,518,yes,,award_results,no
recnUhCVh6PjtBwVd,San Francisco International High School - Water Outlets Remediation,San Francisco Unified School District,San Francisco,San Francisco,Closed,construction,san-francisco-international-high-school-water-outlets-remediation-san-francisco-unified-school-district,103,yes,results,construction,https://www.bidthebay.com/construction-project-details/san-francisco-international-high-school-water-outlets-remediation-san-francisco-unified-school-district/r/recnUhCVh6PjtBwVd,2026-04-15T10:34:11-07:00,514,yes,,award_results,no
recnVrQViWi8vJ7PE,Orchard Elementary School – Booster Pump Project,Vacaville Unified School District,Solano,Vacaville,Closed,construction,orchard-elementary-school-booster-pump-project-vacaville-unified-school-district,80,yes,results,construction,https://www.bidthebay.com/construction-project-details/orchard-elementary-school-booster-pump-project-vacaville-unified-school-district/r/recnVrQViWi8vJ7PE,2026-05-28T00:14:51-07:00,109,no,,recently_closed,no
recnWawYkXB00ywa5,Synthetic Turf Fields Removal / Replacement Project at George Washington High School,San Francisco Unified School District,San Francisco,San Francisco,Closed,construction,synthetic-turf-fields-removal-replacement-project-at-george-washington-high-school-san-francisco-unified-school-district,120,yes,results,construction,https://www.bidthebay.com/construction-project-details/synthetic-turf-fields-removal-replacement-project-at-george-washington-high-school-san-francisco-unified-school-district/r/recnWawYkXB00ywa5,2026-03-28T09:59:14-07:00,3450,no,,recently_closed,no
recnghyxn1YhY7T2x,Terminal 3 West Modernization - TP 245 - East: Foundations / Piles,San Francisco International Airport,San Mateo,San Francisco,Open,construction,terminal-3-west-modernization-tp-245-east-san-francisco,55,yes,open,construction,https://www.bidthebay.com/construction-project-details/terminal-3-west-modernization-tp-245-east-san-francisco/r/recnghyxn1YhY7T2x,2026-09-09T18:17:16-07:00,2216,no,,open_solicitation,no
recniMjZeXZljiPUK,N San Pedro Rd Mp 4.45 Road Realignment,County of Marin,Marin,San Rafael,Closed,construction,n-san-pedro-rd-mp-4-45-road-realignment-county-of-marin,55,yes,results,construction,https://www.bidthebay.com/construction-project-details/n-san-pedro-rd-mp-4-45-road-realignment-county-of-marin/r/recniMjZeXZljiPUK,2026-08-11T08:19:29-07:00,0,yes,No description at all,award_results,no
recnic3s3M53ADYwB,Hildebrand Rm D40 New Laser System,UC Berkeley,Alameda,Berkeley,Closed,professional services,hildebrand-rm-d40-new-laser-system-uc-berkeley,46,yes,results,professional services,https://www.bidthebay.com/professional-services-project-details/hildebrand-rm-d40-new-laser-system-uc-berkeley/r/recnic3s3M53ADYwB,2026-05-20T17:11:55-07:00,466,no,,recently_closed,no
recnnVw3FGj6fWJPG,"Portables Replacement Projects at Steffan Manor, Federal Terrace, and Glen Cove",Vallejo City Unified School District,Solano,Vallejo,Closed,construction,portables-replacement-projects-at-steffan-manor-federal-terrace-and-glen-cove-vallejo-city-unified-school-district,114,yes,results,construction,https://www.bidthebay.com/construction-project-details/portables-replacement-projects-at-steffan-manor-federal-terrace-and-glen-cove-vallejo-city-unified-school-district/r/recnnVw3FGj6fWJPG,2026-05-01T17:02:11-07:00,450,no,,recently_closed,no
recnpMvpPkNWmWhzx,Redwood Road MPM 5.41,County of Napa,Napa,Napa,Closed,construction,redwood-road-mpm-5-41-county-of-napa,36,yes,results,construction,https://www.bidthebay.com/construction-project-details/redwood-road-mpm-5-41-county-of-napa/r/recnpMvpPkNWmWhzx,2026-08-12T10:49:15-07:00,704,yes,,award_results,no
recnpNxyg0NDf7FIK,As-Needed HVAC Repair Services,County of Santa Clara,Santa Clara,Santa Clara,Closed,construction,as-needed-hvac-repair-services-county-of-santa-clara,52,no,,,,2026-07-08T10:18:32-07:00,1191,no,,closed_stale_no_results,no
recnpYzJ6ulkaPW6k,Municipal Airport Hangar Re-Roof and Replacement of Existing Light Transmitting Panels Project,City of Healdsburg,Sonoma,Healdsburg,Closed,construction,municipal-airport-hangar-re-roof-and-replacement-of-existing-light-transmitting-panels-project-city-of-healdsburg,113,yes,results,construction,https://www.bidthebay.com/construction-project-details/municipal-airport-hangar-re-roof-and-replacement-of-existing-light-transmitting-panels-project-city-of-healdsburg/r/recnpYzJ6ulkaPW6k,2026-03-23T20:59:07-07:00,301,yes,,award_results,no
recnqCt3m2oHyby2I,2026 Local Streets Cape Seal Pavement,City of San Jose,Santa Clara,San Jose,Closed,construction,2026-local-streets-cape-seal-pavement-city-of-san-jose,54,yes,results,construction,https://www.bidthebay.com/construction-project-details/2026-local-streets-cape-seal-pavement-city-of-san-jose/r/recnqCt3m2oHyby2I,2026-04-23T17:12:01-07:00,518,no,,recently_closed,no
recnsR7S5LJ4IJvWi,Modular Classrooms and Associated Sitework at Alta Vista and Guadalupe Elementary Schools Project,Union School District,Santa Clara,"Los Gatos, San Jose",Open,construction; professional services,modular-classrooms-and-associated-sitework-at-alta-vista-and-guadalupe-elementary-schools-project-union-school-district,119,yes,open,construction,https://www.bidthebay.com/construction-project-details/modular-classrooms-and-associated-sitework-at-alta-vista-and-guadalupe-elementary-schools-project-union-school-district/r/recnsR7S5LJ4IJvWi,2026-08-23T22:24:49-07:00,785,no,,multi_category_provisional_construction,yes
recnuahg8c4UJu0Tk,Novato Creek Maintenance Sediment Removal Project,County of Marin,Marin,Novato,Closed,construction,novato-creek-maintenance-sediment-removal-project-county-of-marin,65,yes,results,construction,https://www.bidthebay.com/construction-project-details/novato-creek-maintenance-sediment-removal-project-county-of-marin/r/recnuahg8c4UJu0Tk,2026-04-20T17:03:39-07:00,253,no,,recently_closed,no
recnvOlNxNyxS2YoL,Biogas and Biosolids Evaluation: Digester 1 Cleaning,City of San Mateo,San Mateo,San Mateo,Closed,construction,biogas-and-biosolids-evaluation-digester-1-cleaning-city-of-san-mateo,69,yes,results,construction,https://www.bidthebay.com/construction-project-details/biogas-and-biosolids-evaluation-digester-1-cleaning-city-of-san-mateo/r/recnvOlNxNyxS2YoL,2026-07-21T08:13:23-07:00,258,no,,recently_closed,no
recnwq7nu21FPKDNQ,Exhaust Evacuation System Replacement in Alameda County,California Department of Transportation (Caltrans),Alameda,San Leandro,Closed,construction,exhaust-evacuation-system-replacement-in-alameda-county-california-department-of-transportation,95,yes,results,construction,https://www.bidthebay.com/construction-project-details/exhaust-evacuation-system-replacement-in-alameda-county-california-department-of-transportation/r/recnwq7nu21FPKDNQ,2026-09-07T15:50:31-07:00,330,yes,,award_results,no
recnxXgJWvdQ4a5wR,Stonegate Field Alterations  ,Franklin-McKinley School District,Santa Clara,San Jose,Closed,construction,stonegate-field-alterations-franklin-mckinley-school-district,61,yes,results,construction,https://www.bidthebay.com/construction-project-details/stonegate-field-alterations-franklin-mckinley-school-district/r/recnxXgJWvdQ4a5wR,2026-05-14T17:04:02-07:00,218,no,,recently_closed,no
recnxjXTy2FDvJCUY,Community Pool & Wading Pool Replaster and Renovation,Marinwood Community Services District,Marin,San Rafael,Closed,construction,community-pool-wading-pool-replaster-and-renovation-marinwood-community-services-district,89,yes,results,construction,https://www.bidthebay.com/construction-project-details/community-pool-wading-pool-replaster-and-renovation-marinwood-community-services-district/r/recnxjXTy2FDvJCUY,2026-07-31T00:01:49-07:00,399,no,,recently_closed,no
recnzzH2fPQEQltvW,Parks and Landscaping Maintenance Services,City of Milpitas,Santa Clara,Milpitas ,Closed,professional services,parks-and-landscaping-maintenance-services-city-of-milpitas,59,no,,,,2026-03-24T07:10:49-07:00,749,no,,closed_stale_no_results,no
reco2BOw8IY8jtmnf,Capital Projects Onsite Coordinator,UC Berkeley,Alameda,Berkeley,Closed,professional services,capital-projects-onsite-coordinator-uc-berkeley,47,yes,results,professional services,https://www.bidthebay.com/professional-services-project-details/capital-projects-onsite-coordinator-uc-berkeley/r/reco2BOw8IY8jtmnf,2026-04-22T08:20:40-07:00,1126,no,,recently_closed,no
reco3HoEQwaCoreD3,Bancroft Avenue and Williams Street Crosstown Corridors Project,City of San Leandro,Alameda,San Leandro,Closed,professional services,bancroft-avenue-and-williams-street-crosstown-corridors-project-city-of-san-leandro,83,no,,,,2026-06-01T04:06:10-07:00,626,no,,closed_stale_no_results,no
reco6uIvbhSZReqdw,SCUSD Increment 2 Modernization Group 3 Bracher Elementary School,Santa Clara Unified School District,Santa Clara,Santa Clara,Closed,construction,scusd-increment-2-modernization-group-3-bracher-elementary-school-santa-clara-unified-school-district,101,yes,results,construction,https://www.bidthebay.com/construction-project-details/scusd-increment-2-modernization-group-3-bracher-elementary-school-santa-clara-unified-school-district/r/reco6uIvbhSZReqdw,2026-03-24T00:29:27-07:00,355,yes,,award_results,no
reco7QACNptxOInfa,MOC Confined Space and Trench Rescue Training Structure Project,City of Mountain View,Santa Clara,Mountain View,Closed,professional services,moc-confined-space-and-trench-rescue-training-structure-project-city-of-mountain-view,85,yes,results,professional services,https://www.bidthebay.com/professional-services-project-details/moc-confined-space-and-trench-rescue-training-structure-project-city-of-mountain-view/r/reco7QACNptxOInfa,2026-06-27T00:00:39-07:00,543,no,,recently_closed,no
recoE2tMnIpwEASUh,Malcolm X Academy Elementary School - Water Outlets Remediation,San Francisco Unified School District,San Francisco,San Francisco,Closed,construction,malcolm-x-academy-elementary-school-water-outlets-remediation-san-francisco-unified-school-district,99,yes,results,construction,https://www.bidthebay.com/construction-project-details/malcolm-x-academy-elementary-school-water-outlets-remediation-san-francisco-unified-school-district/r/recoE2tMnIpwEASUh,2026-04-15T10:32:42-07:00,703,yes,,award_results,no
recoFsFhO28Tma0qa,Verde ES Play Structure Replacement Project,West Contra Costa Unified School District,Contra Costa,Richmond,Closed,construction,verde-es-play-structure-replacement-project-west-contra-costa-unified-school-district,85,yes,results,construction,https://www.bidthebay.com/construction-project-details/verde-es-play-structure-replacement-project-west-contra-costa-unified-school-district/r/recoFsFhO28Tma0qa,2026-06-05T07:06:34-07:00,242,yes,,award_results,no
recoHelxtkb1D9FUo,Fire Station 63 - Prequalification of General Contractors,City of South San Francisco,San Mateo,South San Francisco,Closed,construction,fire-station-63-prequalification-of-general-contractors-city-of-south-san-francisco,83,yes,results,construction,https://www.bidthebay.com/construction-project-details/fire-station-63-prequalification-of-general-contractors-city-of-south-san-francisco/r/recoHelxtkb1D9FUo,2026-09-11T07:37:29-07:00,1223,no,,recently_closed,no
recoIKcV5YcRUTHEU,PW Japantown Buchanan Mall,City and County of San Francisco,San Francisco,San Francisco,Closed,construction,pw-japantown-buchanan-mall-city-and-county-of-san-francisco,59,no,,,,2026-04-11T10:46:09-07:00,198,no,,closed_stale_no_results,no
recoKL7p6qBQHpQcp,2025-2026 Sewer Manhole Rehabilitation Project,City of Hayward,Alameda,Hayward,Closed,construction,2025-2026-sewer-manhole-rehabilitation-project-city-of-hayward,62,yes,results,construction,https://www.bidthebay.com/construction-project-details/2025-2026-sewer-manhole-rehabilitation-project-city-of-hayward/r/recoKL7p6qBQHpQcp,2026-05-04T06:09:43-07:00,278,no,,recently_closed,no
recoRNgyxdC8FNlDC,2025-26 Grade 5 RAA Line Replacement Project,City of Richmond,Contra Costa,Richmond ,Closed,construction,2025-26-grade-5-raa-line-replacement-project-city-of-richmond,61,no,,,,2026-04-22T08:21:57-07:00,416,no,,closed_stale_no_results,no
recoV8o7Fnm3zMaXj,Barnard-White Campus – Exterior Repairs and Painting,New Haven Unified School District,Alameda,Union City,Closed,construction,barnard-white-campus-exterior-repairs-and-painting-new-haven-unified-school-district,84,yes,results,construction,https://www.bidthebay.com/construction-project-details/barnard-white-campus-exterior-repairs-and-painting-new-haven-unified-school-district/r/recoV8o7Fnm3zMaXj,2026-07-22T20:31:07-07:00,140,yes,,award_results,no
recoWCM8Nis77dI57,On Call Professional Services  ,City of Foster City,San Mateo,Foster City,Closed,professional services,on-call-professional-services-city-of-foster-city,49,yes,results,professional services,https://www.bidthebay.com/professional-services-project-details/on-call-professional-services-city-of-foster-city/r/recoWCM8Nis77dI57,2026-07-10T03:01:31-07:00,886,no,,recently_closed,no
recoXsFQk4zeDbz2M,Nonfunctional Turf Conversion Project,City of Pleasanton,Alameda,Pleasanton,Closed,construction,nonfunctional-turf-conversion-project-city-of-pleasanton,56,yes,results,construction,https://www.bidthebay.com/construction-project-details/nonfunctional-turf-conversion-project-city-of-pleasanton/r/recoXsFQk4zeDbz2M,2026-06-25T00:00:44-07:00,245,no,,recently_closed,no
recoYlVCVLMxiINGX,Fabrication and Installation of Interior Environmental Graphics – McKinley ES and Rooftop ES,San Francisco Unified School District,San Francisco,San Francisco,Closed,construction,fabrication-and-installation-of-interior-environmental-graphics-mckinley-es-and-rooftop-es-san-francisco-unified-school-district,128,yes,results,construction,https://www.bidthebay.com/construction-project-details/fabrication-and-installation-of-interior-environmental-graphics-mckinley-es-and-rooftop-es-san-francisco-unified-school-district/r/recoYlVCVLMxiINGX,2026-06-30T03:51:32-07:00,279,no,,recently_closed,no
recoaYaHnQoaE8sXO,2026 Street Resurfacing Project,Town of San Anselmo,Marin,San Anselmo,Closed,construction,2026-street-resurfacing-project-town-of-san-anselmo,51,yes,results,construction,https://www.bidthebay.com/construction-project-details/2026-street-resurfacing-project-town-of-san-anselmo/r/recoaYaHnQoaE8sXO,2026-06-03T00:06:45-07:00,467,no,,recently_closed,no
recobAWtuIF3ZbwBd,Butterfield Basin Online Conversion Project,City of Morgan Hill,Santa Clara,Morgan Hill,Closed,construction,butterfield-basin-online-conversion-project-city-of-morgan-hill,63,yes,results,construction,https://www.bidthebay.com/construction-project-details/butterfield-basin-online-conversion-project-city-of-morgan-hill/r/recobAWtuIF3ZbwBd,2026-04-11T10:49:50-07:00,550,no,,recently_closed,no
recog6UmArFyPgp7B,"Canceled: Lift Station Inspection, Maintenance, and Repair Services",County of San Mateo,San Mateo,San Mateo,Closed,construction,canceled-lift-station-inspection-maintenance-and-repair-services-county-of-san-mateo,84,yes,results,construction,https://www.bidthebay.com/construction-project-details/canceled-lift-station-inspection-maintenance-and-repair-services-county-of-san-mateo/r/recog6UmArFyPgp7B,2026-07-30T09:39:55-07:00,272,no,,recently_closed,no
recokJSk10y9XCCwf,SCVMC Building M Operation Rooms (OR) Renovation,County of Santa Clara,Santa Clara,San Jose,Closed,construction,scvmc-building-m-operation-rooms-or-renovation-county-of-santa-clara,68,yes,results,construction,https://www.bidthebay.com/construction-project-details/scvmc-building-m-operation-rooms-or-renovation-county-of-santa-clara/r/recokJSk10y9XCCwf,2026-07-31T00:01:54-07:00,1145,no,,recently_closed,no
recomDZbbLcpWgoas,1475 Rosita Road Slope and Sharp Park Road V-Ditch Stabilization Projects,City of Pacifica,San Mateo,Pacifica,Closed,construction,1475-rosita-road-slope-and-sharp-park-road-v-ditch-stabilization-projects-city-of-pacifica,90,yes,results,construction,https://www.bidthebay.com/construction-project-details/1475-rosita-road-slope-and-sharp-park-road-v-ditch-stabilization-projects-city-of-pacifica/r/recomDZbbLcpWgoas,2026-07-16T07:13:44-07:00,719,yes,,award_results,no
recomkDxFIC0oxpXF,Anderson Elementary School – Switchgear Replacement,Dixon Unified School District,Solano,Dixon,Closed,construction,anderson-elementary-school-switchgear-replacement-dixon-unified-school-district,79,yes,results,construction,https://www.bidthebay.com/construction-project-details/anderson-elementary-school-switchgear-replacement-dixon-unified-school-district/r/recomkDxFIC0oxpXF,2026-05-15T17:11:34-07:00,444,no,,recently_closed,no
reconPN5qA1Xl2LML,Sewer Maintenance and Repair Services,County of San Mateo,San Mateo,Various Cities,Closed,construction,sewer-maintenance-and-repair-services-county-of-san-mateo,57,yes,results,construction,https://www.bidthebay.com/construction-project-details/sewer-maintenance-and-repair-services-county-of-san-mateo/r/reconPN5qA1Xl2LML,2026-06-26T08:32:59-07:00,1043,no,,recently_closed,no
recosyckrLCzac5Aw,UCB EHCP – Increment 6 – WP-31: Tile and Countertops,UC Berkeley,Alameda,Berkeley,Closed,construction,ucb-ehcp-increment-6-wp-31-tile-and-countertops-uc-berkeley,59,yes,results,construction,https://www.bidthebay.com/construction-project-details/ucb-ehcp-increment-6-wp-31-tile-and-countertops-uc-berkeley/r/recosyckrLCzac5Aw,2026-09-10T00:02:08-07:00,197,no,,recently_closed,no
recou3mXsqJWsqFqT,DM FY23 Warren Hall Building Automation Controls Replacement,UC Berkeley,Alameda,Berkeley,Closed,construction,dm-fy23-warren-hall-building-automation-controls-replacement-uc-berkeley,72,yes,results,construction,https://www.bidthebay.com/construction-project-details/dm-fy23-warren-hall-building-automation-controls-replacement-uc-berkeley/r/recou3mXsqJWsqFqT,2026-06-27T20:25:49-07:00,300,yes,,award_results,no
recouAssZw2wk6omc,Harbor Street Safety Improvements,City of Pittsburg,Contra Costa,Pittsburg,Closed,professional services,harbor-street-safety-improvements-city-of-pittsburg,51,yes,results,professional services,https://www.bidthebay.com/professional-services-project-details/harbor-street-safety-improvements-city-of-pittsburg/r/recouAssZw2wk6omc,2026-05-14T17:04:07-07:00,433,no,,recently_closed,no
recouTLIhnlZPvpni,Reconstruction of 18th Avenue and Installation of Valley Gutters on Fair Oaks Avenue  ,County of San Mateo,San Mateo,San Mateo,Closed,construction,reconstruction-of-18th-avenue-and-installation-of-valley-gutters-on-fair-oaks-avenue-county-of-san-mateo,104,yes,results,construction,https://www.bidthebay.com/construction-project-details/reconstruction-of-18th-avenue-and-installation-of-valley-gutters-on-fair-oaks-avenue-county-of-san-mateo/r/recouTLIhnlZPvpni,2026-03-24T07:30:07-07:00,88,yes,,award_results,no
recouiRtFXNDX3QfP,Scaffolding Services,East Bay Municipal Utility District,Alameda,Oakland,Open,construction,scaffolding-services-east-bay-municipal-utility-district,56,yes,open,construction,https://www.bidthebay.com/construction-project-details/scaffolding-services-east-bay-municipal-utility-district/r/recouiRtFXNDX3QfP,2026-09-02T09:48:34-07:00,492,no,Open but due date passed,open_solicitation,no
recovV2UqRYNOOhoa,Sewer Line Replacement Services in San Mateo County,California Department of Transportation (Caltrans),San Mateo,Foster City,Closed,construction,sewer-line-replacement-services-in-san-mateo-county-cal-trans-district-4,72,no,,,,2026-09-11T00:00:17-07:00,200,no,,closed_stale_no_results,no
recovuxHYWanUIqEP,Basketball and Tennis Court Renovations – Phase 3,Hayward Area Recreation and Park District,Alameda,"Hayward; Castro Valley, San Lorenzo",Closed,construction,basketball-and-tennis-court-renovations-phase-3-hayward-area-recreation-and-park-district,89,yes,results,construction,https://www.bidthebay.com/construction-project-details/basketball-and-tennis-court-renovations-phase-3-hayward-area-recreation-and-park-district/r/recovuxHYWanUIqEP,2026-09-10T06:45:38-07:00,1144,yes,,award_results,no
recoxqJVSqVTltYOF,As-Needed Roofing Repair Services,County of Santa Clara,Santa Clara,Various Cities,Closed,construction,as-needed-roofing-repair-services-county-of-santa-clara,55,yes,results,construction,https://www.bidthebay.com/construction-project-details/as-needed-roofing-repair-services-county-of-santa-clara/r/recoxqJVSqVTltYOF,2026-07-08T06:46:34-07:00,263,yes,,award_results,no
recozmkPuwJdYHOms,PH CUP NPC4 Sprinkler Bracing,University of California San Francisco,San Francisco,San Francisco,Open,construction,ph-cup-npc4-sprinkler-bracing-university-of-california-san-francisco,68,yes,open,construction,https://www.bidthebay.com/construction-project-details/ph-cup-npc4-sprinkler-bracing-university-of-california-san-francisco/r/recozmkPuwJdYHOms,2026-09-09T23:39:57-07:00,188,no,,open_solicitation,no
recp8sa1LQhfsfDgo,Folger Stable Arena Footing Replacement,County of San Mateo,San Mateo,Woodside,Closed,construction,folger-stable-arena-footing-replacement-county-of-san-mateo,59,yes,results,construction,https://www.bidthebay.com/construction-project-details/folger-stable-arena-footing-replacement-county-of-san-mateo/r/recp8sa1LQhfsfDgo,2026-08-22T00:05:03-07:00,447,no,,recently_closed,no
recpBBbErr7wuaV9H,Sobrante Water Treatment Plant Clarifiers Replacement,East Bay Municipal Utility District,Contra Costa,El Sobrante,Closed,construction,sobrante-water-treatment-plant-clarifiers-replacement-east-bay-municipal-utility-district,89,yes,results,construction,https://www.bidthebay.com/construction-project-details/sobrante-water-treatment-plant-clarifiers-replacement-east-bay-municipal-utility-district/r/recpBBbErr7wuaV9H,2026-07-10T03:16:04-07:00,169,no,,recently_closed,no
recpBvXuuoxC6zON4,HVAC Replacement at Oster,Union School District,Santa Clara,"San Jose, CA",Closed,construction,hvac-replacement-at-oster-union-school-district,47,no,,,,2026-03-24T07:42:50-07:00,77,no,,closed_stale_no_results,no
recpCbFT88Eo8R6Sh,Door Removal and Replacement ,California Military Department,San Francisco,San Francisco,Closed,construction,door-removal-and-replacement-california-military-department,59,yes,results,construction,https://www.bidthebay.com/construction-project-details/door-removal-and-replacement-california-military-department/r/recpCbFT88Eo8R6Sh,2026-03-27T10:37:30-07:00,288,yes,,award_results,no
recpD6YeAIyEtsBFL,Environmental Site Assessment Consulting Services for Soil Characterization Investigations at Various School Sites,Oakland Unified School District,Alameda,Oakland ,Closed,professional services,environmental-site-assessment-consulting-services-for-soil-characterization-investigations-at-various-school-sites-oakland-unified-school-district,146,yes,results,professional services,https://www.bidthebay.com/professional-services-project-details/environmental-site-assessment-consulting-services-for-soil-characterization-investigations-at-various-school-sites-oakland-unified-school-district/r/recpD6YeAIyEtsBFL,2026-04-30T17:08:22-07:00,464,no,,recently_closed,no
recpDzcLP6F2ko2PQ,Gabarda Easement Sewer Replacement,West Bay Sanitary District,San Mateo,Portola Valley,Closed,construction,gabarda-easement-sewer-replacement-west-bay-sanitary-district,61,yes,results,construction,https://www.bidthebay.com/construction-project-details/gabarda-easement-sewer-replacement-west-bay-sanitary-district/r/recpDzcLP6F2ko2PQ,2026-08-19T00:04:08-07:00,258,no,,recently_closed,no
recpGHUzO5jKMHyrS,"UCB EHCP – Increment 6 – WP-18: Waterproofing, Roofing, and Flashing",UC Berkeley,Alameda,Berkeley,Closed,construction,ucb-ehcp-increment-6-wp-18-waterproofing-roofing-and-flashing-uc-berkeley,73,yes,results,construction,https://www.bidthebay.com/construction-project-details/ucb-ehcp-increment-6-wp-18-waterproofing-roofing-and-flashing-uc-berkeley/r/recpGHUzO5jKMHyrS,2026-09-10T00:02:04-07:00,278,no,,recently_closed,no
recpICxiXwE1Ahqk4,GGP Golf Course Trees,City and County of San Francisco,San Francisco,San Francisco,Closed,construction,ggp-golf-course-trees-city-and-county-of-san-francisco,54,no,,,,2026-04-11T10:46:20-07:00,69,no,,closed_stale_no_results,no
recpK7HGkT8SHghtF,Sodium Hypochlorite Tank Replacement Project,City of Richmond,Contra Costa,Richmond,Closed,construction,sodium-hypochlorite-tank-replacement-project-city-of-richmond,61,yes,results,construction,https://www.bidthebay.com/construction-project-details/sodium-hypochlorite-tank-replacement-project-city-of-richmond/r/recpK7HGkT8SHghtF,2026-03-30T10:20:57-07:00,0,yes,No description at all,award_results,no
recpKXxF4oIVZXfyE,CHP Hayward Area office - Automatic Gate and Roll-Up Door Maintenance Services,California Highway Patrol,Alameda,Hayward,Closed,construction,chp-hayward-area-office-automatic-gate-and-roll-up-door-maintenance-services-california-highway-patrol,102,yes,results,construction,https://www.bidthebay.com/construction-project-details/chp-hayward-area-office-automatic-gate-and-roll-up-door-maintenance-services-california-highway-patrol/r/recpKXxF4oIVZXfyE,2026-06-13T00:03:16-07:00,177,no,,recently_closed,no
recpMAAOkymsoLiJp,Repair of Pavement at Air Station San Francisco,U.S. Coast Guard,San Francisco,San Francisco,Open,construction,repair-of-pavement-at-air-station-san-francisco-us-coast-guard,62,yes,open,construction,https://www.bidthebay.com/construction-project-details/repair-of-pavement-at-air-station-san-francisco-us-coast-guard/r/recpMAAOkymsoLiJp,2026-09-07T10:25:38-07:00,324,no,,open_solicitation,no
recpNEkpsoa4vMbBc,2023 Storm Damage Remaining Road Repairs,San Francisco Public Utilities Commission,Alameda,"Alameda, San Joaquin & Tuolumne Counties",Closed,construction,2023-storm-damage-remaining-road-repairs-san-francisco-public-utilities-commission,82,no,,,,2026-06-27T20:31:44-07:00,174,no,,closed_stale_no_results,no
recpNcSk6bta0uer1,Qualified Plumbing Contractors,Marin Water (Marin Municipal Water District),Marin,Corte Madera,Open,construction,qualified-plumbing-contractors-marin-water,42,yes,open,construction,https://www.bidthebay.com/construction-project-details/qualified-plumbing-contractors-marin-water/r/recpNcSk6bta0uer1,2026-09-07T11:37:33-07:00,619,no,,open_solicitation,no
recpS30hiqx4y7aTM,South Campus Building 4 HVAC Replacement - Rebid,County of Napa,Napa,Napa,Closed,construction,south-campus-building-4-hvac-replacement-rebid-county-of-napa,61,yes,results,construction,https://www.bidthebay.com/construction-project-details/south-campus-building-4-hvac-replacement-rebid-county-of-napa/r/recpS30hiqx4y7aTM,2026-07-28T10:31:34-07:00,807,yes,,award_results,no
recpSGwuTpt9ZwZJ9,Sonoma County Transit Roof & HVAC Repairs,County of Sonoma,Sonoma,Santa Rosa,Open,construction,sonoma-county-transit-roof-hvac-repairs-county-of-sonoma,56,yes,open,construction,https://www.bidthebay.com/construction-project-details/sonoma-county-transit-roof-hvac-repairs-county-of-sonoma/r/recpSGwuTpt9ZwZJ9,2026-09-05T08:56:02-07:00,135,no,,open_solicitation,no
recpUIRnGQvURmi1p,Parkway Boulevard Grade Separation Constructability & Construction Management,City of Dixon,Solano,Dixon,Closed,professional services,parkway-boulevard-grade-separation-constructability-construction-management-city-of-dixon,89,yes,results,professional services,https://www.bidthebay.com/professional-services-project-details/parkway-boulevard-grade-separation-constructability-construction-management-city-of-dixon/r/recpUIRnGQvURmi1p,2026-03-27T10:19:50-07:00,413,yes,,award_results,no
recpVoMDm9UVkVITa,Mission Bay Ferry Landing Modular Float,San Francisco Bay Area Water Emergency Transportation Authority,San Francisco,San Francisco,Closed,construction; professional services,mission-bay-ferry-landing-modular-float-san-francisco-bay-area-water-emergency-transportation-authority,103,yes,results,construction,https://www.bidthebay.com/construction-project-details/mission-bay-ferry-landing-modular-float-san-francisco-bay-area-water-emergency-transportation-authority/r/recpVoMDm9UVkVITa,2026-09-08T08:16:27-07:00,498,no,,multi_category_provisional_construction,yes
recpWvvBSM5485a2x,Pueblo Area Rehabilitation Project Phase 1,Napa Sanitation District,Napa,Napa,Closed,construction,pueblo-area-rehabilitation-project-phase-1-napa-sanitation-district,67,yes,results,construction,https://www.bidthebay.com/construction-project-details/pueblo-area-rehabilitation-project-phase-1-napa-sanitation-district/r/recpWvvBSM5485a2x,2026-02-18T08:10:16-08:00,713,yes,,award_results,no
recpXNSAtNKKA9OLJ,Renovation of City Facility at 800 West Second Street,City of Antioch,Contra Costa,Antioch,Closed,construction,renovation-of-city-facility-at-800-west-second-street-city-of-antioch,69,yes,results,construction,https://www.bidthebay.com/construction-project-details/renovation-of-city-facility-at-800-west-second-street-city-of-antioch/r/recpXNSAtNKKA9OLJ,2026-05-08T00:42:57-07:00,521,no,,recently_closed,no
recpXxprqEoeZbaUt,Everett Middle School Entry Portico Restoration,San Francisco Unified School District,San Francisco,San Francisco,Open,construction,everett-middle-school-entry-portico-restoration-san-francisco-unified-school-district,85,yes,open,construction,https://www.bidthebay.com/construction-project-details/everett-middle-school-entry-portico-restoration-san-francisco-unified-school-district/r/recpXxprqEoeZbaUt,2026-08-19T06:25:50-07:00,324,no,,open_solicitation,no
recpZ9Fhxti9HqedE,On-Call Concrete or Asphalt Repair and Replacement Project,Redwood City,San Mateo,Redwood ,Closed,construction,on-call-concrete-or-asphalt-repair-and-replacement-project-city-of-redwood-city,79,no,,,,2026-09-07T11:37:33-07:00,285,no,,closed_stale_no_results,no
recpbzkgQwHAX9mcZ,Washington HS Walk In Freezer & Mission San Jose HS Servery,Fremont Unified School District,Alameda,Fremont,Closed,construction,washington-hs-walk-in-freezer-mission-san-jose-hs-servery-fremont-unified-school-district,89,yes,results,construction,https://www.bidthebay.com/construction-project-details/washington-hs-walk-in-freezer-mission-san-jose-hs-servery-fremont-unified-school-district/r/recpbzkgQwHAX9mcZ,2026-07-08T09:49:19-07:00,0,yes,No description at all,award_results,no
recpcImaCbGa5pO0L,On-Call Street Light and Other Electrical Repair Services,City of Antioch,Contra Costa,Antioch,Closed,construction,on-call-street-light-and-other-electrical-repair-services-city-of-antioch,73,no,,,,2026-04-11T10:49:20-07:00,341,no,,closed_stale_no_results,no
recpcpZzZQTyZMQkV,Barracks Door Replacement on Coast Guard Island,U.S. Coast Guard,Alameda,Alameda,Closed,construction,barracks-door-replacement-on-coast-guard-island-us-coast-guard,62,yes,results,construction,https://www.bidthebay.com/construction-project-details/barracks-door-replacement-on-coast-guard-island-us-coast-guard/r/recpcpZzZQTyZMQkV,2026-09-07T10:26:14-07:00,180,no,,recently_closed,no
recpe5IGspbwqSlyz,2026 Street Preservation Project,City of Cotati,Sonoma,Cotati,Closed,construction,2026-street-preservation-project-city-of-cotati,47,yes,results,construction,https://www.bidthebay.com/construction-project-details/2026-street-preservation-project-city-of-cotati/r/recpe5IGspbwqSlyz,2026-03-25T21:02:42-07:00,346,yes,,award_results,no
recpfsaS1wQZgSmTp,2026 Road Sealant Project Phase 3,County of Marin,Marin,Various (West Marin),Closed,construction,2026-road-sealant-project-phase-3-county-of-marin,49,yes,results,construction,https://www.bidthebay.com/construction-project-details/2026-road-sealant-project-phase-3-county-of-marin/r/recpfsaS1wQZgSmTp,2026-08-11T08:40:32-07:00,330,yes,,award_results,no
recpkqipgtFHuNx1L,Pool & PE Facility Improvements - Foothill College,Foothill-De Anza Community College District,Santa Clara,Los Altos Hills,Closed,construction,pool-pe-facility-improvements-foothill-college-foothill-de-anza-community-college-district,90,yes,results,construction,https://www.bidthebay.com/construction-project-details/pool-pe-facility-improvements-foothill-college-foothill-de-anza-community-college-district/r/recpkqipgtFHuNx1L,2026-04-22T08:22:00-07:00,272,yes,,award_results,no
recpmRc0Cv1geHULG,New Park at Linden and Pine Avenue Construction, City of South San Francisco,San Francisco,South San Francisco,Closed,construction,new-park-at-linden-and-pine-avenue-construction-city-of-south-san-francisco,75,yes,results,construction,https://www.bidthebay.com/construction-project-details/new-park-at-linden-and-pine-avenue-construction-city-of-south-san-francisco/r/recpmRc0Cv1geHULG,2026-04-19T22:33:53-07:00,713,yes,,award_results,no
recpnCwJ73BkEuov9,Submetering Design Project for Foothill,Foothill-De Anza Community College District,Santa Clara,Los Altos Hills,Closed,professional services,submetering-design-project-for-foothill-foothill-de-anza-community-college-district,83,yes,results,professional services,https://www.bidthebay.com/professional-services-project-details/submetering-design-project-for-foothill-foothill-de-anza-community-college-district/r/recpnCwJ73BkEuov9,2026-09-09T00:01:59-07:00,146,no,,recently_closed,no
recpnEunRjbDxenMr,Special Inspections for 2970 16th Street,City and County of San Francisco,San Francisco,San Francisco,Closed,professional services,special-inspections-for-2970-16th-street-city-and-county-of-san-francisco,73,no,,,,2026-04-11T10:45:50-07:00,483,no,,closed_stale_no_results,no
recpoWIIDtqoDR5xh,HVAC Systems Maintenance and Inspection Services,County of Napa,Napa,Napa,Closed,professional services,hvac-systems-maintenance-and-inspection-services-county-of-napa,63,no,,,,2026-07-28T10:31:34-07:00,1137,no,,closed_stale_no_results,no
recpsTS4B7w5tQ7y5,MW-12 North Slope Stabilization,BART (Bay Area Rapid Transit),Contra Costa,Walnut Creek,Closed,construction,mw-12-north-slope-stabilization-bart-bay-area-rapid-transit,59,no,,,,2026-04-11T10:47:14-07:00,295,no,,closed_stale_no_results,no
recpteT8zrHQA17QC,Installation of Park Signage - Rebid,City of Antioch,Contra Costa,Antioch,Closed,construction,installation-of-park-signage-rebid-city-of-antioch,50,yes,results,construction,https://www.bidthebay.com/construction-project-details/installation-of-park-signage-rebid-city-of-antioch/r/recpteT8zrHQA17QC,2026-07-30T05:45:15-07:00,424,yes,,award_results,no
recptiqS3RiZhCI4F,Engineering Design Services for Coral Drive Sidewalk Improvements,City of Orinda,Contra Costa,Orinda,Closed,professional services,engineering-design-services-for-coral-drive-sidewalk-improvements-city-of-orinda,80,yes,results,professional services,https://www.bidthebay.com/professional-services-project-details/engineering-design-services-for-coral-drive-sidewalk-improvements-city-of-orinda/r/recptiqS3RiZhCI4F,2026-06-25T00:00:41-07:00,342,no,,recently_closed,no
recpw568sf7FhOsh0,Asphalt Removal and Repair Services,California Department of Veterans Affairs (CalVet),Napa,Yountville,Open,construction,asphalt-removal-and-repair-services-california-department-of-veterans-affairs,77,yes,open,construction,https://www.bidthebay.com/construction-project-details/asphalt-removal-and-repair-services-california-department-of-veterans-affairs/r/recpw568sf7FhOsh0,2026-09-07T15:50:31-07:00,1316,no,,open_solicitation,no
recpw9CjQ6gHXNUrN,Olive Avenue Widening & Utility Undergrounding Project,City of Novato,Marin,Novato,Closed,construction,olive-avenue-widening-utility-undergrounding-project-city-of-novato,67,yes,results,construction,https://www.bidthebay.com/construction-project-details/olive-avenue-widening-utility-undergrounding-project-city-of-novato/r/recpw9CjQ6gHXNUrN,2026-05-05T17:01:42-07:00,1035,no,,recently_closed,no
recpwgSl6kyAuLuEB,Street Resurfacing Project - 2026,City of Milpitas ,Santa Clara,Milpitas,Closed,construction,street-resurfacing-project-2026-city-of-milpitas,48,no,,,,2026-04-11T10:49:50-07:00,705,no,,closed_stale_no_results,no
recpwy13xCfLzAXOw,Ethel Avenue Road Stabilization,City of Mill Valley,Marin,Mill Valley,Closed,construction,ethel-avenue-road-stabilization-city-of-mill-valley,51,yes,results,construction,https://www.bidthebay.com/construction-project-details/ethel-avenue-road-stabilization-city-of-mill-valley/r/recpwy13xCfLzAXOw,2026-07-10T00:02:37-07:00,678,no,,recently_closed,no
recpx8UwMKdId8VE3,San Miguel Elementary School Exterior Improvement Project - Rebid,Sunnyvale School District,Santa Clara,Sunnyvale,Closed,construction,san-miguel-elementary-school-exterior-improvement-project-rebid-sunnyvale-school-district,89,yes,results,construction,https://www.bidthebay.com/construction-project-details/san-miguel-elementary-school-exterior-improvement-project-rebid-sunnyvale-school-district/r/recpx8UwMKdId8VE3,2026-05-12T17:01:11-07:00,176,no,,recently_closed,no
recpzHwO8lfwQYCPZ,As-Needed Traffic Management Services,Zone 7 Water Agency,Alameda,Livermore,Closed,professional services,as-needed-traffic-management-services-zone-7-water-agency,57,yes,results,professional services,https://www.bidthebay.com/professional-services-project-details/as-needed-traffic-management-services-zone-7-water-agency/r/recpzHwO8lfwQYCPZ,2026-04-12T12:07:19-07:00,86,yes,,award_results,no
recq2fpyKC6xFcG8S,Point Potrero Marine Terminal 2026 Terminal Maintenance,City of Richmond,Contra Costa,Richmond,Closed,construction,point-potrero-marine-terminal-2026-terminal-maintenance-city-of-richmond,72,yes,results,construction,https://www.bidthebay.com/construction-project-details/point-potrero-marine-terminal-2026-terminal-maintenance-city-of-richmond/r/recq2fpyKC6xFcG8S,2026-09-11T00:02:01-07:00,235,no,,recently_closed,no
recq3DztDQ7KJjxNO,"Skyline Elementary School: Alterations to 5-Buildings A, B, C, D & E: HVAC Replacement",South San Francisco Unified School District,San Mateo,Daly City,Closed,construction,skyline-elementary-school-alterations-to-5-buildings-a-b-c-d-e-hvac-replacement-south-san-francisco-unified-school-district,123,yes,results,construction,https://www.bidthebay.com/construction-project-details/skyline-elementary-school-alterations-to-5-buildings-a-b-c-d-e-hvac-replacement-south-san-francisco-unified-school-district/r/recq3DztDQ7KJjxNO,2026-04-11T10:49:20-07:00,286,no,,recently_closed,no
recq7MxEc4FVL4DsS,Palomares Elementary School Portables Project,Castro Valley Unified School District,Alameda,Castro Valley ,Closed,construction,palomares-elementary-school-portables-project-castro-valley-unified-school-district,83,no,,,,2026-04-28T06:55:14-07:00,89,no,,closed_stale_no_results,no
recq9BZ52df2OC6xV,On-Call CCTV Sanitary Sewer Inspection,County of San Mateo,San Mateo,Various,Closed,professional services,on-call-cctv-sanitary-sewer-inspection-county-of-san-mateo,58,yes,results,professional services,https://www.bidthebay.com/professional-services-project-details/on-call-cctv-sanitary-sewer-inspection-county-of-san-mateo/r/recq9BZ52df2OC6xV,2026-07-23T00:01:49-07:00,653,no,,recently_closed,no
recq9DWyZx7VLF0OM,Beresford Recreation Center Roof Improvements,City of San Mateo,San Mateo,San Mateo,Closed,construction,beresford-recreation-center-roof-improvements-city-of-san-mateo,63,yes,results,construction,https://www.bidthebay.com/construction-project-details/beresford-recreation-center-roof-improvements-city-of-san-mateo/r/recq9DWyZx7VLF0OM,2026-07-21T08:13:07-07:00,191,no,,recently_closed,no
recq9Xp26btKOYsLD,FY27/FY28 Untreated Water Facilities and Treated Water Facilities Improvements Projects,Contra Costa Water District,Contra Costa,Concord,Closed,professional services,fy27-fy28-untreated-water-facilities-and-treated-water-facilities-improvements-projects-contra-costa-water-district,115,no,,,,2026-03-30T10:18:07-07:00,0,no,No description at all,closed_stale_no_results,no
recq9hSnvA0CO7Biq,"Constructability Review & CM Services - Quarry Lakes Parkway, Phase 2",City of Union City,Alameda,Union City,Closed,professional services,constructability-review-cm-services-quarry-lakes-parkway-phase-2-city-of-union-city,83,no,,,,2026-07-08T19:45:31-07:00,400,no,,closed_stale_no_results,no
recqB3OaV4qwcoviC,"Davidson Middle School 8"" Polyethylene Fire Line Replacement ",San Rafael City Schools,Marin,San Rafael,Closed,construction,davidson-middle-school-8-polyethylene-fire-line-replacement-san-rafael-city-schools,83,no,,,,2026-04-23T20:58:42-07:00,398,no,,closed_stale_no_results,no
recqBe8vR7Q3WWOgz,Public Works Department EV Fleet Charging Station Project,Redwood City,San Mateo,Redwood City,Closed,construction,public-works-department-ev-fleet-charging-station-project-city-of-redwood-city,78,yes,results,construction,https://www.bidthebay.com/construction-project-details/public-works-department-ev-fleet-charging-station-project-city-of-redwood-city/r/recqBe8vR7Q3WWOgz,2026-09-07T11:37:33-07:00,109,yes,,award_results,no
recqBeo16KyPALh1S,"Homestead Valley, Mill Valley, and Tamalpais Valley Paving Project",County of Marin,Marin,"Mill Valley, Tamalpais Valley, Homestead Valley",Closed,construction,homestead-valley-mill-valley-and-tamalpais-valley-paving-project-homestead-valley-mill-valley-and-tamalpais-valley-paving-project,129,yes,results,construction,https://www.bidthebay.com/construction-project-details/homestead-valley-mill-valley-and-tamalpais-valley-paving-project-homestead-valley-mill-valley-and-tamalpais-valley-paving-project/r/recqBeo16KyPALh1S,2026-09-07T10:48:18-07:00,607,yes,,award_results,no
recqCHfKgKkU2K125,Dumbarton Rail Navigation Lights,San Mateo County Transit District,San Mateo,Redwood City,Closed,construction,dumbarton-rail-navigation-lights-san-mateo-county-transit-district,66,yes,results,construction,https://www.bidthebay.com/construction-project-details/dumbarton-rail-navigation-lights-san-mateo-county-transit-district/r/recqCHfKgKkU2K125,2026-07-31T12:16:58-07:00,224,yes,,award_results,no
recqD9SE19OUtavZ5,Hydronic System Modernization Phase 1 Project,Solano Community College District,Solano,Fairfield,Closed,construction,hydronic-system-modernization-phase-1-project-solano-community-college-district,79,yes,results,construction,https://www.bidthebay.com/construction-project-details/hydronic-system-modernization-phase-1-project-solano-community-college-district/r/recqD9SE19OUtavZ5,2026-03-30T11:09:26-07:00,0,yes,No description at all,award_results,no
recqEHQ07uzsyrDFH,Glorietta Elementary School Transitional Kinder/Kindergarten Play Yard,Orinda Union School District,Contra Costa,Orinda,Closed,construction,glorietta-elementary-school-transitional-kinder-kindergarten-play-yard-orinda-union-school-district,99,no,,,,2026-03-30T09:50:47-07:00,643,no,,closed_stale_no_results,no
recqFQNZsdohrTcGZ,"FY 2026/27 Curb, Gutter & Sidewalk Repair & Reconstruction Project",City of Oakley,Contra Costa,Oakley,Open,construction,fy-2026-27-curb-gutter-sidewalk-repair-reconstruction-project-city-of-oakley,76,yes,open,construction,https://www.bidthebay.com/construction-project-details/fy-2026-27-curb-gutter-sidewalk-repair-reconstruction-project-city-of-oakley/r/recqFQNZsdohrTcGZ,2026-09-05T09:01:00-07:00,463,no,,open_solicitation,no
recqFYmoa163FNXy9,Wastewater Repair - B650,U.S. Department of the Air Force,Solano,Fairfield,Closed,construction,wastewater-repair-b650-department-of-the-air-force,50,no,,,,2026-09-07T11:36:49-07:00,209,no,,closed_stale_no_results,no
recqIBuEASgHtHLOe,Denman Middle School Destructive Testing,San Francisco Unified School District,San Francisco,San Francisco,Closed,construction,denman-middle-school-destructive-testing-san-francisco-unified-school-district,78,yes,results,construction,https://www.bidthebay.com/construction-project-details/denman-middle-school-destructive-testing-san-francisco-unified-school-district/r/recqIBuEASgHtHLOe,2026-05-08T17:04:19-07:00,238,no,,recently_closed,no
recqNWi1wbfIx0xit,San Francisco Fire Department Division of Training Project - CM/GC: Trade Package,City and County of San Francisco,San Francisco,San Francisco,Open,construction,san-francisco-fire-department-division-of-training-project-cm-gc-trade-package-city-and-county-of-san-francisco,111,yes,open,construction,https://www.bidthebay.com/construction-project-details/san-francisco-fire-department-division-of-training-project-cm-gc-trade-package-city-and-county-of-san-francisco/r/recqNWi1wbfIx0xit,2026-03-23T01:44:52-07:00,714,no,,open_solicitation,no
recqU5TPlN9Imbwo9,Prewett Water Park Concrete Improvements,City of Antioch,Contra Costa,Antioch,Closed,construction,prewett-water-park-concrete-improvements-city-of-antioch,56,yes,results,construction,https://www.bidthebay.com/construction-project-details/prewett-water-park-concrete-improvements-city-of-antioch/r/recqU5TPlN9Imbwo9,2026-03-30T09:15:34-07:00,266,yes,,award_results,no
recqXOVrVMeffwBST,2025-2026 Pavement Maintenance Project,City of Fairfield,Solano,Fairfield,Closed,construction,2025-2026-pavement-maintenance-project-city-of-fairfield,56,yes,results,construction,https://www.bidthebay.com/construction-project-details/2025-2026-pavement-maintenance-project-city-of-fairfield/r/recqXOVrVMeffwBST,2026-07-06T09:30:00-07:00,204,yes,,award_results,no
recqZgkpIkUP33nC0,As-Needed Painting Services to Repaint City Street Furniture,City of Burlingame,San Mateo,Burlingame ,Closed,construction,as-needed-painting-services-to-repaint-city-street-furniture-city-of-burlingame,79,yes,results,construction,https://www.bidthebay.com/construction-project-details/as-needed-painting-services-to-repaint-city-street-furniture-city-of-burlingame/r/recqZgkpIkUP33nC0,2026-05-30T00:03:49-07:00,573,no,,recently_closed,no
recqa9eTSQ5p4L6MH,"1011 Turk Street Switchboard, UPS2, and HVAC Replacement",City and County of San Francisco,San Francisco,San Francisco,Open,construction,1011-turk-street-switchboard-ups2-and-hvac-replacement-city-and-county-of-san-francisco,87,yes,open,construction,https://www.bidthebay.com/construction-project-details/1011-turk-street-switchboard-ups2-and-hvac-replacement-city-and-county-of-san-francisco/r/recqa9eTSQ5p4L6MH,2026-09-03T09:55:05-07:00,968,no,,open_solicitation,no
recqbGjcKzJkTSntC,Ruth Asawa School of the Arts - Administration & Academic Building Reroofing,San Francisco Unified School District,San Francisco,San Francisco,Closed,construction,ruth-asawa-school-of-the-arts-administration-academic-building-reroofing-san-francisco-unified-school-district,110,yes,results,construction,https://www.bidthebay.com/construction-project-details/ruth-asawa-school-of-the-arts-administration-academic-building-reroofing-san-francisco-unified-school-district/r/recqbGjcKzJkTSntC,2026-03-27T06:49:17-07:00,748,yes,,award_results,no
recqfDGCxEWwCiedh,Measure U Solano Avenue Pavement Repair Project,County of Napa,Napa,Napa/Yountville,Closed,construction,measure-u-solano-avenue-pavement-repair-project-county-of-napa,62,yes,results,construction,https://www.bidthebay.com/construction-project-details/measure-u-solano-avenue-pavement-repair-project-county-of-napa/r/recqfDGCxEWwCiedh,2026-07-28T10:31:34-07:00,486,yes,,award_results,no
recqgAYzvfqbEcQas,FY26 Dredging and Sediment Disposal at USCG San Francisco Bay Area,U.S. Coast Guard,San Francisco; Marin; Solano,San Francisco; Sausalito; Vallejo,Closed,construction,fy26-dredging-and-sediment-disposal-at-uscg-san-francisco-bay-area-us-coast-guard,81,yes,results,construction,https://www.bidthebay.com/construction-project-details/fy26-dredging-and-sediment-disposal-at-uscg-san-francisco-bay-area-us-coast-guard/r/recqgAYzvfqbEcQas,2026-09-07T10:27:40-07:00,1162,no,,recently_closed,no
recqiFkUAbHHKGFJ2,2025/26 Annual Pavement Rehabilitation Project,City of Orinda,Contra Costa,Orinda ,Closed,professional services,2025-26-annual-pavement-rehabilitation-project-city-of-orinda,61,yes,results,professional services,https://www.bidthebay.com/professional-services-project-details/2025-26-annual-pavement-rehabilitation-project-city-of-orinda/r/recqiFkUAbHHKGFJ2,2026-06-01T06:20:48-07:00,1298,no,,recently_closed,no
recqiZeDZfSDq5a8J,John Daly Boulevard Pedestrian and Bicycle Facility Improvements Project,City of Daly City,San Mateo,Daly City,Closed,professional services,john-daly-boulevard-pedestrian-and-bicycle-facility-improvements-project-city-of-daly-city,90,no,,,,2026-03-30T09:33:06-07:00,269,no,,closed_stale_no_results,no
recqijkACwC0RqHil,2026 Bridgeway Restriping Project,City of Sausalito,Marin,Sausalito,Closed,construction,2026-bridgeway-restriping-project-city-of-sausalito,51,yes,results,construction,https://www.bidthebay.com/construction-project-details/2026-bridgeway-restriping-project-city-of-sausalito/r/recqijkACwC0RqHil,2026-07-24T00:02:04-07:00,459,no,,recently_closed,no
recqj1It2k1YZ1TKl,Bear Creek Redwoods North Parking Area Special Inspections,Midpeninsula Regional Open Space District,Santa Clara,Los Gatos,Closed,professional services,bear-creek-redwoods-north-parking-area-special-inspections-midpeninsula-regional-open-space-district-bid-opportunities,118,yes,results,professional services,https://www.bidthebay.com/professional-services-project-details/bear-creek-redwoods-north-parking-area-special-inspections-midpeninsula-regional-open-space-district-bid-opportunities/r/recqj1It2k1YZ1TKl,2026-09-07T15:46:12-07:00,176,no,,recently_closed,no
recqmVrblvIFbDJpn,Road Materials,County of Sonoma,Sonoma,Santa Rosa,Closed,supplier,road-materials-county-of-sonoma,31,no,,,,2026-04-26T09:51:02-07:00,1443,no,Unroutable party type,unsupported_party_type,yes
recqomvYKshoG7pq0,Maintenance Cannery LLD 13,City of Hayward,Alameda,Hayward,Closed,construction,maintenance-cannery-lld-13-city-of-hayward,42,yes,results,construction,https://www.bidthebay.com/construction-project-details/maintenance-cannery-lld-13-city-of-hayward/r/recqomvYKshoG7pq0,2026-09-05T20:45:51-07:00,1268,yes,,award_results,no
recqpUHVWCcz20bI9,Canceled: Regional Wastewater Facility HVAC Improvements Phase 1,City of San Jose,Santa Clara,San Jose,Closed,construction,canceled-regional-wastewater-facility-hvac-improvements-phase-1-city-of-san-jose,80,yes,results,construction,https://www.bidthebay.com/construction-project-details/canceled-regional-wastewater-facility-hvac-improvements-phase-1-city-of-san-jose/r/recqpUHVWCcz20bI9,2026-06-05T00:04:40-07:00,173,no,,recently_closed,no
recqqEm9nHUqPS70t,Stormwater Improvements and Underground Urban Tunneling Construction Management (CM) Staff Augmentation Services,San Francisco Public Utilities Commission,San Francisco,San Francisco,Closed,professional services,stormwater-improvements-and-underground-urban-tunneling-construction-management-cm-staff-augmentation-services-san-francisco-public-utilities-commission,152,yes,results,professional services,https://www.bidthebay.com/professional-services-project-details/stormwater-improvements-and-underground-urban-tunneling-construction-management-cm-staff-augmentation-services-san-francisco-public-utilities-commission/r/recqqEm9nHUqPS70t,2026-08-12T00:00:40-07:00,421,no,,recently_closed,no
recqukK0VqFT3wKGX,UCB EHCP – Increment 5 – WP-10: Earthwork & Grading,UC Berkeley,Alameda,Berkeley,Closed,construction,ucb-ehcp-increment-5-wp-10-earthwork-grading-uc-berkeley,56,yes,results,construction,https://www.bidthebay.com/construction-project-details/ucb-ehcp-increment-5-wp-10-earthwork-grading-uc-berkeley/r/recqukK0VqFT3wKGX,2026-08-12T00:00:51-07:00,152,no,,recently_closed,no
recquou4yRHYbDebq,"2026 On-Call Contracts for Various Road, Flood Control, and Airport",Contra Costa County,Contra Costa,Various Cities,Closed,construction,2026-on-call-contracts-for-various-road-flood-control-and-airport-contra-costa-county,85,yes,results,construction,https://www.bidthebay.com/construction-project-details/2026-on-call-contracts-for-various-road-flood-control-and-airport-contra-costa-county/r/recquou4yRHYbDebq,2026-09-10T08:59:13-07:00,538,yes,,award_results,no
recqyLRhFqKy2plId, Replace Pavement Delineation and Install Roadside Signs,California Department of Transportation (Caltrans),San Mateo,Various Cities,Closed,construction,replace-pavement-delineation-and-install-roadside-signs-cal-trans-district-4,76,yes,results,construction,https://www.bidthebay.com/construction-project-details/replace-pavement-delineation-and-install-roadside-signs-cal-trans-district-4/r/recqyLRhFqKy2plId,2026-09-07T15:50:31-07:00,232,yes,,award_results,no
recqyO8FsN9S9Y1xo,Magdalena Road Pathway Project,Town of Los Altos Hills,Santa Clara,Los Altos Hills,Closed,construction,magdalena-road-pathway-project-town-of-los-altos-hills,54,yes,results,construction,https://www.bidthebay.com/construction-project-details/magdalena-road-pathway-project-town-of-los-altos-hills/r/recqyO8FsN9S9Y1xo,2026-06-15T02:43:43-07:00,264,no,,recently_closed,no
recr2Beawuq1ssyQc,Library Building Systems Replacement Project,City of Rohnert Park,Sonoma,Rohnert Park,Closed,construction,library-building-systems-replacement-project-city-of-rohnert-park,65,no,,,,2026-04-29T17:01:10-07:00,1671,no,,closed_stale_no_results,no
recr7lauJ3zuPfVuN,Ground Grid Substations Surface Restoration and Vegetation Abatement,Alameda Municipal Power,Alameda,Alameda,Closed,construction,ground-grid-substations-surface-restoration-and-vegetation-abatement-alameda-municipal-power,92,yes,results,construction,https://www.bidthebay.com/construction-project-details/ground-grid-substations-surface-restoration-and-vegetation-abatement-alameda-municipal-power/r/recr7lauJ3zuPfVuN,2026-07-16T00:02:37-07:00,1196,no,,recently_closed,no
recrAWvqEEh1tKVYI,2026 Pavement Rehabilitation Project,City of Belvedere,Marin,Belvedere,Closed,construction,2026-pavement-rehabilitation-project-city-of-belvedere,54,yes,results,construction,https://www.bidthebay.com/construction-project-details/2026-pavement-rehabilitation-project-city-of-belvedere/r/recrAWvqEEh1tKVYI,2026-08-25T09:07:59-07:00,734,yes,,award_results,no
recrCeRfxy3NKOr9y,Sequoia Park Safe Routes to School Project,Town of San Anselmo,Marin,San Anselmo,Closed,construction,sequoia-park-safe-routes-to-school-project-town-of-san-anselmo,62,yes,results,construction,https://www.bidthebay.com/construction-project-details/sequoia-park-safe-routes-to-school-project-town-of-san-anselmo/r/recrCeRfxy3NKOr9y,2026-04-28T17:07:15-07:00,622,no,,recently_closed,no
recrEtgggI1lwMUEu,2026 Tubbs Island Levee Rehab Phase 1B,Vallejo Flood and Wastewater District,Solano,Vallejo,Closed,construction,2026-tubbs-island-levee-rehab-phase-1b-vallejo-flood-wastewater-district,72,yes,results,construction,https://www.bidthebay.com/construction-project-details/2026-tubbs-island-levee-rehab-phase-1b-vallejo-flood-wastewater-district/r/recrEtgggI1lwMUEu,2026-09-07T11:36:49-07:00,398,yes,,award_results,no
recrGX6eEQaCorrif,RSSP Emeryville Intersection Structural Repairs,UC Berkeley ,Alameda,Emeryville,Closed,construction,rssp-emeryville-intersection-structural-repairs-uc-berkeley,59,yes,results,construction,https://www.bidthebay.com/construction-project-details/rssp-emeryville-intersection-structural-repairs-uc-berkeley/r/recrGX6eEQaCorrif,2026-07-16T00:02:29-07:00,938,no,,recently_closed,no
recrGeqHLeaLuLEL7,Santa Rosa Veterans Building Painting Phase II,County of Sonoma,Sonoma,Santa Rosa,Closed,construction,santa-rosa-veterans-building-painting-phase-ii-county-of-sonoma,63,yes,results,construction,https://www.bidthebay.com/construction-project-details/santa-rosa-veterans-building-painting-phase-ii-county-of-sonoma/r/recrGeqHLeaLuLEL7,2026-08-19T00:04:06-07:00,113,no,,recently_closed,no
recrH2J4RzatwQFsn,ADLCC Multicultural Center Tier 1 Painting Project,City of Healdsburg,Sonoma,Healdsburg,Closed,construction,adlcc-multicultural-center-tier-1-painting-project-city-of-healdsburg,69,yes,results,construction,https://www.bidthebay.com/construction-project-details/adlcc-multicultural-center-tier-1-painting-project-city-of-healdsburg/r/recrH2J4RzatwQFsn,2026-06-15T02:40:12-07:00,502,yes,,award_results,no
recrIF5XHQ2Lca7nX,"Post-Closure Monitoring, Reporting and Regulatory Compliance Services at East Third Avenue Landfill",City of San Mateo,San Mateo,San Mateo,Closed,professional services,post-closure-monitoring-reporting-and-regulatory-compliance-services-at-east-third-avenue-landfill-city-of-san-mateo,116,yes,results,professional services,https://www.bidthebay.com/professional-services-project-details/post-closure-monitoring-reporting-and-regulatory-compliance-services-at-east-third-avenue-landfill-city-of-san-mateo/r/recrIF5XHQ2Lca7nX,2026-07-10T04:03:58-07:00,494,no,,recently_closed,no
recrJ87Zd6qTYgoK2,Goga Construct Stinson LG Tower & Cafe,National Park Service,Marin,Stinson Beach,Closed,construction,goga-construct-stinson-lg-tower-cafe-national-park-service,58,yes,results,construction,https://www.bidthebay.com/construction-project-details/goga-construct-stinson-lg-tower-cafe-national-park-service/r/recrJ87Zd6qTYgoK2,2026-07-08T10:45:29-07:00,817,no,,recently_closed,no
recrKFokmd7OJKpLt,Santa Clara Police Department Headquarters Feasibility Study,City of Santa Clara,Santa Clara,Santa Clara,Closed,professional services,santa-clara-police-department-headquarters-feasibility-study-city-of-santa-clara,80,yes,results,professional services,https://www.bidthebay.com/professional-services-project-details/santa-clara-police-department-headquarters-feasibility-study-city-of-santa-clara/r/recrKFokmd7OJKpLt,2026-08-11T04:54:38-07:00,584,no,,recently_closed,no
recrKgnNRRkJ67I2L,Montebello Vista Park Revitalization Project,City of Suisun City,Solano,Suisun,Closed,construction,montebello-vista-park-revitalization-project-city-of-suisun-city,64,no,,,,2026-04-11T10:48:29-07:00,396,no,,closed_stale_no_results,no
recrKiG4BV3ut7j3A,Deer Valley Road Traffic Safety Improvements Project,Contra Costa County,Contra Costa,Various Cities,Closed,construction,deer-valley-road-traffic-safety-improvements-project-contra-costa-county,72,yes,results,construction,https://www.bidthebay.com/construction-project-details/deer-valley-road-traffic-safety-improvements-project-contra-costa-county/r/recrKiG4BV3ut7j3A,2026-09-10T08:58:10-07:00,765,yes,,award_results,no
recrPRThKmf8h844U,Mount Diablo – Mitchell Canyon Education Center,California Department of Parks and Recreation,Contra Costa,Clayton,Open,construction,mount-diablo-mitchell-canyon-education-center-california-department-of-parks-recreation,87,yes,open,construction,https://www.bidthebay.com/construction-project-details/mount-diablo-mitchell-canyon-education-center-california-department-of-parks-recreation/r/recrPRThKmf8h844U,2026-09-09T22:02:21-07:00,184,no,,open_solicitation,no
recrPiSq7VjT2E90k,Automatic Doors and Accessible Doors,Sequoia Union High School District,San Mateo,Redwood City and Various San Mateo County Cities,Closed,construction,automatic-doors-and-accessible-doors-sequoia-union-high-school-district,71,yes,results,construction,https://www.bidthebay.com/construction-project-details/automatic-doors-and-accessible-doors-sequoia-union-high-school-district/r/recrPiSq7VjT2E90k,2026-07-08T21:40:46-07:00,723,no,,recently_closed,no
recrQPjhAWIZLhyzD,Synthetic Turf Installation - Rebid,California Department of Corrections and Rehabilitation,Marin,San Quentin,Closed,construction,synthetic-turf-installation-rebid-california-department-of-corrections-and-rehabilitation,89,yes,results,construction,https://www.bidthebay.com/construction-project-details/synthetic-turf-installation-rebid-california-department-of-corrections-and-rehabilitation/r/recrQPjhAWIZLhyzD,2026-07-15T00:02:45-07:00,545,no,,recently_closed,no
recrR5S7xchIHOQ1P,Various Locations Curb Ramps and Sub-Sidewalk Basements No. 3,San Francisco Public Works,San Francisco,San Francisco,Closed,construction,various-locations-curb-ramps-and-sub-sidewalk-basements-no-3-san-francisco-department-of-public-works,101,yes,results,construction,https://www.bidthebay.com/construction-project-details/various-locations-curb-ramps-and-sub-sidewalk-basements-no-3-san-francisco-department-of-public-works/r/recrR5S7xchIHOQ1P,2026-09-07T11:37:33-07:00,458,no,,recently_closed,no
recrTaObqhkc3MfMZ,Line A-1 Capacity Improvements,Alameda County Flood Control and Water Conservation District,Alameda,Oakland,Closed,construction,line-a-1-capacity-improvements-alameda-county-flood-control-and-water-conservation-district,91,yes,results,construction,https://www.bidthebay.com/construction-project-details/line-a-1-capacity-improvements-alameda-county-flood-control-and-water-conservation-district/r/recrTaObqhkc3MfMZ,2026-09-02T00:04:23-07:00,838,no,,recently_closed,no
recrVE4t8zGvcNxCT,WV STEM Classroom HVAC Upgrades,West Valley Mission Community College District,Santa Clara,Saratoga,Closed,construction,wv-stem-classroom-hvac-upgrades-west-valley-mission-community-college-district,78,yes,results,construction,https://www.bidthebay.com/construction-project-details/wv-stem-classroom-hvac-upgrades-west-valley-mission-community-college-district/r/recrVE4t8zGvcNxCT,2026-07-20T01:51:32-07:00,157,yes,,award_results,no
recrXHrJ3lamcOGjB,Hangar Bath and Locker Room Renovations at Air Station San Francisco,U.S. Coast Guard,San Francisco,San Francisco,Open,construction,hangar-bath-and-locker-room-renovations-at-air-station-san-francisco-us-coast-guard,83,yes,open,construction,https://www.bidthebay.com/construction-project-details/hangar-bath-and-locker-room-renovations-at-air-station-san-francisco-us-coast-guard/r/recrXHrJ3lamcOGjB,2026-09-07T10:25:14-07:00,499,no,,open_solicitation,no
recrYzSZ1ove3Xtu1,On-Call Public Works Inspection Services,City of East Palo Alto,San Mateo,East Palo Alto,Closed,professional services,on-call-public-works-inspection-services-city-of-east-palo-alto,63,yes,results,professional services,https://www.bidthebay.com/professional-services-project-details/on-call-public-works-inspection-services-city-of-east-palo-alto/r/recrYzSZ1ove3Xtu1,2026-09-09T00:02:10-07:00,944,no,,recently_closed,no
recraCt9X60Nnllc5,San Leandro Channel Pipeline Crossing,East Bay Municipal Utility District,Alameda,Alameda,Closed,construction,san-leandro-channel-pipeline-crossing-east-bay-municipal-utility-district,73,yes,results,construction,https://www.bidthebay.com/construction-project-details/san-leandro-channel-pipeline-crossing-east-bay-municipal-utility-district/r/recraCt9X60Nnllc5,2026-03-24T07:03:22-07:00,741,yes,,award_results,no
recraXbYWgYrmUHbx,Silverado MS Fencing,Napa Valley Unified School District,Napa,Napa ,Closed,construction,silverado-ms-fencing-napa-valley-unified-school-district,56,no,,,,2026-05-13T02:42:11-07:00,35,no,,closed_stale_no_results,no
recrbMHk60mBnMd4o,"Construction Management, Inspection, and Testing Services for the Second St and Fourth St Intersection Improvements Project",City of San Rafael,Marin,San Rafael,Closed,professional services,construction-management-inspection-and-testing-services-for-the-second-st-and-fourth-st-intersection-improvements-project-city-of-san-rafael,140,yes,results,professional services,https://www.bidthebay.com/professional-services-project-details/construction-management-inspection-and-testing-services-for-the-second-st-and-fourth-st-intersection-improvements-project-city-of-san-rafael/r/recrbMHk60mBnMd4o,2026-09-11T00:02:06-07:00,611,no,,recently_closed,no
recreCPBq6wH8UpzP,550 Wall Road Landslide Repairs,County of Napa,Napa,Napa ,Closed,construction,550-wall-road-landslide-repairs-county-of-napa,46,yes,results,construction,https://www.bidthebay.com/construction-project-details/550-wall-road-landslide-repairs-county-of-napa/r/recreCPBq6wH8UpzP,2026-07-28T10:31:34-07:00,383,yes,,award_results,no
recrn3UXo0KGUyr47,Automatic Gates Services,Sequoia Union High School District,San Mateo,Redwood City and Various San Mateo County Cities,Closed,construction,automatic-gates-services-sequoia-union-high-school-district,59,yes,results,construction,https://www.bidthebay.com/construction-project-details/automatic-gates-services-sequoia-union-high-school-district/r/recrn3UXo0KGUyr47,2026-07-08T21:41:09-07:00,818,no,,recently_closed,no
recrrYCXIlOQ4F38m,Repair and Weatherize Parking Structure 211 Elevator,California Department of Veterans Affairs (CalVet),San Francisco,San Francisco,Closed,construction,repair-and-weatherize-parking-structure-211-elevator-department-of-veterans-affairs,83,yes,results,construction,https://www.bidthebay.com/construction-project-details/repair-and-weatherize-parking-structure-211-elevator-department-of-veterans-affairs/r/recrrYCXIlOQ4F38m,2026-09-07T15:50:31-07:00,296,no,,recently_closed,no
recrsb5muSfQ8nGdF,Pinole Valley HS Hillside Stabilization Project ,West Contra Costa Unified School District,Contra Costa,Pinole,Closed,construction,pinole-valley-hs-hillside-stabilization-project-west-contra-costa-unified-school-district,89,yes,results,construction,https://www.bidthebay.com/construction-project-details/pinole-valley-hs-hillside-stabilization-project-west-contra-costa-unified-school-district/r/recrsb5muSfQ8nGdF,2026-04-17T07:04:28-07:00,204,yes,,award_results,no
recrucgld8iqVat8R,"LEAD-Cottage Grove ES, Parkside Montessori, Brewer Island ES – Flooring Replacement Final Phase  ",San Mateo-Foster City School District,San Mateo,"San Mateo, Foster City",Closed,construction,lead-cottage-grove-es-parkside-montessori-brewer-island-es-flooring-replacement-final-phase-san-mateo-foster-city-school-district,129,no,,,,2026-04-24T17:03:21-07:00,1041,no,,closed_stale_no_results,no
recrucmQGkuJkKwnf,Fencing Contractor Services,Sequoia Union High School District,San Mateo,Redwood City and Various San Mateo County Cities,Closed,construction,fencing-contractor-services-sequoia-union-high-school-district,62,yes,results,construction,https://www.bidthebay.com/construction-project-details/fencing-contractor-services-sequoia-union-high-school-district/r/recrucmQGkuJkKwnf,2026-07-08T21:43:28-07:00,257,no,,recently_closed,no
recruwjkaW5vOrZZf,Homestead Rd Slurry Seal 2026 B,City of Sunnyvale ,Santa Clara,Sunnyvale,Closed,construction,homestead-rd-slurry-seal-2026-b-city-of-sunnyvale,49,yes,results,construction,https://www.bidthebay.com/construction-project-details/homestead-rd-slurry-seal-2026-b-city-of-sunnyvale/r/recruwjkaW5vOrZZf,2026-08-06T00:04:24-07:00,736,no,,recently_closed,no
recrvZ5uoSP47ygi4,AVHS Pool Repair & Deck Replacement - Campus Renovations,Pleasanton Unified School District,Alameda,Pleasanton,Closed,construction,avhs-pool-repair-deck-replacement-campus-renovations-pleasanton-unified-school-district,87,yes,results,construction,https://www.bidthebay.com/construction-project-details/avhs-pool-repair-deck-replacement-campus-renovations-pleasanton-unified-school-district/r/recrvZ5uoSP47ygi4,2026-07-06T10:59:24-07:00,252,yes,,award_results,no
recrvcgI0Aj3RZJds,Foothill Gayley Path Phase 2,UC Berkeley,Alameda,Berkeley,Closed,construction,foothill-gayley-path-phase-2-uc-berkeley,40,yes,results,construction,https://www.bidthebay.com/construction-project-details/foothill-gayley-path-phase-2-uc-berkeley/r/recrvcgI0Aj3RZJds,2026-05-15T02:03:06-07:00,488,yes,,award_results,no
recrxMicvabNs9fz4,Pavement Management Program 2026 (Asphalt),City of Brentwood,Contra Costa,Brentwood ,Closed,construction,pavement-management-program-2026-asphalt-city-of-brentwood,58,no,,,,2026-04-11T10:48:27-07:00,442,no,,closed_stale_no_results,no
recrxmNQ3E1TJXuMe,Crocker Highlands Elementary School Site Improvements Project,Oakland Unified School District,Alameda,Oakland,Closed,construction,crocker-highlands-elementary-school-site-improvements-project-oakland-unified-school-district,93,yes,results,construction,https://www.bidthebay.com/construction-project-details/crocker-highlands-elementary-school-site-improvements-project-oakland-unified-school-district/r/recrxmNQ3E1TJXuMe,2026-05-11T17:04:00-07:00,804,no,,recently_closed,no
recry7crSYeGlPtmB,Oak Grove Fiber Project,City of Concord,Contra Costa,Concord,Closed,construction,oak-grove-fiber-project-city-of-concord,39,yes,results,construction,https://www.bidthebay.com/construction-project-details/oak-grove-fiber-project-city-of-concord/r/recry7crSYeGlPtmB,2026-05-29T06:30:40-07:00,490,no,,recently_closed,no
recs0fdVb5ZA9U3Hr,Environmental & Engineering Services for the West Reach Creek Public Access Project,City of Lafayette,Contra Costa,Lafayette,Open,professional services,environmental-engineering-services-for-the-west-reach-creek-public-access-project-city-of-lafayette,99,yes,open,professional services,https://www.bidthebay.com/professional-services-project-details/environmental-engineering-services-for-the-west-reach-creek-public-access-project-city-of-lafayette/r/recs0fdVb5ZA9U3Hr,2026-08-26T10:31:30-07:00,754,no,,open_solicitation,no
recs3HKfqwk8yodqL,Greenwood Cove Flood Study,County of Marin,Marin,Tiburon / Marin County,Closed,professional services,greenwood-cove-flood-study-county-of-marin,42,no,,,,2026-04-11T10:47:29-07:00,557,no,,closed_stale_no_results,no
recs3aAB74NpP0BIC,Annual Paving Project Phase 44,City of Alameda,Alameda,Alameda ,Closed,construction,annual-paving-project-phase-44-city-of-alameda,46,yes,results,construction,https://www.bidthebay.com/construction-project-details/annual-paving-project-phase-44-city-of-alameda/r/recs3aAB74NpP0BIC,2026-06-05T08:38:30-07:00,941,yes,,award_results,no
recs3sDHBSjxDRTRx,Stanley Hill Nitrogen Gas and Bulk Liquid Expansion,UC Berkeley,Alameda,Berkeley,Closed,professional services,stanley-hill-nitrogen-gas-and-bulk-liquid-expansion-uc-berkeley,63,yes,results,professional services,https://www.bidthebay.com/professional-services-project-details/stanley-hill-nitrogen-gas-and-bulk-liquid-expansion-uc-berkeley/r/recs3sDHBSjxDRTRx,2026-08-11T02:20:36-07:00,514,no,,recently_closed,no
recs4DiA4JHpofNcr,Homestead High School Buildings C and L Replacement Project,Fremont Union High School District,Santa Clara,Cupertino,Closed,construction; professional services,homestead-high-school-buildings-c-and-l-replacement-project-fremont-union-high-school-district,94,yes,results,construction,https://www.bidthebay.com/construction-project-details/homestead-high-school-buildings-c-and-l-replacement-project-fremont-union-high-school-district/r/recs4DiA4JHpofNcr,2026-06-02T00:03:43-07:00,543,no,,multi_category_provisional_construction,yes
recs5heyJ2KUMS5T7,Old Bayshore Highway Streetscape Project,City of Burlingame,San Mateo,Burlingame,Closed,construction,old-bayshore-highway-streetscape-project-city-of-burlingame,59,no,,,,2026-03-30T10:18:17-07:00,363,no,,closed_stale_no_results,no
recs67mu21BQaQLgo,Project Delivery Partners for the Terminal Upper-Level Viaduct Resurfacing Project,San Francisco International Airport,San Francisco,San Francisco,Closed,professional services,project-delivery-partners-for-the-terminal-upper-level-viaduct-resurfacing-project-san-francisco-international-airport-sfo,122,yes,results,professional services,https://www.bidthebay.com/professional-services-project-details/project-delivery-partners-for-the-terminal-upper-level-viaduct-resurfacing-project-san-francisco-international-airport-sfo/r/recs67mu21BQaQLgo,2026-09-07T10:40:34-07:00,946,no,,recently_closed,no
recs6TCjMWiRLiitl,Downtown High School - Water Outlets Remediation,San Francisco Unified School District,San Francisco,San Francisco,Closed,construction,downtown-high-school-water-outlets-remediation-san-francisco-unified-school-district,84,yes,results,construction,https://www.bidthebay.com/construction-project-details/downtown-high-school-water-outlets-remediation-san-francisco-unified-school-district/r/recs6TCjMWiRLiitl,2026-04-15T10:33:47-07:00,585,yes,,award_results,no
recs7s0K7iFfHTetN,Parking & Path of Travel Improvements - Rebid,County of Marin,Marin,San Rafael,Open,construction,parking-path-of-travel-improvements-rebid-county-of-marin,57,yes,open,construction,https://www.bidthebay.com/construction-project-details/parking-path-of-travel-improvements-rebid-county-of-marin/r/recs7s0K7iFfHTetN,2026-09-11T05:59:32-07:00,334,no,,open_solicitation,no
recs8h4AH1V0euLJ6,County Service Area No.7 Water System Distribution Pipeline Improvements Project,County of San Mateo,San Mateo,San Mateo County,Closed,construction,county-service-area-no-7-water-system-distribution-pipeline-improvements-project-county-of-san-mateo,100,no,,,,2026-03-30T11:12:27-07:00,0,no,No description at all,closed_stale_no_results,no
recsDML2Lso6gf4j7,San Ramon Valley Boulevard & Hill Meadow Place Storm Drain Rehabilitation Project,City of Danville,Contra Costa,Danville,Closed,construction,san-ramon-valley-boulevard-hill-meadow-place-storm-drain-rehabilitation-project-city-of-danville,96,yes,results,construction,https://www.bidthebay.com/construction-project-details/san-ramon-valley-boulevard-hill-meadow-place-storm-drain-rehabilitation-project-city-of-danville/r/recsDML2Lso6gf4j7,2026-08-19T00:08:40-07:00,1374,yes,,award_results,no
recsGb0oPmUEwDXzt,Deer Valley CM and Inspection Services,East Bay Regional Park District,Contra Costa,Antioch,Closed,professional services,deer-valley-cm-and-inspection-services-east-bay-regional-park-district,70,no,,,,2026-04-11T10:49:20-07:00,784,no,,closed_stale_no_results,no
recsGlobV1QPn7Gvc,2026 Local Streets Remove and Replace Pavement,City of San Jose,Santa Clara,San Jose,Closed,construction,2026-local-streets-remove-and-replace-pavement-city-of-san-jose,63,no,,,,2026-03-24T09:05:15-07:00,603,no,,closed_stale_no_results,no
recsIGog4Y0BfGj5P,Mission Bay ECDC - BP 1.3: Fire Suppression,University of California San Francisco,San Francisco,San Francisco,Open,construction,mission-bay-ecdc-bp-1-3-fire-suppression-university-of-california-san-francisco,79,yes,open,construction,https://www.bidthebay.com/construction-project-details/mission-bay-ecdc-bp-1-3-fire-suppression-university-of-california-san-francisco/r/recsIGog4Y0BfGj5P,2026-09-08T08:17:27-07:00,451,no,,open_solicitation,no
recsJIqovxaURWVUD,Sassafras Court Storm Drain Improvements,City of Pleasanton,Alameda,Pleasanton,Closed,construction,sassafras-court-storm-drain-improvements-city-of-pleasanton,59,yes,results,construction,https://www.bidthebay.com/construction-project-details/sassafras-court-storm-drain-improvements-city-of-pleasanton/r/recsJIqovxaURWVUD,2026-05-07T17:01:22-07:00,114,no,,recently_closed,no
recsKrcVm78chTeEG,SFUSD Administration Building - Elevator Replacement Project,San Francisco Unified School District,San Francisco,San Francisco,Closed,construction,sfusd-administration-building-elevator-replacement-project-san-francisco-unified-school-district,96,yes,results,construction,https://www.bidthebay.com/construction-project-details/sfusd-administration-building-elevator-replacement-project-san-francisco-unified-school-district/r/recsKrcVm78chTeEG,2026-08-13T05:40:41-07:00,335,yes,,award_results,no
recsLXmd972KOAHBc,John Adams Center Roof Replacement,City College of San Francisco,San Francisco,San Francisco,Closed,construction,john-adams-center-roof-replacement-city-college-of-san-francisco,64,no,,,,2026-04-15T05:23:22-07:00,191,no,,closed_stale_no_results,no
recsNujzq51rtPABm,Crossroads Plaza  ,City of Orinda,Contra Costa,Orinda ,Closed,construction,crossroads-plaza-city-of-orinda,31,yes,results,construction,https://www.bidthebay.com/construction-project-details/crossroads-plaza-city-of-orinda/r/recsNujzq51rtPABm,2026-03-30T09:44:45-07:00,418,yes,,award_results,no
recsOPccC9cZMRSm4,Sanitary Sewer Repairs FY 2025-2026 Package V,City of San Jose,Santa Clara,San Jose,Closed,construction,sanitary-sewer-repairs-fy-2025-2026-package-v-city-of-san-jose,62,yes,results,construction,https://www.bidthebay.com/construction-project-details/sanitary-sewer-repairs-fy-2025-2026-package-v-city-of-san-jose/r/recsOPccC9cZMRSm4,2026-07-15T06:27:48-07:00,492,yes,,award_results,no
recsQlsq3TXmQqD4Z,Antioch Middle School – Cooling Tower Replacement Project,Antioch Unified School District,Contra Costa,Antioch,Closed,construction,antioch-middle-school-cooling-tower-replacement-project-antioch-unified-school-district,87,yes,results,construction,https://www.bidthebay.com/construction-project-details/antioch-middle-school-cooling-tower-replacement-project-antioch-unified-school-district/r/recsQlsq3TXmQqD4Z,2026-05-29T07:00:11-07:00,143,yes,,award_results,no
recsRFoPFKQWuvljW,Grove Street Neighborhood Plan Implementation (Complete Streets) Project,City of Healdsburg,Sonoma,Healdsburg,Closed,construction,grove-street-neighborhood-plan-implementation-complete-streets-project-city-of-healdsburg,89,yes,results,construction,https://www.bidthebay.com/construction-project-details/grove-street-neighborhood-plan-implementation-complete-streets-project-city-of-healdsburg/r/recsRFoPFKQWuvljW,2026-07-19T19:44:05-07:00,315,yes,,award_results,no
recsYAoWBgZJdGuvl,Lawrence Expressway Grade Separation,Santa Clara Valley Transportation Authority,Santa Clara,"Santa Clara, Sunnyvale",Closed,professional services,lawrence-expressway-grade-separation-santa-clara-valley-transportation-authority,80,no,,,,2026-04-11T10:49:24-07:00,1462,no,,closed_stale_no_results,no
recsZhMhPVlQcXXND,Bidwell Park & Community Center Renovation,Hayward Area Recreation and Park District,Alameda,Hayward,Open,construction,bidwell-park-community-center-renovation-hayward-area-recreation-and-park-district,82,yes,open,construction,https://www.bidthebay.com/construction-project-details/bidwell-park-community-center-renovation-hayward-area-recreation-and-park-district/r/recsZhMhPVlQcXXND,2026-08-06T10:44:39-07:00,469,no,,open_solicitation,no
recsaoLjGAt5cpzOT,Pre-Qualification: US 101 Express Lanes Phase 5,Santa Clara Valley Transportation Authority,Santa Clara,Sunnyvale; San Jose,Open,construction,pre-qualification-us-101-express-lanes-phase-5-santa-clara-valley-transportation-authority,90,yes,open,construction,https://www.bidthebay.com/construction-project-details/pre-qualification-us-101-express-lanes-phase-5-santa-clara-valley-transportation-authority/r/recsaoLjGAt5cpzOT,2026-08-04T06:55:32-07:00,319,no,,open_solicitation,no
recscIt1umOaDGUqS,On-Call Construction Management and Inspection,Vallejo Flood & Wastewater District,Solano,Vallejo,Open,professional services,on-call-construction-management-and-inspection-vallejo,54,yes,open,professional services,https://www.bidthebay.com/professional-services-project-details/on-call-construction-management-and-inspection-vallejo/r/recscIt1umOaDGUqS,2026-09-09T23:51:57-07:00,88,no,,open_solicitation,no
recsdogn7qQCVnpZQ,Oceanside Water Pollution Control Plant Solids Thickening Process Upgrade,San Francisco Public Utilities Commission,San Francisco,San Francisco,Closed,construction,oceanside-water-pollution-control-plant-solids-thickening-process-upgrade-san-francisco-public-utilities-commission,115,yes,results,construction,https://www.bidthebay.com/construction-project-details/oceanside-water-pollution-control-plant-solids-thickening-process-upgrade-san-francisco-public-utilities-commission/r/recsdogn7qQCVnpZQ,2026-08-21T00:04:55-07:00,532,no,,recently_closed,no
recsgj4pyE07C0ves,Parkside Avenue Bridge Replacement Project,Town of Hillsborough,San Mateo,Hillsborough,Closed,construction,parkside-avenue-bridge-replacement-project-town-of-hillsborough,63,yes,results,construction,https://www.bidthebay.com/construction-project-details/parkside-avenue-bridge-replacement-project-town-of-hillsborough/r/recsgj4pyE07C0ves,2026-05-29T05:36:41-07:00,514,yes,,award_results,no
recshrsgqL3lRNnke,MB4E PH1 and PH2 Bid Package II,City and County of San Francisco,San Francisco, San Francisco,Closed,construction,mb4e-ph1-and-ph2-bid-package-ii-city-and-county-of-san-francisco,64,no,,,,2026-04-11T10:47:10-07:00,527,no,,closed_stale_no_results,no
recsmjZNRXgVlG1uD,Citywide Sidewalk Shaving 2026-27,City of Oakland,Alameda,Oakland,Closed,construction,citywide-sidewalk-shaving-2026-27-city-of-oakland,49,no,,,,2026-03-31T11:47:59-07:00,450,no,,closed_stale_no_results,no
recsnVbTdQicv668s,MB RH Heat Recovery Chiller Project,University of California San Francisco,San Francisco,San Francisco,Closed,construction,mb-rh-heat-recovery-chiller-project-university-of-california-san-francisco,74,yes,results,construction,https://www.bidthebay.com/construction-project-details/mb-rh-heat-recovery-chiller-project-university-of-california-san-francisco/r/recsnVbTdQicv668s,2026-05-21T17:10:02-07:00,988,no,,recently_closed,no
recsoJecPfowLkQwg,2026 Pavement Preservation Program – Seals & Overlays,County of Sonoma,Sonoma,Santa Rosa,Closed,construction,2026-pavement-preservation-program-seals-overlays-county-of-sonoma,66,yes,results,construction,https://www.bidthebay.com/construction-project-details/2026-pavement-preservation-program-seals-overlays-county-of-sonoma/r/recsoJecPfowLkQwg,2026-04-22T05:40:48-07:00,619,no,,recently_closed,no
recsrzNPE6ag4O4CH,Engineering Support to Flood Maintenance Activities,Zone 7 Water Agency,Alameda,Livermore,Closed,professional services,engineering-support-to-flood-maintenance-activities-zone-7-water-agency,71,yes,results,professional services,https://www.bidthebay.com/professional-services-project-details/engineering-support-to-flood-maintenance-activities-zone-7-water-agency/r/recsrzNPE6ag4O4CH,2026-06-26T08:12:16-07:00,181,yes,,award_results,no
recstD2hkjteUu467,Tennis Court Resurfacing - Rebid,City of Palo Alto,Santa Clara,Palo Alto,Closed,construction,tennis-court-resurfacing-rebid-city-of-palo-alto,48,yes,results,construction,https://www.bidthebay.com/construction-project-details/tennis-court-resurfacing-rebid-city-of-palo-alto/r/recstD2hkjteUu467,2026-07-30T00:01:52-07:00,115,no,,recently_closed,no
recswDx1sFZvclPyb,Zone 5 Water Pump Station Project ,City of American Canyon,Napa,American Canyon,Closed,construction,zone-5-water-pump-station-project-city-of-american-canyon,57,yes,results,construction,https://www.bidthebay.com/construction-project-details/zone-5-water-pump-station-project-city-of-american-canyon/r/recswDx1sFZvclPyb,2026-06-12T08:08:09-07:00,665,yes,,award_results,no
recsyUjbQCtb0udLO,PWA Flood Office Carpet Replacement,County of Alameda,Alameda,Hayward,Open,construction,pwa-flood-office-carpet-replacement-hayward,43,yes,open,construction,https://www.bidthebay.com/construction-project-details/pwa-flood-office-carpet-replacement-hayward/r/recsyUjbQCtb0udLO,2026-09-11T07:34:19-07:00,501,no,,open_solicitation,no
rect2IiscJdnPQ0hp,Power Station Block 8 Bid Package 1,City and County of San Francisco,San Francisco,San Francisco,Closed,construction,power-station-block-8-bid-package-1-city-and-county-of-san-francisco,68,yes,results,construction,https://www.bidthebay.com/construction-project-details/power-station-block-8-bid-package-1-city-and-county-of-san-francisco/r/rect2IiscJdnPQ0hp,2026-06-02T00:03:44-07:00,382,no,,recently_closed,no
rect4selGp9DtgVAe,Napa Library Building Maintenance Project,County of Napa,Napa,Napa,Closed,construction,napa-library-building-maintenance-project-county-of-napa,56,yes,results,construction,https://www.bidthebay.com/construction-project-details/napa-library-building-maintenance-project-county-of-napa/r/rect4selGp9DtgVAe,2026-08-21T10:43:30-07:00,248,yes,,award_results,no
rect5TlHf7iq7HIWQ,Mohr Fry Roof Replacement Project at Chabot College,Chabot Las Positas Community College District,Alameda,Dublin,Closed,construction,mohr-fry-roof-replacement-project-at-chabot-college-chabot-las-positas-community-college-district,97,yes,results,construction,https://www.bidthebay.com/construction-project-details/mohr-fry-roof-replacement-project-at-chabot-college-chabot-las-positas-community-college-district/r/rect5TlHf7iq7HIWQ,2026-03-24T08:51:07-07:00,0,yes,No description at all,award_results,no
rect6Gd6ZWmwjZioy,ADA Curb Ramp Improvements FY 25/26,City of Alameda,Alameda,Alameda,Closed,construction,ada-curb-ramp-improvements-fy-25-26-city-of-alameda,51,yes,results,construction,https://www.bidthebay.com/construction-project-details/ada-curb-ramp-improvements-fy-25-26-city-of-alameda/r/rect6Gd6ZWmwjZioy,2026-03-28T08:39:16-07:00,1221,yes,,award_results,no
rect6LXbnXexl1fLv,Technology Middle School Locker Room Roof Rehabilitation,Cotati-Rohnert Park Unified School District,Sonoma,Rohnert Park,Closed,construction,technology-middle-school-locker-room-roof-rehabilitation-cotati-rohnert-park-unified-school-district,100,yes,results,construction,https://www.bidthebay.com/construction-project-details/technology-middle-school-locker-room-roof-rehabilitation-cotati-rohnert-park-unified-school-district/r/rect6LXbnXexl1fLv,2026-04-03T12:39:33-07:00,61,yes,,award_results,no
rect76Pg3EkLxchIW,Solar Light Pole Foundation and Installation Project,West County Wastewater District,Contra Costa,Richmond,Closed,construction,solar-light-pole-foundation-and-installation-project-west-county-wastewater-district,84,yes,results,construction,https://www.bidthebay.com/construction-project-details/solar-light-pole-foundation-and-installation-project-west-county-wastewater-district/r/rect76Pg3EkLxchIW,2026-07-20T01:23:22-07:00,741,no,,recently_closed,no
rect7cazH38QypUjN,PW Mission SoMa Improvement Pavement Renovation,San Francisco Public Works,San Francisco,San Francisco,Closed,construction,pw-mission-soma-improvement-pavement-renovation-san-francisco-department-of-public-works,88,yes,results,construction,https://www.bidthebay.com/construction-project-details/pw-mission-soma-improvement-pavement-renovation-san-francisco-department-of-public-works/r/rect7cazH38QypUjN,2026-09-07T11:37:33-07:00,85,no,,recently_closed,no
rectAV9tHdVuzoGqJ,Annual Street Maintenance Project,City of Mountain View,Santa Clara,Mountain View,Open,construction,annual-street-maintenance-project-city-of-mountain-view,55,yes,open,construction,https://www.bidthebay.com/construction-project-details/annual-street-maintenance-project-city-of-mountain-view/r/rectAV9tHdVuzoGqJ,2026-09-03T10:12:11-07:00,437,no,,open_solicitation,no
rectDA2mYmgrmq4gJ,Casa Peralta Restoration Estimate,City of San Leandro,Alameda,San Leandro,Closed,professional services,casa-peralta-restoration-estimate-city-of-san-leandro,53,no,,,,2026-03-30T09:21:51-07:00,545,no,,closed_stale_no_results,no
rectDv8wZvzMnQlxp,On-Call Concrete or Asphalt Repair and Replacement Project,Redwood City,San Mateo,Redwood City,Closed,construction,on-call-concrete-or-asphalt-repair-and-replacement-project-city-of-redwood-city,79,yes,results,construction,https://www.bidthebay.com/construction-project-details/on-call-concrete-or-asphalt-repair-and-replacement-project-city-of-redwood-city/r/rectDv8wZvzMnQlxp,2026-09-07T11:37:33-07:00,215,yes,,award_results,no
rectECGX7Zfkf1kck,Job Order Contract: License A: General Engineering,East Bay Regional Park District,Contra Costa; Alameda,Various Cities – East Bay,Closed,construction,job-order-contract-license-a-general-engineering-east-bay-regional-park-district,80,yes,results,construction,https://www.bidthebay.com/construction-project-details/job-order-contract-license-a-general-engineering-east-bay-regional-park-district/r/rectECGX7Zfkf1kck,2026-06-26T08:34:14-07:00,470,no,,recently_closed,no
rectHRtzp9vU84rwZ,880 McAllister (Freedom West) Remaining Trades,City and County of San Francisco,San Francisco,San Francisco,Open,construction,880-mcallister-freedom-west-remaining-trades-city-and-county-of-san-francisco,77,yes,open,construction,https://www.bidthebay.com/construction-project-details/880-mcallister-freedom-west-remaining-trades-city-and-county-of-san-francisco/r/rectHRtzp9vU84rwZ,2026-09-02T08:46:14-07:00,1052,no,,open_solicitation,no
rectI6q4XpJZZPQz1,Commerce Boulevard and US 101 North Off/On Ramp Intersection Improvement Project,City of Rohnert Park,Sonoma,Rohnert Park,Closed,professional services,commerce-boulevard-and-us-101-north-off-on-ramp-intersection-improvement-project-city-of-rohnert-park,101,yes,results,professional services,https://www.bidthebay.com/professional-services-project-details/commerce-boulevard-and-us-101-north-off-on-ramp-intersection-improvement-project-city-of-rohnert-park/r/rectI6q4XpJZZPQz1,2026-06-16T00:05:26-07:00,845,no,,recently_closed,no
rectJ0DxBprci62S4,2026 Street Resurfacing Project 01-26,City of Pleasant Hill,Contra Costa,Pleasant Hill,Closed,construction,2026-street-resurfacing-project-01-26-city-of-pleasant-hill,59,yes,results,construction,https://www.bidthebay.com/construction-project-details/2026-street-resurfacing-project-01-26-city-of-pleasant-hill/r/rectJ0DxBprci62S4,2026-07-24T10:09:24-07:00,715,yes,,award_results,no
rectLOS14eo4aaCYA,Ag. Building Rehab Project,County of Napa,Napa,Napa,Closed,construction,ag-building-rehab-project-county-of-napa,40,yes,results,construction,https://www.bidthebay.com/construction-project-details/ag-building-rehab-project-county-of-napa/r/rectLOS14eo4aaCYA,2026-07-28T10:31:34-07:00,431,yes,,award_results,no
rectMJDDQWPgp1Ky1,District Wide Fiber Optic Cable Replacement Project,Mountain View Whisman School District,Santa Clara,Mountain View,Closed,construction,district-wide-fiber-optic-cable-replacement-project-mountain-view-whisman-school-district,89,yes,results,construction,https://www.bidthebay.com/construction-project-details/district-wide-fiber-optic-cable-replacement-project-mountain-view-whisman-school-district/r/rectMJDDQWPgp1Ky1,2026-09-07T10:31:25-07:00,223,yes,,award_results,no
rectOZdt0jZ6ezzgM,Roof Replacement Services – Contra Costa County,California Department of Transportation (Caltrans),Contra Costa,Walnut Creek,Closed,construction,roof-replacement-services-contra-costa-county-california-department-of-transportation,85,yes,results,construction,https://www.bidthebay.com/construction-project-details/roof-replacement-services-contra-costa-county-california-department-of-transportation/r/rectOZdt0jZ6ezzgM,2026-09-07T15:50:31-07:00,313,no,,recently_closed,no
rectTodiUH2NDptQR,"On-Call Airport Services: Architectural/Engineering & Environmental/Planning, CM, Inspection",County of Napa,Napa,Napa,Closed,professional services,on-call-airport-services-architectural-engineering-environmental-planning-cm-inspection-county-of-napa,102,no,,,,2026-07-28T10:31:34-07:00,913,no,,closed_stale_no_results,no
rectWsIayVFjDoGLy,Chinese Immersion School at De Avila - Mitigation of Water Intrusion Project ,San Francisco Unified School District,San Francisco,San Francisco ,Closed,construction,chinese-immersion-school-at-de-avila-mitigation-of-water-intrusion-project-san-francisco-unified-school-district,112,yes,results,construction,https://www.bidthebay.com/construction-project-details/chinese-immersion-school-at-de-avila-mitigation-of-water-intrusion-project-san-francisco-unified-school-district/r/rectWsIayVFjDoGLy,2026-04-09T10:12:12-07:00,607,yes,,award_results,no
rectXmhTIh6bqC5F4,Chestnut Ave and Commercial Ave Intersection Improvements,City of South San Francisco,San Mateo,South San Francisco,Closed,construction,chestnut-ave-and-commercial-ave-intersection-improvements-city-of-south-san-francisco,85,yes,results,construction,https://www.bidthebay.com/construction-project-details/chestnut-ave-and-commercial-ave-intersection-improvements-city-of-south-san-francisco/r/rectXmhTIh6bqC5F4,2026-06-18T07:40:18-07:00,1540,yes,,award_results,no
rectaMZnIkPqUmQTr,Correct Martinez and Mare Island Generator Fuel Lines ,California Department of Veterans Affairs (CalVet),Contra Costa; Solano,Martinez / Mare Island (Vallejo),Closed,construction,correct-martinez-and-mare-island-generator-fuel-lines-department-of-veterans-affairs,84,yes,results,construction,https://www.bidthebay.com/construction-project-details/correct-martinez-and-mare-island-generator-fuel-lines-department-of-veterans-affairs/r/rectaMZnIkPqUmQTr,2026-09-07T15:50:31-07:00,394,no,,recently_closed,no
rectbwWQFXlV3UGnT,Geotechnical and Geohazard Consulting Services at Various School Sites,Oakland Unified School District,Alameda,Oakland,Closed,professional services,geotechnical-and-geohazard-consulting-services-at-various-school-sites-oakland-unified-school-district,102,yes,results,professional services,https://www.bidthebay.com/professional-services-project-details/geotechnical-and-geohazard-consulting-services-at-various-school-sites-oakland-unified-school-district/r/rectbwWQFXlV3UGnT,2026-04-30T17:08:22-07:00,481,no,,recently_closed,no
recteZuseckEQCin2, Corridor Planning and Streetscape Study Services,City of Novato,Marin,Novato,Closed,professional services,corridor-planning-and-streetscape-study-services-city-of-novato,63,yes,results,professional services,https://www.bidthebay.com/professional-services-project-details/corridor-planning-and-streetscape-study-services-city-of-novato/r/recteZuseckEQCin2,2026-07-10T13:55:06-07:00,740,no,,recently_closed,no
rectefxNLxnwvr5vm,"As-Needed Door Repair, Maintenance, Inspection and Replacement Services",County of Santa Clara,Santa Clara,Various,Open,construction,as-needed-door-repair-maintenance-inspection-and-replacement-services-county-of-santa-clara,91,yes,open,construction,https://www.bidthebay.com/construction-project-details/as-needed-door-repair-maintenance-inspection-and-replacement-services-county-of-santa-clara/r/rectefxNLxnwvr5vm,2026-09-02T09:25:19-07:00,493,no,,open_solicitation,no
rectft0ftm43LFtaT,Replacement of Pollution Boom at Base Alameda,U.S. Coast Guard,Alameda,Alameda,Closed,construction,replacement-of-pollution-boom-at-base-alameda-us-coast-guard,60,yes,results,construction,https://www.bidthebay.com/construction-project-details/replacement-of-pollution-boom-at-base-alameda-us-coast-guard/r/rectft0ftm43LFtaT,2026-09-07T10:27:47-07:00,700,no,,recently_closed,no
rectjKNKX3CT7KawF,Oakmont Pavement Maintenance,City of Santa Rosa,Sonoma,Santa Rosa,Closed,construction,oakmont-pavement-maintenance-city-of-santa-rosa,47,yes,results,construction,https://www.bidthebay.com/construction-project-details/oakmont-pavement-maintenance-city-of-santa-rosa/r/rectjKNKX3CT7KawF,2026-06-27T20:54:57-07:00,1221,no,,recently_closed,no
rectkofPjw1cWI1PI,TCSD - Tamalpais Sewer Improvement Project – Phase F,Tamalpais Community Services District,Marin,Mill Valley,Closed,construction,tcsd-tamalpais-sewer-improvement-project-phase-f-tamalpais-community-services-district,86,no,,,,2026-04-11T10:48:52-07:00,715,no,,closed_stale_no_results,no
rectlwJiwbOGW0i9y,Cargo Building 626.1 - Fencing,San Francisco International Airport,San Mateo,San Francisco ,Closed,construction,cargo-building-626-1-fencing-san-francisco-international-airport-sfo,68,no,,,,2026-09-07T10:43:39-07:00,1314,no,,closed_stale_no_results,no
rectnxx9FqoaVfdMd,Marin County Office of Education Flooring and Painting Project,Marin County Office of Education,Marin,San Rafael,Closed,construction,marin-county-office-of-education-flooring-and-painting-project-marin-county-office-of-education,95,yes,results,construction,https://www.bidthebay.com/construction-project-details/marin-county-office-of-education-flooring-and-painting-project-marin-county-office-of-education/r/rectnxx9FqoaVfdMd,2026-05-29T00:02:34-07:00,218,no,,recently_closed,no
rectq1Dbhip1nyRvd,Flood Control Zone 1 Marsh Creek Storm Damage Repair Project,Contra Costa County,Contra Costa,Brentwood,Closed,construction,flood-control-zone-1-marsh-creek-storm-damage-repair-project-contra-costa-county,80,yes,results,construction,https://www.bidthebay.com/construction-project-details/flood-control-zone-1-marsh-creek-storm-damage-repair-project-contra-costa-county/r/rectq1Dbhip1nyRvd,2026-09-10T08:57:37-07:00,412,yes,,award_results,no
recttnViZX40ytOw7,Diablo Vista Elementary School Kinder Playground,Antioch Unified School District,Contra Costa,Antioch,Closed,construction,diablo-vista-elementary-school-kinder-playground-antioch-unified-school-district,80,yes,results,construction,https://www.bidthebay.com/construction-project-details/diablo-vista-elementary-school-kinder-playground-antioch-unified-school-district/r/recttnViZX40ytOw7,2026-09-09T21:55:13-07:00,168,yes,,award_results,no
rectuDLbvswFfOu94,Replace Front Gate at USCG Station Bodega Bay,U.S. Coast Guard,Sonoma,Bodega Bay,Open,construction,replace-front-gate-at-uscg-station-bodega-bay-us-coast-guard,60,yes,open,construction,https://www.bidthebay.com/construction-project-details/replace-front-gate-at-uscg-station-bodega-bay-us-coast-guard/r/rectuDLbvswFfOu94,2026-09-07T10:25:23-07:00,417,no,,open_solicitation,no
rectvIfvirbUQy6JH,Broadway Streetscape Construction Management Support Service,City of Oakland,Alameda,Oakland,Closed,professional services,broadway-streetscape-construction-management-support-service-city-of-oakland,76,yes,results,professional services,https://www.bidthebay.com/professional-services-project-details/broadway-streetscape-construction-management-support-service-city-of-oakland/r/rectvIfvirbUQy6JH,2026-08-28T00:03:22-07:00,1215,no,,recently_closed,no
rectw1i90mYJfokeP,Reservoir 20B Construction Management Services,Dublin San Ramon Services District,Alameda,Dublin,Closed,professional services,reservoir-20b-construction-management-services-dublin-san-ramon-services-district,81,yes,results,professional services,https://www.bidthebay.com/professional-services-project-details/reservoir-20b-construction-management-services-dublin-san-ramon-services-district/r/rectw1i90mYJfokeP,2026-07-10T03:49:42-07:00,1012,no,,recently_closed,no
rectyR9ot0OlxrSpC,SCUSD Increment 1 Modernization Group 2 Briarwood Elementary School: 33.02 – Site Utilities (A or C34 or C36),Santa Clara Unified School District,Santa Clara,Santa Clara,Closed,construction,scusd-increment-1-modernization-group-2-briarwood-elementary-school-33-02-site-utilities-a-or-c34-or-c36-santa-clara-unified-school-district,140,yes,results,construction,https://www.bidthebay.com/construction-project-details/scusd-increment-1-modernization-group-2-briarwood-elementary-school-33-02-site-utilities-a-or-c34-or-c36-santa-clara-unified-school-district/r/rectyR9ot0OlxrSpC,2026-04-01T10:27:27-07:00,400,yes,,award_results,no
rectyRfw0xOjdTERd,"Half Moon Bay Airport Taxiway A, B, & D Rehabilitation Project",County of San Mateo,San Mateo,Half Moon Bay,Closed,construction,half-moon-bay-airport-taxiway-a-b-d-rehabilitation-project-county-of-san-mateo,78,yes,results,construction,https://www.bidthebay.com/construction-project-details/half-moon-bay-airport-taxiway-a-b-d-rehabilitation-project-county-of-san-mateo/r/rectyRfw0xOjdTERd,2026-04-29T17:01:20-07:00,0,no,No description at all,recently_closed,no
rectyjDCtRu8w7OX1,Trip Hazard Removal of Raised Sidewalk,City of Hayward,Alameda,Hayward,Closed,construction,trip-hazard-removal-of-raised-sidewalk-city-of-hayward,54,yes,results,construction,https://www.bidthebay.com/construction-project-details/trip-hazard-removal-of-raised-sidewalk-city-of-hayward/r/rectyjDCtRu8w7OX1,2026-06-18T07:41:13-07:00,169,yes,,award_results,no
recu5tPtzswQnchwU,Bus Shelter Replacement Project: Package D3,San Mateo County Transit District,San Mateo,Daly City,Closed,construction,bus-shelter-replacement-project-package-d3-san-mateo-county-transit-district,76,yes,results,construction,https://www.bidthebay.com/construction-project-details/bus-shelter-replacement-project-package-d3-san-mateo-county-transit-district/r/recu5tPtzswQnchwU,2026-06-06T00:04:09-07:00,397,no,,recently_closed,no
recu95l66UbqichZn,"On-Call Engineering, Construction Management, and Inspection Services",Las Gallinas Valley Sanitary District ,Marin,San Rafael,Closed,professional services,on-call-engineering-construction-management-and-inspection-services-las-gallinas-valley-sanitary-district,105,yes,results,professional services,https://www.bidthebay.com/professional-services-project-details/on-call-engineering-construction-management-and-inspection-services-las-gallinas-valley-sanitary-district/r/recu95l66UbqichZn,2026-08-14T00:01:50-07:00,706,no,,recently_closed,no
recuCNY7x1KHOaRQM,New Library and Community Center at Albert Park Project,City of San Rafael,Marin,San Rafael,Closed,construction; professional services,new-library-and-community-center-at-albert-park-project-city-of-san-rafael,74,yes,results,construction,https://www.bidthebay.com/construction-project-details/new-library-and-community-center-at-albert-park-project-city-of-san-rafael/r/recuCNY7x1KHOaRQM,2026-08-11T08:38:33-07:00,888,no,,multi_category_provisional_construction,yes
recuEBsegMKIY3cgh,West Field Garage 675 - Masonry,San Francisco International Airport,San Mateo,San Francisco,Closed,construction,west-field-garage-675-masonry-san-francisco-international-airport-sfo,69,yes,results,construction,https://www.bidthebay.com/construction-project-details/west-field-garage-675-masonry-san-francisco-international-airport-sfo/r/recuEBsegMKIY3cgh,2026-09-07T10:43:39-07:00,692,no,,recently_closed,no
recuGyrrgVtfO6rmG,Install Traffic Striping and Centerline Rumble Strip in Sonoma County,California Department of Transportation (Caltrans),Sonoma,Sonoma County,Closed,construction,install-traffic-striping-and-centerline-rumble-strip-in-sonoma-county-california-department-of-transportation,109,no,,,,2026-09-07T15:50:31-07:00,53,no,,closed_stale_no_results,no
recuIXUvOwGzwTXl3,Longfellow Elementary School - Water Outlets Remediation,San Francisco Unified School District,San Francisco,San Franciscos,Closed,construction,longfellow-elementary-school-water-outlets-remediation-san-francisco-unified-school-district,92,yes,results,construction,https://www.bidthebay.com/construction-project-details/longfellow-elementary-school-water-outlets-remediation-san-francisco-unified-school-district/r/recuIXUvOwGzwTXl3,2026-04-11T10:49:50-07:00,870,no,,recently_closed,no
recuJcPgqsNFIWMJP,Storm Pump Station Short Term Repairs - Phase 1 Project,Town of Corte Madera,Marin,Corte Madera,Closed,construction,storm-pump-station-short-term-repairs-phase-1-project-town-of-corte-madera,74,yes,results,construction,https://www.bidthebay.com/construction-project-details/storm-pump-station-short-term-repairs-phase-1-project-town-of-corte-madera/r/recuJcPgqsNFIWMJP,2026-04-28T22:45:05-07:00,695,yes,,award_results,no
recuMRnMBfK0PV5ZJ,Water and Wastewater SCADA Controls System Integration and Support,City of Gilroy,Santa Clara,Gilroy,Closed,professional services,water-and-wastewater-scada-controls-system-integration-and-support-city-of-gilroy,81,yes,results,professional services,https://www.bidthebay.com/professional-services-project-details/water-and-wastewater-scada-controls-system-integration-and-support-city-of-gilroy/r/recuMRnMBfK0PV5ZJ,2026-07-06T04:30:25-07:00,203,yes,,award_results,no
recuPWYDs0irpAWX4,On-Call Mechanical Maintenance and Repair Services,City of Sunnyvale,Santa Clara,Sunnyvale,Closed,construction,on-call-mechanical-maintenance-and-repair-services-city-of-sunnyvale,68,no,,,,2026-04-23T21:47:11-07:00,298,no,,closed_stale_no_results,no
recuQCBsjvB5gnRXJ,Freestone Flat Road Bridge Replacement,County of Sonoma,Sonoma,County of Sonoma,Closed,construction,freestone-flat-road-bridge-replacement-county-of-sonoma,55,no,,,,2026-04-11T10:46:59-07:00,92,no,,closed_stale_no_results,no
recuQhzcQK5A4yafs,Old Redwood Highway Pavement Preservation Project 2026,Town of Windsor,Sonoma,Sonoma County area,Closed,construction,old-redwood-highway-pavement-preservation-project-2026-town-of-windsor,70,yes,results,construction,https://www.bidthebay.com/construction-project-details/old-redwood-highway-pavement-preservation-project-2026-town-of-windsor/r/recuQhzcQK5A4yafs,2026-04-23T03:45:53-07:00,0,yes,No description at all,award_results,no
recuSJwiJfo5FCINy,"UCSF Helen Diller Hospital at Parnassus Heights – Exterior 
Signage ",University of California San Francisco,San Francisco,San Francisco,Closed,construction,ucsf-helen-diller-hospital-at-parnassus-heights-exterior-signage-university-of-california-san-francisco,103,yes,results,construction,https://www.bidthebay.com/construction-project-details/ucsf-helen-diller-hospital-at-parnassus-heights-exterior-signage-university-of-california-san-francisco/r/recuSJwiJfo5FCINy,2026-07-15T03:55:16-07:00,219,yes,,award_results,no
recuSV7B4hJwNeiRa,Alma Helitack Base Jet A Fuel Line Repair,California Department of Forestry and Fire Protection (CAL FIRE),Santa Clara,Los Gatos,Closed,construction,alma-helitack-base-jet-a-fuel-line-repair-california-department-of-forestry-and-fire-protection,95,yes,results,construction,https://www.bidthebay.com/construction-project-details/alma-helitack-base-jet-a-fuel-line-repair-california-department-of-forestry-and-fire-protection/r/recuSV7B4hJwNeiRa,2026-09-07T11:37:47-07:00,704,no,,recently_closed,no
recuSqtIsdwEldtGs,Maintenance of Public LID Storm Water Landscape Features,Town of Windsor,Sonoma,Windsor,Closed,construction,maintenance-of-public-lid-storm-water-landscape-features-town-of-windsor,72,no,,,,2026-03-30T09:18:59-07:00,81,no,,closed_stale_no_results,no
recuUSb1HahOOm7Jx,Structural Assessment of Existing Buildings at Thurgood Marshall Visitor Center,East Bay Regional Park District,Contra Costa,Concord,Closed,professional services,structural-assessment-of-existing-buildings-at-thurgood-marshall-visitor-center-east-bay-regional-park-district,111,yes,results,professional services,https://www.bidthebay.com/professional-services-project-details/structural-assessment-of-existing-buildings-at-thurgood-marshall-visitor-center-east-bay-regional-park-district/r/recuUSb1HahOOm7Jx,2026-09-04T00:02:00-07:00,524,no,,recently_closed,no
recud94A6ymWdZC9m,Geneva Office Exterior - MLBE,City and County of San Francisco,San Francisco,San Francisco,Open,construction,geneva-office-exterior-mlbe-city-and-county-of-san-francisco,60,yes,open,construction,https://www.bidthebay.com/construction-project-details/geneva-office-exterior-mlbe-city-and-county-of-san-francisco/r/recud94A6ymWdZC9m,2026-03-23T02:00:50-07:00,85,no,,open_solicitation,no
recudQ7pwIPn2txMV,Development of a Comprehensive Active Transportation Plan,City of Livermore ,Alameda,Livermore,Closed,professional services,development-of-a-comprehensive-active-transportation-plan-city-of-livermore,75,yes,results,professional services,https://www.bidthebay.com/professional-services-project-details/development-of-a-comprehensive-active-transportation-plan-city-of-livermore/r/recudQ7pwIPn2txMV,2026-07-16T00:02:35-07:00,825,no,,recently_closed,no
recufQVhl3ygNJfkK,Fire Station No. 91 ADA Parking Lot and Path of Travel Improvements  ,City of Daly City,San Mateo,Daly City,Closed,construction,fire-station-no-91-ada-parking-lot-and-path-of-travel-improvements-city-of-daly-city,84,yes,results,construction,https://www.bidthebay.com/construction-project-details/fire-station-no-91-ada-parking-lot-and-path-of-travel-improvements-city-of-daly-city/r/recufQVhl3ygNJfkK,2026-05-05T21:52:02-07:00,398,yes,,award_results,no
recuiNgaaS6OfxDWi,UC Social Sciences Institute Project,UC Berkeley,Alameda,Berkeley,Closed,professional services,uc-social-sciences-institute-project-uc-berkeley,48,yes,results,professional services,https://www.bidthebay.com/professional-services-project-details/uc-social-sciences-institute-project-uc-berkeley/r/recuiNgaaS6OfxDWi,2026-09-04T00:02:07-07:00,875,no,,recently_closed,no
recujdV99jHwN5vvG,"Golden Gate Suspension Bridge Seismic Retrofit, Contract 1 North and South Towers and North and South Side Spans Construction Scheduling and Claim Review Services","Golden Gate Bridge, Highway and Transportation District",Marin,San Francisco,Closed,professional services,golden-gate-suspension-bridge-seismic-retrofit-contract-1-north-and-south-towers-and-north-and-south-side-spans-construction-scheduling-and-claim-review-services-golden-gate-bridge-highway-and-transportation-district,216,no,,,,2026-04-11T10:48:03-07:00,327,no,,closed_stale_no_results,no
recujxZOfBa3fsM88,On-Call District Engineer-Equivalent Services for Infrastructure and Planning,West County Wastewater District,Contra Costa,San Pablo / Richmond / Pinole,Closed,professional services,on-call-district-engineer-equivalent-services-for-infrastructure-and-planning-west-county-wastewater-district,109,yes,results,professional services,https://www.bidthebay.com/professional-services-project-details/on-call-district-engineer-equivalent-services-for-infrastructure-and-planning-west-county-wastewater-district/r/recujxZOfBa3fsM88,2026-09-04T00:01:56-07:00,1154,no,,recently_closed,no
recunPaWSd2TZQosp,Wildcat Creek Restoration at Brook Road Project,East Bay Regional Park District,Contra Costa,Orinda,Closed,construction,wildcat-creek-restoration-at-brook-road-project-east-bay-regional-park-district,79,yes,results,construction,https://www.bidthebay.com/construction-project-details/wildcat-creek-restoration-at-brook-road-project-east-bay-regional-park-district/r/recunPaWSd2TZQosp,2026-03-27T01:50:49-07:00,423,yes,,award_results,no
recuoiD5eP1FjmHL3,HVAC Preventative Maintenance and Repairs,Santa Clara Valley Open Space Authority,Santa Clara,San Jose,Closed,construction,hvac-preventative-maintenance-and-repairs-santa-clara-valley-open-space-authority,81,no,,,,2026-04-11T10:49:20-07:00,467,no,,closed_stale_no_results,no
recuotjIhPcJg0NEO,2026 Pavement Preservation Project on Various County,County of Santa Clara,Santa Clara,Various Cities,Closed,construction,2026-pavement-preservation-project-on-various-county-county-of-santa-clara,74,yes,results,construction,https://www.bidthebay.com/construction-project-details/2026-pavement-preservation-project-on-various-county-county-of-santa-clara/r/recuotjIhPcJg0NEO,2026-06-26T08:32:40-07:00,189,yes,,award_results,no
recuu8bhOsbjCcI8I,Vista Grande Drainage Basin Improvements Project,City of Daly City,San Mateo,Daly City,Closed,construction,vista-grande-drainage-basin-improvements-project-city-of-daly-city,66,yes,results,construction,https://www.bidthebay.com/construction-project-details/vista-grande-drainage-basin-improvements-project-city-of-daly-city/r/recuu8bhOsbjCcI8I,2026-04-06T05:38:25-07:00,434,yes,,award_results,no
recuvsM9pukBL9X6h,Certified Playground Safety Inspector Services,San Francisco Unified School District,San Francisco,San Francisco,Closed,professional services,certified-playground-safety-inspector-services-san-francisco-unified-school-district,84,yes,results,professional services,https://www.bidthebay.com/professional-services-project-details/certified-playground-safety-inspector-services-san-francisco-unified-school-district/r/recuvsM9pukBL9X6h,2026-05-12T05:45:27-07:00,338,no,,recently_closed,no
recuvyhnIPurKUvfd,Fence and Gates Replacement in Alameda County,California Department of Transportation (Caltrans),Alameda,San Leandro,Closed,construction,fence-and-gates-replacement-in-alameda-county-california-department-of-transportation,85,yes,results,construction,https://www.bidthebay.com/construction-project-details/fence-and-gates-replacement-in-alameda-county-california-department-of-transportation/r/recuvyhnIPurKUvfd,2026-09-07T15:50:31-07:00,601,yes,,award_results,no
recuxAzovRmVG9Ea0,John Muir Elementary School Restroom Alterations,San Francisco Unified School District,San Francisco,San Francisco ,Closed,construction,john-muir-elementary-school-restroom-alterations-san-francisco-unified-school-district,86,no,,,,2026-03-31T23:50:16-07:00,663,no,,closed_stale_no_results,no
recuxX23BMpl0aIMj,North Dutton Ave Restriping,City of Santa Rosa,Sonoma,Santa Rosa,Closed,construction,north-dutton-ave-restriping-city-of-santa-rosa,46,yes,results,construction,https://www.bidthebay.com/construction-project-details/north-dutton-ave-restriping-city-of-santa-rosa/r/recuxX23BMpl0aIMj,2026-03-30T10:16:18-07:00,530,yes,,award_results,no
recuyEVOhWmy8ycF4,MB GH HVAC Optimization,University of California San Francisco,San Francisco,San Francisco,Closed,construction,mb-gh-hvac-optimization-university-of-california-san-francisco,62,no,,,,2026-05-22T17:56:24-07:00,1275,no,,closed_stale_no_results,no
recv0tNK5jMJbgMxL,On-Call Guardrail Repair Project 2026,Solano County,Solano,Various Cities,Closed,construction,on-call-guardrail-repair-project-2026-solano-county,51,yes,results,construction,https://www.bidthebay.com/construction-project-details/on-call-guardrail-repair-project-2026-solano-county/r/recv0tNK5jMJbgMxL,2026-06-26T08:31:24-07:00,331,yes,,award_results,no
recv1LzRrDRF6NEwV,On-Call Water Distribution Repair and Emergency Repair Services,Alameda County Water District,Alameda,Fremont,Closed,construction,on-call-water-distribution-repair-and-emergency-repair-services-alameda-county-water-district,93,yes,results,construction,https://www.bidthebay.com/construction-project-details/on-call-water-distribution-repair-and-emergency-repair-services-alameda-county-water-district/r/recv1LzRrDRF6NEwV,2026-05-14T08:39:35-07:00,182,no,,recently_closed,no
recv2QZYqO2T58rAR,Construction Management Services for Pavement Management,County of Marin,Marin,Various,Closed,professional services,construction-management-services-for-pavement-management-county-of-marin-department-of-public-works,99,yes,results,professional services,https://www.bidthebay.com/professional-services-project-details/construction-management-services-for-pavement-management-county-of-marin-department-of-public-works/r/recv2QZYqO2T58rAR,2026-09-07T11:37:33-07:00,479,no,,recently_closed,no
recv4esS2bkNwngcE,Citywide Slurry Seal Project,City of Sonoma,Sonoma,Sonoma ,Closed,construction,citywide-slurry-seal-project-city-of-sonoma,43,yes,results,construction,https://www.bidthebay.com/construction-project-details/citywide-slurry-seal-project-city-of-sonoma/r/recv4esS2bkNwngcE,2026-07-06T04:26:36-07:00,363,yes,,award_results,no
recv5dsQAW5PrhDfW,Ralphine Tank No. 1 Recoating,Sonoma Water (Sonoma County Water Agency),Sonoma,Sonoma ,Closed,construction,ralphine-tank-no-1-recoating-sonoma-water-sonoma-county-water-agency,68,yes,results,construction,https://www.bidthebay.com/construction-project-details/ralphine-tank-no-1-recoating-sonoma-water-sonoma-county-water-agency/r/recv5dsQAW5PrhDfW,2026-05-27T05:00:24-07:00,0,yes,No description at all,award_results,no
recvAQBs1lqe1rhoM,Ingleside District Police Station Replacement - CM/GC: Trade Package,City and County of San Francisco,San Francisco,San Francisco,Open,construction,ingleside-district-police-station-replacement-cm-gc-trade-package-city-and-county-of-san-francisco,98,yes,open,construction,https://www.bidthebay.com/construction-project-details/ingleside-district-police-station-replacement-cm-gc-trade-package-city-and-county-of-san-francisco/r/recvAQBs1lqe1rhoM,2026-03-23T02:00:52-07:00,160,no,,open_solicitation,no
recvAuu78ToXQUftk,"Aquatic and Water Feature Equipment Maintenance, Repair, and Supply Services",City of San Ramon,Contra Costa,San Ramon,Closed,construction,aquatic-and-water-feature-equipment-maintenance-repair-and-supply-services-city-of-san-ramon,92,yes,results,construction,https://www.bidthebay.com/construction-project-details/aquatic-and-water-feature-equipment-maintenance-repair-and-supply-services-city-of-san-ramon/r/recvAuu78ToXQUftk,2026-05-19T17:09:20-07:00,644,no,,recently_closed,no
recvECxDT4TxMnG7l,Alameda Zone 7 PL 84-99 Repairs (Phase 2 and 3),U.S. Department of the Army,Alameda,Pleasanton,Closed,construction,alameda-zone-7-pl-84-99-repairs-phase-2-and-3-department-of-the-army,68,yes,results,construction,https://www.bidthebay.com/construction-project-details/alameda-zone-7-pl-84-99-repairs-phase-2-and-3-department-of-the-army/r/recvECxDT4TxMnG7l,2026-09-07T11:36:49-07:00,488,no,,recently_closed,no
recvEM68GsZQrpYqp,Streetlight Conduit Replacement,City of Alameda,Alameda,Alameda,Closed,construction,streetlight-conduit-replacement-city-of-alameda,47,no,,,,2026-04-11T10:47:09-07:00,318,no,,closed_stale_no_results,no
recvIw31XKTMtzi45,"Imhoff Place Security Fencing, Phase 1",Central Contra Costa Sanitary District,Contra Costa,Martinez,Closed,construction,imhoff-place-security-fencing-phase-1-central-contra-costa-sanitary-district,76,yes,results,construction,https://www.bidthebay.com/construction-project-details/imhoff-place-security-fencing-phase-1-central-contra-costa-sanitary-district/r/recvIw31XKTMtzi45,2026-08-19T09:32:29-07:00,276,yes,,award_results,no
recvJUpydxmbu5KHj,"Trash Capture Devices, MVPs, MGS, Erosion Control, and Mod Lighting",California Department of Transportation (Caltrans),Alameda; Contra Costa,Various ,Open,construction,trash-capture-devices-mvps-mgs-erosion-control-and-mod-lighting-cal-trans-district-4,84,yes,open,construction,https://www.bidthebay.com/construction-project-details/trash-capture-devices-mvps-mgs-erosion-control-and-mod-lighting-cal-trans-district-4/r/recvJUpydxmbu5KHj,2026-09-09T22:21:55-07:00,275,no,,open_solicitation,no
recvKLbVvbv6bvpK5,Electric Utility Substructure and Aerial Fiber Optic Cable,City of Santa Clara,Santa Clara,Santa Clara,Closed,construction,electric-utility-substructure-and-aerial-fiber-optic-cable-city-of-santa-clara,78,yes,results,construction,https://www.bidthebay.com/construction-project-details/electric-utility-substructure-and-aerial-fiber-optic-cable-city-of-santa-clara/r/recvKLbVvbv6bvpK5,2026-07-17T00:02:30-07:00,279,no,,recently_closed,no
recvL1AmX57SLBc45,FY 2025/26 Street Repair & Resurfacing Project,City of Oakley,Contra Costa,Oakley,Closed,construction,fy-2025-26-street-repair-resurfacing-project-city-of-oakley,59,yes,results,construction,https://www.bidthebay.com/construction-project-details/fy-2025-26-street-repair-resurfacing-project-city-of-oakley/r/recvL1AmX57SLBc45,2026-07-10T07:26:30-07:00,702,yes,,award_results,no
recvLc4ItOkynwKnU,Main Lift Station Forcemain-B Air Release Valves Replacement Project,City of Milpitas,Santa Clara,Milpitas,Closed,construction,main-lift-station-forcemain-b-air-release-valves-replacement-project-city-of-milpitas,85,yes,results,construction,https://www.bidthebay.com/construction-project-details/main-lift-station-forcemain-b-air-release-valves-replacement-project-city-of-milpitas/r/recvLc4ItOkynwKnU,2026-04-23T17:11:57-07:00,403,no,,recently_closed,no
recvLfv2qgKMBA6Or,As-Needed Roof Repair and Services,San Francisco International Airport,San Mateo,San Francisco,Closed,construction,as-needed-roof-repair-and-services-san-francisco-international-airport-sfo,74,yes,results,construction,https://www.bidthebay.com/construction-project-details/as-needed-roof-repair-and-services-san-francisco-international-airport-sfo/r/recvLfv2qgKMBA6Or,2026-09-07T10:43:39-07:00,198,no,,recently_closed,no
recvMBRGB9mmnJzHD,Morgan Hill Library Roof Replacement,Port of Oakland,Santa Clara,Morgan Hill,Closed,construction,morgan-hill-library-roof-replacement-port-of-oakland,52,yes,results,construction,https://www.bidthebay.com/construction-project-details/morgan-hill-library-roof-replacement-port-of-oakland/r/recvMBRGB9mmnJzHD,2026-07-23T09:56:19-07:00,237,yes,,award_results,no
recvMf23ylxk9ODEt,2026 Monterey Street Mill and Fill Project,City of Brisbane,San Mateo,Brisbane,Closed,construction,2026-monterey-street-mill-and-fill-project-city-of-brisbane,59,yes,results,construction,https://www.bidthebay.com/construction-project-details/2026-monterey-street-mill-and-fill-project-city-of-brisbane/r/recvMf23ylxk9ODEt,2026-07-23T00:01:49-07:00,180,no,,recently_closed,no
recvSVYN8sx7vjNeE,DERWA Isolation Valve Replacements,Dublin San Ramon Services District ,Alameda,Dublin,Closed,construction,derwa-isolation-valve-replacements-dublin-san-ramon-services-district,69,yes,results,construction,https://www.bidthebay.com/construction-project-details/derwa-isolation-valve-replacements-dublin-san-ramon-services-district/r/recvSVYN8sx7vjNeE,2026-04-11T10:49:50-07:00,715,no,,recently_closed,no
recvT4sme7uo7vlLr,Concrete Floor Refinishing Services in Santa Clara County,California Department of Transportation (Caltrans),Santa Clara,San Jose,Closed,construction,concrete-floor-refinishing-services-in-santa-clara-county-california-department-of-transportation,97,yes,results,construction,https://www.bidthebay.com/construction-project-details/concrete-floor-refinishing-services-in-santa-clara-county-california-department-of-transportation/r/recvT4sme7uo7vlLr,2026-09-07T15:50:31-07:00,0,no,No description at all,recently_closed,no
recvUr6RfSM01JKMa,"San Lorenzo Creekway Planning, Engineering Design, Environmental and Right of Way Professional Services",Hayward Area Recreation and Park District,Alameda,Hayward / San Leandro,Closed,professional services,san-lorenzo-creekway-planning-engineering-design-environmental-and-right-of-way-professional-services-hayward-area-recreation-and-park-district,143,yes,results,professional services,https://www.bidthebay.com/professional-services-project-details/san-lorenzo-creekway-planning-engineering-design-environmental-and-right-of-way-professional-services-hayward-area-recreation-and-park-district/r/recvUr6RfSM01JKMa,2026-05-05T17:01:18-07:00,674,no,,recently_closed,no
recvVJwHm3qYknkSn,Westlake Slurry Seal Project,City of Daly City,San Mateo,Daly City,Closed,construction,westlake-slurry-seal-project-city-of-daly-city,46,yes,results,construction,https://www.bidthebay.com/construction-project-details/westlake-slurry-seal-project-city-of-daly-city/r/recvVJwHm3qYknkSn,2026-06-05T08:21:02-07:00,566,yes,,award_results,no
recvXnvRiQFbN8tKS,Lincoln Elementary School New Admin/Classroom Building and New Library Building Project ,Burlingame School District,San Mateo,Burlingame,Closed,construction; professional services,lincoln-elementary-school-new-admin-classroom-building-and-new-library-building-project-burlingame-school-district,114,yes,results,construction,https://www.bidthebay.com/construction-project-details/lincoln-elementary-school-new-admin-classroom-building-and-new-library-building-project-burlingame-school-district/r/recvXnvRiQFbN8tKS,2026-08-04T00:04:08-07:00,514,no,,multi_category_provisional_construction,yes
recvXrcKv1m3ldwDk,Joint Development Opportunity Housing Element Opportunity Sites - Site 84 and Site 75,City of Sausalito,Marin,Sausalito,Closed,construction,joint-development-opportunity-housing-element-opportunity-sites-site-84-and-site-75-city-of-sausalito,101,yes,results,construction,https://www.bidthebay.com/construction-project-details/joint-development-opportunity-housing-element-opportunity-sites-site-84-and-site-75-city-of-sausalito/r/recvXrcKv1m3ldwDk,2026-06-02T00:03:38-07:00,975,no,,recently_closed,no
recvY7g5w7FV9BuyR,Environmental and Engineering Services for the Lincoln Avenue from Second Street to Paloma Avenue Safety Improvements Project,City of San Rafael,Marin,San Rafael,Closed,professional services,environmental-and-engineering-services-for-the-lincoln-avenue-from-second-street-to-paloma-avenue-safety-improvements-project-city-of-san-rafael,144,no,,,,2026-08-11T08:18:24-07:00,515,no,,closed_stale_no_results,no
recvZFm1YT3ZSrv1w,Aggregate Road Base ,Contra Costa Water District,Contra Costa,Concord,Closed,construction,aggregate-road-base-contra-costa-water-district,47,yes,results,construction,https://www.bidthebay.com/construction-project-details/aggregate-road-base-contra-costa-water-district/r/recvZFm1YT3ZSrv1w,2026-06-24T09:41:56-07:00,0,yes,No description at all,award_results,no
recvZNmmsWtMRpcPx,UCB EHCP – Increment 3 – WP-07: Thermal Energy Storage Tank  ,UC Berkeley,Alameda,Berkeley,Closed,construction,ucb-ehcp-increment-3-wp-07-thermal-energy-storage-tank-uc-berkeley,66,yes,results,construction,https://www.bidthebay.com/construction-project-details/ucb-ehcp-increment-3-wp-07-thermal-energy-storage-tank-uc-berkeley/r/recvZNmmsWtMRpcPx,2026-07-10T11:56:07-07:00,221,yes,,award_results,no
recvaYn8lFoYkNEEc,WRRF Effluent Return Pump Station Project,City of Hayward,Alameda,Hayward,Closed,construction,wrrf-effluent-return-pump-station-project-city-of-hayward,57,yes,results,construction,https://www.bidthebay.com/construction-project-details/wrrf-effluent-return-pump-station-project-city-of-hayward/r/recvaYn8lFoYkNEEc,2026-07-24T09:31:52-07:00,342,yes,,award_results,no
recvbQMNDWq5cwCWp,Engineering Design Service for Sewer Rehabilitation,City of Alameda,Alameda,Alameda,Open,professional services,engineering-design-service-for-sewer-rehabilitation-city-of-alameda,67,yes,open,professional services,https://www.bidthebay.com/professional-services-project-details/engineering-design-service-for-sewer-rehabilitation-city-of-alameda/r/recvbQMNDWq5cwCWp,2026-09-01T09:35:07-07:00,226,no,,open_solicitation,no
recvcPZ28jGiyxdLY,Painting Services,Contra Costa County Housing Authority,Contra Costa,Contra Costa County ,Closed,construction,painting-services-housing-authority-of-the-county-of-contra-costa,65,no,,,,2026-09-07T11:37:33-07:00,0,no,No description at all,closed_stale_no_results,no
recvdjyyA89TrhcDa,"Canceled: Security Gates for Police Department & Civic Center, Fire Department, and Corporation Yard Project",City of Suisun City,Solano,Suisun City,Closed,construction,canceled-security-gates-for-police-department-civic-center-fire-department-and-corporation-yard-project-city-of-suisun-city,123,yes,results,construction,https://www.bidthebay.com/construction-project-details/canceled-security-gates-for-police-department-civic-center-fire-department-and-corporation-yard-project-city-of-suisun-city/r/recvdjyyA89TrhcDa,2026-06-24T00:49:13-07:00,306,no,,recently_closed,no
recvfWowMqybpflJn,Bret Harte Middle School Roofing Upgrade,Hayward Unified School District,Alameda,Hayward,Closed,construction,bret-harte-middle-school-roofing-upgrade-hayward-unified-school-district,72,yes,results,construction,https://www.bidthebay.com/construction-project-details/bret-harte-middle-school-roofing-upgrade-hayward-unified-school-district/r/recvfWowMqybpflJn,2026-05-12T05:37:37-07:00,0,no,No description at all,recently_closed,no
recvk505gC77axoKu,Point Reyes-Petaluma at Nicasio Valley Road Turn Pocket,County of Marin,Marin,Nicasio,Closed,construction,point-reyes-petaluma-at-nicasio-valley-road-turn-pocket-county-of-marin,71,yes,results,construction,https://www.bidthebay.com/construction-project-details/point-reyes-petaluma-at-nicasio-valley-road-turn-pocket-county-of-marin/r/recvk505gC77axoKu,2026-08-11T07:36:00-07:00,443,no,,recently_closed,no
recvnld36myX2pQgo,Roof Repairs at PAD,California Department of Veterans Affairs (CalVet),Santa Clara,Palo Alto,Closed,construction,roof-repairs-at-pad-department-of-veterans-affairs,50,yes,results,construction,https://www.bidthebay.com/construction-project-details/roof-repairs-at-pad-department-of-veterans-affairs/r/recvnld36myX2pQgo,2026-09-07T15:50:31-07:00,1055,no,,recently_closed,no
recvp78JWOjQVECKq,2026 Sanitary Sewer and Storm Drain Rehabilitation Project,City of Albany,Alameda,Albany,Closed,construction,2026-sanitary-sewer-and-storm-drain-rehabilitation-project-city-of-albany,73,yes,results,construction,https://www.bidthebay.com/construction-project-details/2026-sanitary-sewer-and-storm-drain-rehabilitation-project-city-of-albany/r/recvp78JWOjQVECKq,2026-08-16T22:31:44-07:00,937,yes,,award_results,no
recvpKczMztRl83TY,Transmission Line Clearance Mitigation Moderate and Low Risk,San Francisco Public Utilities Commission,San Francisco,San Francisco,Closed,construction,transmission-line-clearance-mitigation-moderate-and-low-risk-san-francisco-public-utilities-commission,102,no,,,,2026-06-27T20:31:44-07:00,2306,no,,closed_stale_no_results,no
recvt9lR9zSgCSbN9,On-Call Marine Structures Rehabilitation,Port of Oakland,Alameda,Oakland,Closed,construction,on-call-marine-structures-rehabilitation-port-of-oakland,56,yes,results,construction,https://www.bidthebay.com/construction-project-details/on-call-marine-structures-rehabilitation-port-of-oakland/r/recvt9lR9zSgCSbN9,2026-06-11T08:06:08-07:00,151,no,,recently_closed,no
recvvjd14LakKaUya,American HS and Kennedy HS Track and Field Replacement,Fremont Unified School District,Alameda,Fremont ,Closed,construction,american-hs-and-kennedy-hs-track-and-field-replacement-fremont-unified-school-district,86,yes,results,construction,https://www.bidthebay.com/construction-project-details/american-hs-and-kennedy-hs-track-and-field-replacement-fremont-unified-school-district/r/recvvjd14LakKaUya,2026-07-08T10:03:16-07:00,0,yes,No description at all,award_results,no
recvxjZ8XFV1C7yKN,Summer 2026 Exterior Painting Projects,Petaluma City Schools,Sonoma,Petaluma,Closed,construction,summer-2026-exterior-painting-projects-petaluma-city-schools,60,yes,results,construction,https://www.bidthebay.com/construction-project-details/summer-2026-exterior-painting-projects-petaluma-city-schools/r/recvxjZ8XFV1C7yKN,2026-05-14T17:04:10-07:00,157,no,,recently_closed,no
recw1eHKhtbUPHPmw,Cast Iron Sewer Replacement FY 2024-2025 Package III,City of San Jose,Santa Clara,San Jose,Closed,construction,cast-iron-sewer-replacement-fy-2024-2025-package-iii-city-of-san-jose,69,yes,results,construction,https://www.bidthebay.com/construction-project-details/cast-iron-sewer-replacement-fy-2024-2025-package-iii-city-of-san-jose/r/recw1eHKhtbUPHPmw,2026-05-04T06:18:44-07:00,406,yes,,award_results,no
recw1s62c4xlkd06P,General Engineering (A-License) Construction,San Francisco Public Utilities Commission,San Francisco; San Mateo; Santa Clara; Alameda,Various  ,Closed,construction,general-engineering-a-license-construction-san-francisco-public-utilities-commission,84,yes,results,construction,https://www.bidthebay.com/construction-project-details/general-engineering-a-license-construction-san-francisco-public-utilities-commission/r/recw1s62c4xlkd06P,2026-09-08T08:50:09-07:00,518,no,,recently_closed,no
recw2ECqa7wndz3oO,Engineering Standards and Design Manual for the City of Millbrae,City of Millbrae,San Mateo,Millbrae,Closed,professional services,engineering-standards-and-design-manual-for-the-city-of-millbrae-city-of-millbrae,81,yes,results,professional services,https://www.bidthebay.com/professional-services-project-details/engineering-standards-and-design-manual-for-the-city-of-millbrae-city-of-millbrae/r/recw2ECqa7wndz3oO,2026-07-18T00:02:43-07:00,443,no,,recently_closed,no
recw3aPOdQfj4RKWJ,San Pablo Dam Road Gateway Improvement Project - Concrete Improvements,City of San Pablo,Contra Costa,San Pablo,Closed,construction,san-pablo-dam-road-gateway-improvement-project-concrete-improvements-city-of-san-pablo,86,no,,,,2026-03-30T10:14:42-07:00,315,no,,closed_stale_no_results,no
recw8Fx346cLV5x7y,Canceled: New Central Kitchen Building,Fremont Unified School District,Alameda,Fremont,Closed,construction,canceled-new-central-kitchen-building-fremont-unified-school-district,69,yes,results,construction,https://www.bidthebay.com/construction-project-details/canceled-new-central-kitchen-building-fremont-unified-school-district/r/recw8Fx346cLV5x7y,2026-07-15T00:02:36-07:00,158,no,,recently_closed,no
recwCNXi4iZaKxBOo,"Glass Window/Door Repair Services – 910.30 Glass Replacement, Maintenance & Repair Services",City of Oakland,Alameda,Oakland,Closed,construction,glass-window-door-repair-services-910-30-glass-replacement-maintenance-repair-services-city-of-oakland,102,no,,,,2026-03-31T11:42:19-07:00,1237,no,,closed_stale_no_results,no
recwE4e61zhcW1JWP,WTP 16-inch Pump Control Valve and BW Tank Altitude Valve Replacement,City of Antioch,Contra Costa,Antioch ,Closed,construction,wtp-16-inch-pump-control-valve-and-bw-tank-altitude-valve-replacement-city-of-antioch,85,yes,results,construction,https://www.bidthebay.com/construction-project-details/wtp-16-inch-pump-control-valve-and-bw-tank-altitude-valve-replacement-city-of-antioch/r/recwE4e61zhcW1JWP,2026-03-24T07:26:24-07:00,798,yes,,award_results,no
recwEVQUTic32V5FH,Boynton Walkway Improvement,Campbell Union High School District,Santa Clara,San Jose,Closed,construction,boynton-walkway-improvement-campbell-union-high-school-district,63,yes,results,construction,https://www.bidthebay.com/construction-project-details/boynton-walkway-improvement-campbell-union-high-school-district/r/recwEVQUTic32V5FH,2026-09-09T20:11:17-07:00,235,yes,,award_results,no
recwFSjq0PcRFws1y,District-Wide Security Camera Design and Installation Projects,Hayward Unified School District,Alameda,Hayward,Closed,construction,district-wide-security-camera-design-and-installation-projects-hayward-unified-school-district,94,no,,,,2026-03-24T09:01:37-07:00,0,no,No description at all,closed_stale_no_results,no
recwHAyunBEXpp8O9,Install New Floor in Men’s Locker Room in Building 48 at Base Alameda,U.S. Coast Guard,Alameda,Alameda,Closed,construction,install-new-floor-in-men-s-locker-room-in-building-48-at-base-alameda-us-coast-guard,84,yes,results,construction,https://www.bidthebay.com/construction-project-details/install-new-floor-in-men-s-locker-room-in-building-48-at-base-alameda-us-coast-guard/r/recwHAyunBEXpp8O9,2026-09-07T10:26:47-07:00,600,no,,recently_closed,no
recwI6jlsPEAGdn60,Progressive Design-Build Civil and Tunnel Construction (40-CT),Transbay Joint Powers Authority,San Francisco,San Francisco,Closed,construction,progressive-design-build-civil-and-tunnel-construction-40-ct-transbay-joint-powers-authority,92,no,,,,2026-09-03T08:56:06-07:00,0,no,No description at all,closed_stale_no_results,no
recwKMGE2ZZMvFh54,Ambulatory Care Center (ACC) Freight Elevator Modernization,University of California San Francisco,San Francisco,San Francisco,Closed,construction,ambulatory-care-center-acc-freight-elevator-modernization-university-of-california-san-francisco,96,no,,,,2026-05-15T20:43:16-07:00,1494,no,,closed_stale_no_results,no
recwLfdvALntGL1vb,Aviador Avenue Bridge Shoring Project,City of Millbrae,San Mateo,Millbrae,Closed,construction,aviador-avenue-bridge-shoring-project-city-of-millbrae,54,yes,results,construction,https://www.bidthebay.com/construction-project-details/aviador-avenue-bridge-shoring-project-city-of-millbrae/r/recwLfdvALntGL1vb,2026-08-11T07:31:01-07:00,212,yes,,award_results,no
recwPjMHXyBYH4FVP,District-Wide Locker & Changing Room Painting and Bench Refurbishment,Campbell Union High School District,Santa Clara,Campbell / San Jose area,Closed,construction,district-wide-locker-changing-room-painting-and-bench-refurbishment-campbell-union-high-school-district,103,yes,results,construction,https://www.bidthebay.com/construction-project-details/district-wide-locker-changing-room-painting-and-bench-refurbishment-campbell-union-high-school-district/r/recwPjMHXyBYH4FVP,2026-05-12T05:19:14-07:00,260,yes,,award_results,no
recwT6FZPHvnPOnkT,2026 Sewer Inflow and Infiltration Project,City of Morgan Hill,Santa Clara,Morgan Hill,Closed,construction,2026-sewer-inflow-and-infiltration-project-city-of-morgan-hill,62,no,,,,2026-03-30T09:21:24-07:00,904,no,,closed_stale_no_results,no
recwVoWj5LzyEFxDm,"Randall-Bold Water Treatment Plant Clearwell, Chemical Feed, and Sedimentation Basin Improvements",Contra Costa Water District,Contra Costa,Oakley,Closed,construction,randall-bold-water-treatment-plant-clearwell-chemical-feed-and-sedimentation-basin-improvements-contra-costa-water-district,123,yes,results,construction,https://www.bidthebay.com/construction-project-details/randall-bold-water-treatment-plant-clearwell-chemical-feed-and-sedimentation-basin-improvements-contra-costa-water-district/r/recwVoWj5LzyEFxDm,2026-04-28T17:07:10-07:00,43,no,,recently_closed,no
recwWC1DB12cl3GMR,Power Capital Program Management Contract,San Francisco Public Utilities Commission,San Francisco,San Francisco,Closed,professional services,power-capital-program-management-contract-san-francisco-public-utilities-commission,83,yes,results,professional services,https://www.bidthebay.com/professional-services-project-details/power-capital-program-management-contract-san-francisco-public-utilities-commission/r/recwWC1DB12cl3GMR,2026-05-08T04:06:10-07:00,400,no,,recently_closed,no
recwWarEtFoJqKdU4,On-Call Federal Environmental Services,Solano County,Solano,Various Cities,Closed,professional services,on-call-federal-environmental-services-solano-county,52,yes,results,professional services,https://www.bidthebay.com/professional-services-project-details/on-call-federal-environmental-services-solano-county/r/recwWarEtFoJqKdU4,2026-07-23T08:22:46-07:00,492,yes,,award_results,no
recwX3fhJeT6wowEE,Camp Mather Infrastructure,City and County of San Francisco,San Francisco,Groveland,Closed,construction,camp-mather-infrastructure-city-and-county-of-san-francisco,59,no,,,,2026-04-11T10:45:42-07:00,93,no,,closed_stale_no_results,no
recwXWoyWBT1IEt34,"Storm Damage Repairs - Buckeye Canyon Road Sites 2, 3, and 4 and Los Vaqueros Ponds D5 and H6",Contra Costa Water District,Contra Costa,Brentwood,Closed,construction,storm-damage-repairs-buckeye-canyon-road-sites-2-3-and-4-and-los-vaqueros-ponds-d5-and-h6-contra-costa-water-district,117,yes,results,construction,https://www.bidthebay.com/construction-project-details/storm-damage-repairs-buckeye-canyon-road-sites-2-3-and-4-and-los-vaqueros-ponds-d5-and-h6-contra-costa-water-district/r/recwXWoyWBT1IEt34,2026-04-21T17:01:16-07:00,0,no,No description at all,recently_closed,no
recwXxht37qnHVpSP,Southeast Water Pollution Control Plant - Secondary Clarifiers Rehabilitation,San Francisco Public Utilities Commission,San Francisco,San Francisco,Closed,construction; professional services,southeast-water-pollution-control-plant-secondary-clarifiers-rehabilitation-san-francisco-public-utilities-commission,117,yes,results,construction,https://www.bidthebay.com/construction-project-details/southeast-water-pollution-control-plant-secondary-clarifiers-rehabilitation-san-francisco-public-utilities-commission/r/recwXxht37qnHVpSP,2026-08-20T00:03:54-07:00,360,no,,multi_category_provisional_construction,yes
recwYrHNS891Mu8cH,Treatment Unit Grating Replacement Project Phase 2 ,Oro Loma Sanitary District,Alameda,San Lorenzo,Closed,construction,treatment-unit-grating-replacement-project-phase-2-oro-loma-sanitary-district,77,yes,results,construction,https://www.bidthebay.com/construction-project-details/treatment-unit-grating-replacement-project-phase-2-oro-loma-sanitary-district/r/recwYrHNS891Mu8cH,2026-07-03T00:04:58-07:00,271,no,,recently_closed,no
recwZMKeSABdl28bP,HVAC Replacement Phase IV,San Mateo-Foster City School District,San Mateo,San Mateo,Closed,construction,hvac-replacement-phase-iv-san-mateo-foster-city-school-district,63,yes,results,construction,https://www.bidthebay.com/construction-project-details/hvac-replacement-phase-iv-san-mateo-foster-city-school-district/r/recwZMKeSABdl28bP,2026-05-07T17:01:10-07:00,73,no,,recently_closed,no
recwecbcieQrKwtRz,Sequoia High School Tennis Court Resurfacing,Sequoia Union High School District,San Mateo,Redwood City,Closed,construction,sequoia-high-school-tennis-court-resurfacing-sequoia-union-high-school-district,79,yes,results,construction,https://www.bidthebay.com/construction-project-details/sequoia-high-school-tennis-court-resurfacing-sequoia-union-high-school-district/r/recwecbcieQrKwtRz,2026-07-08T21:41:35-07:00,206,no,,recently_closed,no
recwehOtMzTmOIsmM,Peabody Road Widening Project – Phase 1 (Signal Work and Striping),City of Fairfield,Solano,Fairfield,Open,construction,peabody-road-widening-phase-1-signal-striping-fairfield,55,yes,open,construction,https://www.bidthebay.com/construction-project-details/peabody-road-widening-phase-1-signal-striping-fairfield/r/recwehOtMzTmOIsmM,2026-09-08T08:41:17-07:00,345,no,,open_solicitation,no
recwfEA1PktMXLRWn,Orinda Community Park Improvement - Phase 1 Project,City of Orinda,Contra Costa,Orinda,Open,construction,orinda-community-park-improvement-phase-1-project-city-of-orinda,64,yes,open,construction,https://www.bidthebay.com/construction-project-details/orinda-community-park-improvement-phase-1-project-city-of-orinda/r/recwfEA1PktMXLRWn,2026-08-27T09:13:49-07:00,1471,no,,open_solicitation,no
recwiq2CUDqzBIwlG,Tang Center AC-3 & AC-4 Replacement,UC Berkeley,Alameda,Berkeley,Closed,construction,tang-center-ac-3-ac-4-replacement-uc-berkeley,45,yes,results,construction,https://www.bidthebay.com/construction-project-details/tang-center-ac-3-ac-4-replacement-uc-berkeley/r/recwiq2CUDqzBIwlG,2026-03-24T09:06:37-07:00,269,yes,,award_results,no
recwitImGzjDBZJ1W,Shade Sails and Shade Structure Installation,City of Rio Vista,Solano,Rio Vista,Closed,construction,shade-sails-and-shade-structure-installation-city-of-rio-vista,62,no,,,,2026-03-24T07:37:51-07:00,823,no,,closed_stale_no_results,no
recwjBZJgkttFatT7,Electrical Equipment Repair and Replacement ,California Department of Transportation (Caltrans),Alameda,"Alameda, Contra Costa, Marin, Napa, San Francisco, San Mateo, Santa Clara, Solano, Sonoma",Closed,construction,electrical-equipment-repair-and-replacement-cal-trans-district-4,64,no,,,,2026-09-07T15:50:31-07:00,0,no,No description at all,closed_stale_no_results,no
recwkRLtXCLvuFmfq,Chinatown Branch Library Renovation [Citywide PLA],San Francisco Public Works,San Francisco,San Francisco ,Closed,construction,chinatown-branch-library-renovation-citywide-pla-san-francisco-public-works,75,no,,,,2026-04-15T17:01:29-07:00,1018,no,,closed_stale_no_results,no
recwkbVXu05CkNNFC,Esperanza Electrical Upgrade Renovation Work,Housing Authority of the City of Alameda,Alameda,Alameda,Closed,construction,esperanza-electrical-upgrade-renovation-work-housing-authority-of-the-city-of-alameda,85,yes,results,construction,https://www.bidthebay.com/construction-project-details/esperanza-electrical-upgrade-renovation-work-housing-authority-of-the-city-of-alameda/r/recwkbVXu05CkNNFC,2026-09-11T00:01:57-07:00,289,no,,recently_closed,no
recwmHNXa8XGEeilp,SF Main Library Atrium Smoke Exhaust Fan,City and County of San Francisco,San Francisco,San Francisco,Closed,construction,sf-main-library-atrium-smoke-exhaust-fan-city-and-county-of-san-francisco,73,yes,results,construction,https://www.bidthebay.com/construction-project-details/sf-main-library-atrium-smoke-exhaust-fan-city-and-county-of-san-francisco/r/recwmHNXa8XGEeilp,2026-08-20T10:14:48-07:00,206,no,,recently_closed,no
recwo1SWqQwx2AfyY,District-Wide Elevator Maintenance,Sequoia Union High School District,San Mateo,Redwood City,Closed,construction,district-wide-elevator-maintenance-sequoia-union-high-school-district,69,yes,results,construction,https://www.bidthebay.com/construction-project-details/district-wide-elevator-maintenance-sequoia-union-high-school-district/r/recwo1SWqQwx2AfyY,2026-07-08T21:34:04-07:00,751,no,,recently_closed,no
recwogyQQOZNPJnrl,FS CRP FY26 Mulford Hall Exterior Maintenance,UC Berkeley,Alameda,Berkeley,Closed,construction,fs-crp-fy26-mulford-hall-exterior-maintenance-uc-berkeley,57,yes,results,construction,https://www.bidthebay.com/construction-project-details/fs-crp-fy26-mulford-hall-exterior-maintenance-uc-berkeley/r/recwogyQQOZNPJnrl,2026-09-11T06:08:02-07:00,521,yes,,award_results,no
recwpOgJu5ZIsDwZs,OBAG 2 Cherry Ave Project,City of San Jose,Santa Clara,San Jose,Closed,construction,obag-2-cherry-ave-project-city-of-san-jose,42,yes,results,construction,https://www.bidthebay.com/construction-project-details/obag-2-cherry-ave-project-city-of-san-jose/r/recwpOgJu5ZIsDwZs,2026-07-14T04:43:49-07:00,151,yes,,award_results,no
recwpoXEWs6LPfMI3,Woodside High School Baseball Field,Sequoia Union High School District,San Mateo,Woodside,Closed,construction; professional services,woodside-high-school-baseball-field-sequoia-union-high-school-district,70,yes,results,construction,https://www.bidthebay.com/construction-project-details/woodside-high-school-baseball-field-sequoia-union-high-school-district/r/recwpoXEWs6LPfMI3,2026-07-08T21:43:14-07:00,331,no,,multi_category_provisional_construction,yes
recwsAttvRIEH8zzf,Paving Project 2026,Solano County,Solano,Solano County,Closed,construction,paving-project-2026-solano-county,33,no,,,,2026-04-11T10:49:04-07:00,301,no,,closed_stale_no_results,no
recwvi3T98IL2ywgl,Mare Island Facilities Major Maintenance Naval Chapel and Admiral’s Mansion/Quarters A Improvement,City of Vallejo,Solano,Vallejo,Open,construction,mare-island-facilities-major-maintenance-naval-chapel-and-admiral-s-mansion-quarters-a-improvement-city-of-vallejo,114,yes,open,construction,https://www.bidthebay.com/construction-project-details/mare-island-facilities-major-maintenance-naval-chapel-and-admiral-s-mansion-quarters-a-improvement-city-of-vallejo/r/recwvi3T98IL2ywgl,2026-09-11T06:39:02-07:00,2130,no,,open_solicitation,no
recx3wyCOD5GQRp8y,Theater Plaza Concrete Replacement Project,Gavilan Joint Community College District,Santa Clara,Gilroy,Closed,construction,theater-plaza-concrete-replacement-project-gavilan-joint-community-college-district,83,yes,results,construction,https://www.bidthebay.com/construction-project-details/theater-plaza-concrete-replacement-project-gavilan-joint-community-college-district/r/recx3wyCOD5GQRp8y,2026-05-08T04:09:36-07:00,647,yes,,award_results,no
recx4tCqdIjRTWy4S,LED Upgrade Lighting Project,Alameda County Mosquito Abatement District,Alameda,Hayward,Closed,construction,led-upgrade-lighting-project-alameda-county-mosquito-abatement-district,71,no,,,,2026-04-11T10:49:04-07:00,846,no,,closed_stale_no_results,no
recx61HESq6RvvXkt,Fire Station 21 Remodel Project,Town of Fairfax,Marin,Fairfax,Closed,construction,fire-station-21-remodel-project-town-of-fairfax,47,no,,,,2026-03-31T11:30:00-07:00,531,no,,closed_stale_no_results,no
recx95q0uzNA5b61j,Central Avenue Road Rehabilitation Project,County of Marin,Marin,Woodacre ,Closed,construction,central-avenue-road-rehabilitation-project-county-of-marin,58,no,,,,2026-06-26T03:53:15-07:00,141,no,,closed_stale_no_results,no
recxB1cz6lb1Aw1mV,939 San Rafael Avenue Demolition,City of Mountain View,Santa Clara,Mountain View,Open,construction,939-san-rafael-avenue-demolition-city-of-mountain-view,54,yes,open,construction,https://www.bidthebay.com/construction-project-details/939-san-rafael-avenue-demolition-city-of-mountain-view/r/recxB1cz6lb1Aw1mV,2026-08-20T10:10:38-07:00,589,no,,open_solicitation,no
recxC7C7pNTPHWwbU,Replacing Deteriorating Overhead Sign Panels and Install MGS in San Francisco County,California Department of Transportation (Caltrans),San Francisco,San Francisco,Closed,construction,replacing-deteriorating-overhead-sign-panels-and-install-mgs-in-san-francisco-county-california-department-of-transportation,124,yes,results,construction,https://www.bidthebay.com/construction-project-details/replacing-deteriorating-overhead-sign-panels-and-install-mgs-in-san-francisco-county-california-department-of-transportation/r/recxC7C7pNTPHWwbU,2026-09-07T15:50:31-07:00,258,no,,recently_closed,no
recxDXAvEVmwSZpp1,UCSF Health Central Laboratory and Pharmacy TI,University of California San Francisco,San Mateo,South San Francisco,Closed,professional services,ucsf-health-central-laboratory-and-pharmacy-ti-university-of-california-san-francisco,85,yes,results,professional services,https://www.bidthebay.com/professional-services-project-details/ucsf-health-central-laboratory-and-pharmacy-ti-university-of-california-san-francisco/r/recxDXAvEVmwSZpp1,2026-06-12T00:09:41-07:00,560,no,,recently_closed,no
recxEMznjBo0edM8W,Installation of Curb Ramps at Various Locations,City of Antioch,Contra Costa,Antioch ,Closed,construction,installation-of-curb-ramps-at-various-locations-city-of-antioch,63,yes,results,construction,https://www.bidthebay.com/construction-project-details/installation-of-curb-ramps-at-various-locations-city-of-antioch/r/recxEMznjBo0edM8W,2026-03-30T09:37:24-07:00,421,yes,,award_results,no
recxHqwD4m71pxQyI,Discovery Bay Elementary School Improvements Project  ,Bryon Union School District,Contra Costa,Discovery Bay,Open,construction; professional services,discovery-bay-elementary-school-improvements-project-bryon-union-school-district,80,yes,open,construction,https://www.bidthebay.com/construction-project-details/discovery-bay-elementary-school-improvements-project-bryon-union-school-district/r/recxHqwD4m71pxQyI,2026-09-03T10:31:05-07:00,2527,no,,multi_category_provisional_construction,yes
recxJT0us4kYHWs6n,Garfield Elementary School - Elevator Replacement Project,San Francisco Unified School District,San Francisco,San Francisco,Closed,construction,garfield-elementary-school-elevator-replacement-project-san-francisco-unified-school-district,93,yes,results,construction,https://www.bidthebay.com/construction-project-details/garfield-elementary-school-elevator-replacement-project-san-francisco-unified-school-district/r/recxJT0us4kYHWs6n,2026-08-13T05:42:15-07:00,335,yes,,award_results,no
recxLAhhPQ7LMw9QD,Install Pumping Plant and Electrical Equipment,California Department of Transportation (Caltrans),Alameda,Alameda & Solano Counties,Closed,construction,install-pumping-plant-and-electrical-equipment-cal-trans-district-4,67,yes,results,construction,https://www.bidthebay.com/construction-project-details/install-pumping-plant-and-electrical-equipment-cal-trans-district-4/r/recxLAhhPQ7LMw9QD,2026-09-07T15:50:31-07:00,0,yes,No description at all,award_results,no
recxLFHr0ZcaNiAcs,2026 Los Amigos Monitoring Well Installation and Development,Town of Windsor,Sonoma,Windsor,Closed,construction,2026-los-amigos-monitoring-well-installation-and-development-town-of-windsor,76,yes,results,construction,https://www.bidthebay.com/construction-project-details/2026-los-amigos-monitoring-well-installation-and-development-town-of-windsor/r/recxLFHr0ZcaNiAcs,2026-06-11T08:08:00-07:00,145,yes,,award_results,no
recxLYdCGthycaMWn,Foster City Elementary School – Flooring Replacement Final Phase ,San Mateo-Foster City School District,San Mateo,Foster City,Closed,construction,foster-city-elementary-school-flooring-replacement-final-phase-san-mateo-foster-city-school-district,100,no,,,,2026-04-24T17:03:20-07:00,1046,no,,closed_stale_no_results,no
recxLxLBEnTh0Lbdq,CCCFPD On-Call Roofing and Waterproofing,Contra Costa County,Contra Costa,Contra Costa  ,Closed,construction,cccfpd-on-call-roofing-and-waterproofing-contra-costa-county,60,yes,results,construction,https://www.bidthebay.com/construction-project-details/cccfpd-on-call-roofing-and-waterproofing-contra-costa-county/r/recxLxLBEnTh0Lbdq,2026-07-28T10:07:11-07:00,0,yes,No description at all,award_results,no
recxMzlWrKUv5QEoZ,Colorado Transformer-21; Secondary Bushing Repair,City of Palo Alto,Santa Clara,Palo Alto,Open,construction,colorado-transformer-21-secondary-bushing-repair-city-of-palo-alto,66,yes,open,construction,https://www.bidthebay.com/construction-project-details/colorado-transformer-21-secondary-bushing-repair-city-of-palo-alto/r/recxMzlWrKUv5QEoZ,2026-08-23T22:30:34-07:00,1044,no,,open_solicitation,no
recxO5E5ULoQEGpjZ,General Engineering (A-License) Construction,San Francisco Public Utilities Commission,San Francisco; San Mateo; Santa Clara; Alameda,Various,Closed,construction,general-engineering-a-license-construction-san-francisco-public-utilities-commission,84,yes,results,construction,https://www.bidthebay.com/construction-project-details/general-engineering-a-license-construction-san-francisco-public-utilities-commission/r/recxO5E5ULoQEGpjZ,2026-08-28T00:03:17-07:00,517,no,,recently_closed,no
recxPjOotl42cufoM,Page Ditch Spillway,Santa Clara Valley Water District,Santa Clara, San Jose,Closed,construction,page-ditch-spillway-santa-clara-valley-water-district,53,yes,results,construction,https://www.bidthebay.com/construction-project-details/page-ditch-spillway-santa-clara-valley-water-district/r/recxPjOotl42cufoM,2026-06-03T11:24:24-07:00,1062,yes,,award_results,no
recxQRPSg9BT2LCcT,Cargo Building 720.1 & GSE Building 742 Project - Precast Concrete Panels,San Francisco International Airport,San Mateo,San Francisco,Closed,construction,cargo-building-720-1-gse-building-742-project-precast-concrete-panels-san-francisco-international-airport-sfo,109,no,,,,2026-09-07T10:43:39-07:00,573,no,,closed_stale_no_results,no
recxSt4tIzJd55I6H,Sequoia ES Site Improvements Project,Oakland Unified School District,Alameda,Oakland,Closed,construction,sequoia-es-site-improvements-project-oakland-unified-school-district,68,yes,results,construction,https://www.bidthebay.com/construction-project-details/sequoia-es-site-improvements-project-oakland-unified-school-district/r/recxSt4tIzJd55I6H,2026-07-09T00:02:36-07:00,864,no,,recently_closed,no
recxWRveg2uNmAaxp,"TCCCP New Traction Power Facilities, Eastbay",BART (Bay Area Rapid Transit),Contra Costa; Alameda,East Bay,Closed,construction,tcccp-new-traction-power-facilities-eastbay-bart-bay-area-rapid-transit,71,no,,,,2026-04-28T17:07:07-07:00,396,no,,closed_stale_no_results,no
recxWvGgBaqMSQFD2,Shelly Drive and Ruth Drive Storm Drain Rehabilitation Project,City of Pleasant Hill,Contra Costa,Pleasant Hill,Closed,construction,shelly-drive-and-ruth-drive-storm-drain-rehabilitation-project-city-of-pleasant-hill,84,yes,results,construction,https://www.bidthebay.com/construction-project-details/shelly-drive-and-ruth-drive-storm-drain-rehabilitation-project-city-of-pleasant-hill/r/recxWvGgBaqMSQFD2,2026-04-23T17:12:08-07:00,659,no,,recently_closed,no
recxXTu9cwNsiVaVE,Blake House Project - Environmental Consulting Services,UC Berkeley,Contra Costa,Kensington,Closed,professional services,blake-house-project-environmental-consulting-services-uc-berkeley,65,yes,results,professional services,https://www.bidthebay.com/professional-services-project-details/blake-house-project-environmental-consulting-services-uc-berkeley/r/recxXTu9cwNsiVaVE,2026-08-25T00:04:57-07:00,794,no,,recently_closed,no
recxY1c1W0mEaPPPB,Transmission System Plan and Hydraulic Model Update,Zone 7 Water Agency,Alameda,Livermore,Closed,professional services,transmission-system-plan-and-hydraulic-model-update-zone-7-water-agency,71,no,,,,2026-03-30T10:03:01-07:00,266,no,,closed_stale_no_results,no
recxZWk4nn8dFtjbf,Broadway Streetscape Improvements  ,City of Oakland,Alameda,Oakland,Closed,construction,broadway-streetscape-improvements-city-of-oakland,49,yes,results,construction,https://www.bidthebay.com/construction-project-details/broadway-streetscape-improvements-city-of-oakland/r/recxZWk4nn8dFtjbf,2026-04-30T17:08:05-07:00,1351,no,,recently_closed,no
recxaYtU8wqe0hRqU,"Northeast Hangar Taxilanes Reconstruction & Drainage Improvements, Phase 2B",Solano County,Solano,Vacaville,Closed,construction,northeast-hangar-taxilanes-reconstruction-drainage-improvements-phase-2b-solano-county,86,yes,results,construction,https://www.bidthebay.com/construction-project-details/northeast-hangar-taxilanes-reconstruction-drainage-improvements-phase-2b-solano-county/r/recxaYtU8wqe0hRqU,2026-05-12T05:23:23-07:00,582,yes,,award_results,no
recxcD8NznvYoqvtH,Milpitas Sports Center Exterior Modifications and Painting,City of Milpitas,Santa Clara,Milpitas,Closed,construction,milpitas-sports-center-exterior-modifications-and-painting-city-of-milpitas,75,no,,,,2026-03-30T10:09:53-07:00,358,no,,closed_stale_no_results,no
recxgne6c0wED8aNa,"Paving Improvement Project Phase 1 - Lincoln, Nimitz, and West Valley Elementary Schools  ",Cupertino Union School District,Santa Clara,"Cupertino, Sunnyvale",Closed,construction,paving-improvement-project-phase-1-lincoln-nimitz-and-west-valley-elementary-schools-cupertino-union-school-district,116,no,,,,2026-04-11T10:48:49-07:00,256,no,,closed_stale_no_results,no
recxhgj8i4La5hDCf,Police Department 2nd Story Expansion Project,City of Dixon,Solano,Dixon,Closed,construction,police-department-2nd-story-expansion-project-city-of-dixon,59,no,,,,2026-03-28T08:40:29-07:00,409,no,,closed_stale_no_results,no
recxkMj7M1fkn6B00,Johnson Field Repair,U.S. Department of the Air Force,Solano,Travis AFB / Fairfield,Open,construction; professional services,johnson-field-repair-department-of-the-air-force,48,yes,open,construction,https://www.bidthebay.com/construction-project-details/johnson-field-repair-department-of-the-air-force/r/recxkMj7M1fkn6B00,2026-09-09T22:04:28-07:00,1451,no,,multi_category_provisional_construction,yes
recxnad93whp1h2XJ,Novato Boulevard Improvements,City of Novato,Marin,Novato,Closed,construction,novato-boulevard-improvements-city-of-novato,44,yes,results,construction,https://www.bidthebay.com/construction-project-details/novato-boulevard-improvements-city-of-novato/r/recxnad93whp1h2XJ,2026-08-25T09:22:02-07:00,1614,yes,,award_results,no
recxnsQuRrcOAgLX6,US 101/Dry Creek Road Interchange Improvements Engineering Services for the PA & ED Phase,City of Healdsburg,Sonoma,Healdsburg,Open,professional services,us-101-dry-creek-road-interchange-improvements-engineering-services-for-the-pa-ed-phase-city-of-healdsburg,106,yes,open,professional services,https://www.bidthebay.com/professional-services-project-details/us-101-dry-creek-road-interchange-improvements-engineering-services-for-the-pa-ed-phase-city-of-healdsburg/r/recxnsQuRrcOAgLX6,2026-09-03T10:26:34-07:00,226,no,,open_solicitation,no
recxoBDtsIEpySXR5,Portable Relocation Project,Gavilan Joint Community College District,Santa Clara,Gilroy,Closed,construction,portable-relocation-project-gavilan-joint-community-college-district,68,yes,results,construction,https://www.bidthebay.com/construction-project-details/portable-relocation-project-gavilan-joint-community-college-district/r/recxoBDtsIEpySXR5,2026-06-18T00:02:39-07:00,154,no,,recently_closed,no
recxsrcuBv35wfsl4,UCSF Health Helen Diller Hospital – Stone and Tile,University of California San Francisco,San Francisco,San Francisco,Open,construction,ucsf-health-helen-diller-hospital-stone-and-tile-university-of-california-san-francisco,87,yes,open,construction,https://www.bidthebay.com/construction-project-details/ucsf-health-helen-diller-hospital-stone-and-tile-university-of-california-san-francisco/r/recxsrcuBv35wfsl4,2026-08-13T09:54:09-07:00,1679,no,,open_solicitation,no
recxtN5g7loWshtXO,Midtown Sewer Replacement Project (Phase 1),Solano County,Solano,Fairfield,Closed,construction,midtown-sewer-replacement-project-phase-1-solano-county,55,yes,results,construction,https://www.bidthebay.com/construction-project-details/midtown-sewer-replacement-project-phase-1-solano-county/r/recxtN5g7loWshtXO,2026-05-15T01:56:02-07:00,313,yes,,award_results,no
recxtr8yB2UwcNuhF,"Construction Management – City, NSD, and NMWD Improvements – Novato Blvd",City of Novato,Marin,Novato,Closed,professional services,construction-management-city-nsd-and-nmwd-improvements-novato-blvd-city-of-novato,81,no,,,,2026-04-11T10:49:20-07:00,0,no,No description at all,closed_stale_no_results,no
recxv3ZnDDYvZt1dO,On-Call Structural Engineering Services,Zone 7 Water Agency,Alameda,Livermore,Closed,professional services,on-call-structural-engineering-services-zone-7-water-agency,59,no,,,,2026-03-30T10:03:41-07:00,123,no,,closed_stale_no_results,no
recxxT0fYdf5Zm59W,Renovation of City Facility at 800 West Second Street - Rebid,City of Antioch,Contra Costa,Antioch,Closed,construction,renovation-of-city-facility-at-800-west-second-street-rebid-city-of-antioch,75,yes,results,construction,https://www.bidthebay.com/construction-project-details/renovation-of-city-facility-at-800-west-second-street-rebid-city-of-antioch/r/recxxT0fYdf5Zm59W,2026-08-12T10:59:43-07:00,521,yes,,award_results,no
recxxd2DpmKEE3X0l,Hawthorns Historic Complex Re-Roofing and Stabilization Project,Midpeninsula Regional Open Space District,San Mateo,Portola Valley,Closed,construction,hawthorns-historic-complex-re-roofing-and-stabilization-project-midpeninsula-regional-open-space-district,105,yes,results,construction,https://www.bidthebay.com/construction-project-details/hawthorns-historic-complex-re-roofing-and-stabilization-project-midpeninsula-regional-open-space-district/r/recxxd2DpmKEE3X0l,2026-07-17T00:02:36-07:00,677,no,,recently_closed,no
recxxu7BqpKzHY4AT,O’Hara Avenue Widening Project,City of Oakley,Contra Costa,Oakley,Closed,construction,o-hara-avenue-widening-project-city-of-oakley,45,yes,results,construction,https://www.bidthebay.com/construction-project-details/o-hara-avenue-widening-project-city-of-oakley/r/recxxu7BqpKzHY4AT,2026-07-20T01:14:15-07:00,707,yes,,award_results,no
recxylsE1yuzC14N8,Guadalupe Light Rail Vehicle Wash Replacement,Santa Clara Valley Transportation Authority,Santa Clara,San Jose,Open,construction,guadalupe-light-rail-vehicle-wash-replacement-santa-clara-valley-transportation-authority,89,yes,open,construction,https://www.bidthebay.com/construction-project-details/guadalupe-light-rail-vehicle-wash-replacement-santa-clara-valley-transportation-authority/r/recxylsE1yuzC14N8,2026-08-26T11:38:29-07:00,548,no,,open_solicitation,no
recxyx5QbCckNzcvc,Central Millbrae Stormwater & Utility Improvements Project Laurel Avenue & Green Hills Drive,City of Millbrae,San Mateo,Millbrae,Open,construction,central-millbrae-stormwater-utility-improvements-project-laurel-avenue-green-hills-drive-city-of-millbrae,105,yes,open,construction,https://www.bidthebay.com/construction-project-details/central-millbrae-stormwater-utility-improvements-project-laurel-avenue-green-hills-drive-city-of-millbrae/r/recxyx5QbCckNzcvc,2026-09-05T20:54:21-07:00,538,no,Open but due date passed,open_solicitation,no
recxzKBxurvLWvEgl,Lakeshore Park Basketball Court Improvements,City of San Mateo,San Mateo,San Mateo,Open,construction,lakeshore-park-basketball-court-improvements-san-mateo,54,yes,open,construction,https://www.bidthebay.com/construction-project-details/lakeshore-park-basketball-court-improvements-san-mateo/r/recxzKBxurvLWvEgl,2026-09-09T21:59:08-07:00,132,no,,open_solicitation,no
recy00LXZBVy3NYrn,Watershed Wildfire Vulnerability Assessment Services,Sonoma Water (Sonoma County Water Agency),Sonoma,Various ,Closed,professional services,watershed-wildfire-vulnerability-assessment-services-sonoma-water,65,yes,results,professional services,https://www.bidthebay.com/professional-services-project-details/watershed-wildfire-vulnerability-assessment-services-sonoma-water/r/recy00LXZBVy3NYrn,2026-09-07T11:37:33-07:00,470,no,,recently_closed,no
recy0MyCOA1djK9gz,Lafayette Sewer Renovations Phase 16,Central Contra Costa Sanitary District,Contra Costa,"Lafayette
",Closed,construction,lafayette-sewer-renovations-phase-16-central-contra-costa-sanitary-district,75,yes,results,construction,https://www.bidthebay.com/construction-project-details/lafayette-sewer-renovations-phase-16-central-contra-costa-sanitary-district/r/recy0MyCOA1djK9gz,2026-05-12T17:01:10-07:00,273,no,,recently_closed,no
recy1HRM7jn3npWyE,On-Call Painting Services,Contra Costa County,Contra Costa,Various Cities,Closed,construction,on-call-painting-services-contra-costa-county,45,yes,results,construction,https://www.bidthebay.com/construction-project-details/on-call-painting-services-contra-costa-county/r/recy1HRM7jn3npWyE,2026-08-13T05:28:00-07:00,852,yes,,award_results,no
recy1opSFHKmfJrxN,PHTS Library AHU 1-6 Replacement,University of California San Francisco,San Francisco,San Francisco,Closed,construction,phts-library-ahu-1-6-replacement-university-of-california-san-francisco,71,yes,results,construction,https://www.bidthebay.com/construction-project-details/phts-library-ahu-1-6-replacement-university-of-california-san-francisco/r/recy1opSFHKmfJrxN,2026-09-11T00:02:01-07:00,469,no,,recently_closed,no
recy1pP8PrbQrzlvS,Design-Build Services Alhambra High School Building F Replacement and Various Campus Modernizations Project,Martinez Unified School District,Contra Costa,Martinez,Closed,construction,design-build-services-alhambra-high-school-building-f-replacement-and-various-campus-modernizations-project-martinez-unified-school-district,140,yes,results,construction,https://www.bidthebay.com/construction-project-details/design-build-services-alhambra-high-school-building-f-replacement-and-various-campus-modernizations-project-martinez-unified-school-district/r/recy1pP8PrbQrzlvS,2026-07-24T05:50:03-07:00,525,no,,recently_closed,no
recy3Fxw1fooBp9SW,Franklin Street Pavement Rehabilitation,City of Cloverdale,Sonoma,Cloverdale,Open,construction,franklin-street-pavement-rehabilitation-city-of-cloverdale,58,yes,open,construction,https://www.bidthebay.com/construction-project-details/franklin-street-pavement-rehabilitation-city-of-cloverdale/r/recy3Fxw1fooBp9SW,2026-09-02T21:46:51-07:00,424,no,,open_solicitation,no
recy3xA2l4AmgoxBY,Castle Rock State Park - Saratoga Gap Trail Bridge Replacement,California Department of Parks and Recreation,Santa Clara,Saratoga,Closed,construction,castle-rock-state-park-saratoga-gap-trail-bridge-replacement-california-department-of-parks-recreation,102,yes,results,construction,https://www.bidthebay.com/construction-project-details/castle-rock-state-park-saratoga-gap-trail-bridge-replacement-california-department-of-parks-recreation/r/recy3xA2l4AmgoxBY,2026-09-10T23:54:55-07:00,247,yes,,award_results,no
recy6Fa1DNVCvopmu,SRJC Race Hall Lecture Room,Santa Rosa Junior College (Sonoma County Junior College District),Sonoma,Santa Rosa,Closed,construction,srjc-race-hall-lecture-room-santa-rosa-junior-college,53,yes,results,construction,https://www.bidthebay.com/construction-project-details/srjc-race-hall-lecture-room-santa-rosa-junior-college/r/recy6Fa1DNVCvopmu,2026-09-07T11:37:33-07:00,531,yes,,award_results,no
recy9atc8rsxYb7pE,FY2026-2029 Sanitary Sewer Root Control Project,City of Burlingame,San Mateo,Burlingame,Closed,construction,fy2026-2029-sanitary-sewer-root-control-project-city-of-burlingame,66,yes,results,construction,https://www.bidthebay.com/construction-project-details/fy2026-2029-sanitary-sewer-root-control-project-city-of-burlingame/r/recy9atc8rsxYb7pE,2026-05-05T17:01:41-07:00,649,no,,recently_closed,no
recyB2OM10EmbBIR1,Modular Construction Services – Excelsior Middle School Improvements Project,Bryon Union School District,Contra Costa,Byron,Open,construction,modular-construction-services-excelsior-middle-school-improvements-project-bryon-union-school-district,102,yes,open,construction,https://www.bidthebay.com/construction-project-details/modular-construction-services-excelsior-middle-school-improvements-project-bryon-union-school-district/r/recyB2OM10EmbBIR1,2026-09-03T10:29:23-07:00,266,no,,open_solicitation,no
recyCLh3997JGlWgO,UC Botanical Garden Access Improvements,UC Berkeley,Alameda,Berkeley,Closed,construction,uc-botanical-garden-access-improvements-uc-berkeley,51,yes,results,construction,https://www.bidthebay.com/construction-project-details/uc-botanical-garden-access-improvements-uc-berkeley/r/recyCLh3997JGlWgO,2026-08-26T10:24:24-07:00,436,yes,,award_results,no
recyCu3mFPyyXp5nf,Title 24 – Residential Window Replacement Improvements,Midpeninsula Regional Open Space District,San Mateo; Santa Clara,San Gregorio; Los Altos; La Honda; Half Moon Bay; Redwood City,Closed,construction,title-24-residential-window-replacement-improvements-midpeninsula-regional-open-space-district,94,yes,results,construction,https://www.bidthebay.com/construction-project-details/title-24-residential-window-replacement-improvements-midpeninsula-regional-open-space-district/r/recyCu3mFPyyXp5nf,2026-09-03T11:19:39-07:00,149,no,,recently_closed,no
recyEI9N9yjXZmWkp,Construction Management Services,Santa Clara County Office of Education,Santa Clara,Saratoga,Closed,professional services,construction-management-services-santa-clara-county-office-of-education,71,yes,results,professional services,https://www.bidthebay.com/professional-services-project-details/construction-management-services-santa-clara-county-office-of-education/r/recyEI9N9yjXZmWkp,2026-08-13T05:38:35-07:00,355,yes,,award_results,no
recyESpv5fZoPsHcx,Slurry Seal Project,City of Livermore,Alameda,Livermore ,Closed,construction,slurry-seal-project-city-of-livermore,37,yes,results,construction,https://www.bidthebay.com/construction-project-details/slurry-seal-project-city-of-livermore/r/recyESpv5fZoPsHcx,2026-05-05T17:01:27-07:00,0,no,No description at all,recently_closed,no
recyH4WJIyYUEEQww,Gilroy Public Library EV Chargers Design Project,City of Gilroy,Santa Clara,Gilroy,Closed,professional services,gilroy-public-library-ev-chargers-design-project-city-of-gilroy,63,yes,results,professional services,https://www.bidthebay.com/professional-services-project-details/gilroy-public-library-ev-chargers-design-project-city-of-gilroy/r/recyH4WJIyYUEEQww,2026-09-02T00:04:31-07:00,257,no,,recently_closed,no
recyKgnn6XvcUUoSH,Pedestrian Crosswalk - Eastridge Transit Center,Santa Clara Valley Transportation Authority,Santa Clara,San Jose,Closed,construction,pedestrian-crosswalk-eastridge-transit-center-santa-clara-valley-transportation-authority,89,yes,results,construction,https://www.bidthebay.com/construction-project-details/pedestrian-crosswalk-eastridge-transit-center-santa-clara-valley-transportation-authority/r/recyKgnn6XvcUUoSH,2026-05-19T17:09:02-07:00,622,no,,recently_closed,no
recyLnkPCBxgnXn7X,Foxboro Pavement Rehabilitation Project - Phase 1,City of Hercules,Contra Costa,Hercules,Closed,construction,foxboro-pavement-rehabilitation-project-phase-1-city-of-hercules,64,yes,results,construction,https://www.bidthebay.com/construction-project-details/foxboro-pavement-rehabilitation-project-phase-1-city-of-hercules/r/recyLnkPCBxgnXn7X,2026-08-12T00:00:48-07:00,615,no,,recently_closed,no
recyM8GNitemAxkOx,Cold Plane AC Pavement & RHMA (Gap Graded) (Bonded Wearing Course),California Department of Transportation (Caltrans),San Francisco,San Francisco,Closed,construction,cold-plane-ac-pavement-rhma-gap-graded-bonded-wearing-course-cal-trans-district-4,81,yes,results,construction,https://www.bidthebay.com/construction-project-details/cold-plane-ac-pavement-rhma-gap-graded-bonded-wearing-course-cal-trans-district-4/r/recyM8GNitemAxkOx,2026-09-07T15:50:31-07:00,178,yes,,award_results,no
recyOcPheVGs2pQxX,UCB Bancroft Student Housing Building BP #12 - Window Shades,UC Berkeley,Alameda,Berkeley,Closed,construction,ucb-bancroft-student-housing-building-bp-12-window-shades-uc-berkeley,69,yes,results,construction,https://www.bidthebay.com/construction-project-details/ucb-bancroft-student-housing-building-bp-12-window-shades-uc-berkeley/r/recyOcPheVGs2pQxX,2026-07-15T06:33:56-07:00,255,no,,recently_closed,no
recyPbJB4hIyIEr8q,2026 Street Slurry Project,City of Menlo Park,San Mateo,Menlo Park,Closed,construction,2026-street-slurry-project-city-of-menlo-park,45,yes,results,construction,https://www.bidthebay.com/construction-project-details/2026-street-slurry-project-city-of-menlo-park/r/recyPbJB4hIyIEr8q,2026-03-24T08:58:47-07:00,553,yes,,award_results,no
recyQQtLYkarxcwdp,"Install Trash Capture Devices, Construct Maintenance Vehicle Pullouts",California Department of Transportation (Caltrans),Santa Clara,Various ,Closed,construction,install-trash-capture-devices-construct-maintenance-vehicle-pullouts-cal-trans-district-4,89,yes,results,construction,https://www.bidthebay.com/construction-project-details/install-trash-capture-devices-construct-maintenance-vehicle-pullouts-cal-trans-district-4/r/recyQQtLYkarxcwdp,2026-09-07T15:50:31-07:00,208,yes,,award_results,no
recyRFNo5myG19fMk,On-Call Gate and Overhead Door Services,County of San Mateo,San Mateo,Various,Closed,construction,on-call-gate-and-overhead-door-services-county-of-san-mateo,59,yes,results,construction,https://www.bidthebay.com/construction-project-details/on-call-gate-and-overhead-door-services-county-of-san-mateo/r/recyRFNo5myG19fMk,2026-08-13T00:01:45-07:00,1597,no,,recently_closed,no
recyT6vzeKKmW92Oa,CHP Hayward Area office - Generator Maintenance Services,California Highway Patrol,Alameda,Hayward,Closed,construction,chp-hayward-area-office-generator-maintenance-services-california-highway-patrol,80,yes,results,construction,https://www.bidthebay.com/construction-project-details/chp-hayward-area-office-generator-maintenance-services-california-highway-patrol/r/recyT6vzeKKmW92Oa,2026-06-18T09:45:30-07:00,155,no,,recently_closed,no
recyULJH4ZdXvOPgd,8th Street Warning System Repair,Sonoma-Marin Area Rail Transit (SMART),Sonoma,Schellville,Open,construction,8th-street-warning-system-repair-schellville,44,yes,open,construction,https://www.bidthebay.com/construction-project-details/8th-street-warning-system-repair-schellville/r/recyULJH4ZdXvOPgd,2026-09-09T20:38:34-07:00,899,no,,open_solicitation,no
recyVUw7eekG10Wnr,"Cargo Building 626.1 - Overhead Doors, Loading Dock Equipment",San Francisco International Airport,San Mateo,San Francisco,Closed,construction,cargo-building-626-1-overhead-doors-loading-dock-equipment-san-francisco-international-airport-sfo,98,no,,,,2026-09-07T10:43:39-07:00,1314,no,,closed_stale_no_results,no
recyVXksIOsWKwz2f,Callan Boulevard Water Main Replacement Project,City of Daly City,San Mateo,Daly City,Closed,construction,callan-boulevard-water-main-replacement-project-city-of-daly-city,65,yes,results,construction,https://www.bidthebay.com/construction-project-details/callan-boulevard-water-main-replacement-project-city-of-daly-city/r/recyVXksIOsWKwz2f,2026-08-17T01:56:40-07:00,435,yes,,award_results,no
recyWPfjLsVDbsayH,Fleet Division Garage Shop Infrastructure Update (Vehicle Lifts),City of Hayward,Alameda,Hayward,Open,construction,fleet-division-garage-shop-infrastructure-update-vehicle-lifts-city-of-hayward,78,yes,open,construction,https://www.bidthebay.com/construction-project-details/fleet-division-garage-shop-infrastructure-update-vehicle-lifts-city-of-hayward/r/recyWPfjLsVDbsayH,2026-08-21T10:57:58-07:00,1070,no,,open_solicitation,no
recyWgOjq604JlO2N,"Various Sites Roof Repairs - Bay Farm Elementary School, Otis Elementary School and Alameda Science & Technology Institute",Alameda Unified School District,Alameda,Alameda,Closed,construction,various-sites-roof-repairs-bay-farm-elementary-school-otis-elementary-school-and-alameda-science-technology-institute-alameda-unified-school-district,149,yes,results,construction,https://www.bidthebay.com/construction-project-details/various-sites-roof-repairs-bay-farm-elementary-school-otis-elementary-school-and-alameda-science-technology-institute-alameda-unified-school-district/r/recyWgOjq604JlO2N,2026-03-06T22:13:48-08:00,92,yes,,award_results,no
recyYmqGAYJE0olIx,2026 Ross Valley Slurry Seal Project,Town of San Anselmo,Marin,San Anselmo / Fairfax / Ross,Closed,construction,2026-ross-valley-slurry-seal-project-town-of-san-anselmo,56,yes,results,construction,https://www.bidthebay.com/construction-project-details/2026-ross-valley-slurry-seal-project-town-of-san-anselmo/r/recyYmqGAYJE0olIx,2026-06-03T00:06:43-07:00,262,no,,recently_closed,no
recyapDVy1ttgDjzD,Cafeteria Painting - 8 Schools - Project,San Francisco Unified School District,San Francisco,San Francisco,Closed,construction,cafeteria-painting-8-schools-project-san-francisco-unified-school-district,74,no,,,,2026-03-28T09:47:26-07:00,517,no,,closed_stale_no_results,no
recybn0OWzGWp6LQ4,LSCC Window Covering Upgrade Project - Rebid,City of Palo Alto,Santa Clara,Palo Alto,Closed,construction,lscc-window-covering-upgrade-project-rebid-city-of-palo-alto,60,yes,results,construction,https://www.bidthebay.com/construction-project-details/lscc-window-covering-upgrade-project-rebid-city-of-palo-alto/r/recybn0OWzGWp6LQ4,2026-07-21T05:58:05-07:00,1099,yes,,award_results,no
recyhdCzxYcfTqKDO,Lincoln Ave/Marshall Way/Pacific Ave Advanced Striping Project,City of Alameda,Alameda,Alameda,Closed,construction,lincoln-ave-marshall-way-pacific-ave-advanced-striping-project-city-of-alameda,78,yes,results,construction,https://www.bidthebay.com/construction-project-details/lincoln-ave-marshall-way-pacific-ave-advanced-striping-project-city-of-alameda/r/recyhdCzxYcfTqKDO,2026-09-09T00:02:08-07:00,498,no,,recently_closed,no
recyipssYjFknafXj,Architectural Pre-Design Services for the Vineyards at Marsh Creek Event Center/Amphitheater Project,City of Brentwood,Contra Costa,Brentwood ,Closed,professional services,architectural-pre-design-services-for-the-vineyards-at-marsh-creek-event-center-amphitheater-project-city-of-brentwood,118,yes,results,professional services,https://www.bidthebay.com/professional-services-project-details/architectural-pre-design-services-for-the-vineyards-at-marsh-creek-event-center-amphitheater-project-city-of-brentwood/r/recyipssYjFknafXj,2026-04-11T10:49:50-07:00,135,no,,recently_closed,no
recyohKZ2mZxRYVVM,"Replace Pump Station 840 Generator, GOGA",National Park Service,Marin,Sausalito,Closed,construction,replace-pump-station-840-generator-goga-national-park-service,61,no,,,,2026-04-11T10:48:10-07:00,1937,no,,closed_stale_no_results,no
recypH9wfNgT7Ok5J,"Play Striping Improvements at Sun Valley Elementary School, San Pedro Elementary School, Bahia Vista Elementary School, and Glenwood Elementary School",San Rafael City Schools,Marin,San Rafael,Closed,construction,play-striping-improvements-at-sun-valley-elementary-school-san-pedro-elementary-school-bahia-vista-elementary-school-and-glenwood-elementary-school-san-rafael-city-schools,171,yes,results,construction,https://www.bidthebay.com/construction-project-details/play-striping-improvements-at-sun-valley-elementary-school-san-pedro-elementary-school-bahia-vista-elementary-school-and-glenwood-elementary-school-san-rafael-city-schools/r/recypH9wfNgT7Ok5J,2026-05-13T09:30:36-07:00,204,yes,,award_results,no
recyq4Mb1rTmDwlsO,Public Works Wastewater Division On-Call Construction Management Services,City of Pacifica,San Mateo,Pacifica,Open,professional services,public-wastewater-division-call-construction-pacifica,53,yes,open,professional services,https://www.bidthebay.com/professional-services-project-details/public-wastewater-division-call-construction-pacifica/r/recyq4Mb1rTmDwlsO,2026-09-08T09:23:50-07:00,1487,no,,open_solicitation,no
recyqa5E2SGJTwsKz,"Non-Routine and Routine Electrical Services in Alameda, Contra Costa, Marin, Napa, San Francisco, San Mateo, Santa Clara, Solano, and Sonoma Counties",California Department of Transportation (Caltrans),Alameda; Contra Costa; Marin; Napa; San Francisco; San Mateo; Santa Clara; Solano; Sonoma,Various Cities,Closed,construction,non-routine-and-routine-electrical-services-in-alameda-contra-costa-marin-napa-san-francisco-san-mateo-santa-clara-solano-and-sonoma-counties-cal-trans-district-4,162,yes,results,construction,https://www.bidthebay.com/construction-project-details/non-routine-and-routine-electrical-services-in-alameda-contra-costa-marin-napa-san-francisco-san-mateo-santa-clara-solano-and-sonoma-counties-cal-trans-district-4/r/recyqa5E2SGJTwsKz,2026-09-07T15:50:31-07:00,0,yes,No description at all,award_results,no
recysNYtU3U9nU7bQ,Sea Cloud Park Batting Cage Extension,City of Foster City,San Mateo,Foster City,Closed,construction,sea-cloud-park-batting-cage-extension-city-of-foster-city,57,yes,results,construction,https://www.bidthebay.com/construction-project-details/sea-cloud-park-batting-cage-extension-city-of-foster-city/r/recysNYtU3U9nU7bQ,2026-08-13T00:01:42-07:00,621,no,,recently_closed,no
recysd7m8IgkYfWcD,Grattan Elementary School - Waterproofing Existing Retaining Wall,San Francisco Unified School District,San Francisco,San Francisco,Closed,construction,grattan-elementary-school-waterproofing-existing-retaining-wall-san-francisco-unified-school-district,101,yes,results,construction,https://www.bidthebay.com/construction-project-details/grattan-elementary-school-waterproofing-existing-retaining-wall-san-francisco-unified-school-district/r/recysd7m8IgkYfWcD,2026-07-06T10:25:11-07:00,108,yes,,award_results,no
recyua9BhpTVvLWRO,Centerville Community Park Expansion Project,City of Fremont,Alameda,Fremont,Closed,construction,centerville-community-park-expansion-project-city-of-fremont,60,yes,results,construction,https://www.bidthebay.com/construction-project-details/centerville-community-park-expansion-project-city-of-fremont/r/recyua9BhpTVvLWRO,2026-09-10T09:14:28-07:00,187,yes,,award_results,no
recyudCHjEMAXrvKK,"UCB BCEC EHCP – Metal Framing/Drywall, Insulation, Plaster, Fireproofing – Work Package 22",UC Berkeley,Alameda,Berkeley,Closed,construction,ucb-bcec-ehcp-metal-framing-drywall-insulation-plaster-fireproofing-work-package-22-uc-berkeley,95,yes,results,construction,https://www.bidthebay.com/construction-project-details/ucb-bcec-ehcp-metal-framing-drywall-insulation-plaster-fireproofing-work-package-22-uc-berkeley/r/recyudCHjEMAXrvKK,2026-08-03T00:33:10-07:00,263,yes,,award_results,no
recyvP98RV8S4aKvr,2026 Sanitary Sewer Improvement Project,City of Mill Valley,Marin,Mill Valley,Closed,construction,2026-sanitary-sewer-improvement-project-city-of-mill-valley,59,yes,results,construction,https://www.bidthebay.com/construction-project-details/2026-sanitary-sewer-improvement-project-city-of-mill-valley/r/recyvP98RV8S4aKvr,2026-03-18T03:27:03-07:00,972,yes,,award_results,no
recywbpXk3XH06jFD,"Fire Sprinklers and Fire Suppression Systems Inspection, Maintenance, and Repair Services",City of Burlingame,San Mateo,Burlingame,Closed,construction,fire-sprinklers-and-fire-suppression-systems-inspection-maintenance-and-repair-services-city-of-burlingame,106,yes,results,construction,https://www.bidthebay.com/construction-project-details/fire-sprinklers-and-fire-suppression-systems-inspection-maintenance-and-repair-services-city-of-burlingame/r/recywbpXk3XH06jFD,2026-07-02T00:04:54-07:00,755,no,,recently_closed,no
recz3YzzKnDJPF1nJ,On-Call Lighting Repair Project 2026,Solano County,Solano,Various Cities,Closed,construction,on-call-lighting-repair-project-2026-solano-county,50,yes,results,construction,https://www.bidthebay.com/construction-project-details/on-call-lighting-repair-project-2026-solano-county/r/recz3YzzKnDJPF1nJ,2026-06-26T08:30:56-07:00,187,yes,,award_results,no
recz7y0bmvDYpYkGs,Student Union Rooftop HVAC Unit Replacement,Contra Costa Community College District,Contra Costa,Pleasant Hill,Open,construction,student-union-rooftop-hvac-unit-replacement-contra-costa-community-college-district,83,yes,open,construction,https://www.bidthebay.com/construction-project-details/student-union-rooftop-hvac-unit-replacement-contra-costa-community-college-district/r/recz7y0bmvDYpYkGs,2026-09-10T11:48:32-07:00,652,no,,open_solicitation,no
recz8Chmfjs12hG7x,Menlo-Atherton High School Pool Replastering,Sequoia Union High School District,San Mateo,Atherton,Closed,construction,menlo-atherton-high-school-pool-replastering-sequoia-union-high-school-district,79,yes,results,construction,https://www.bidthebay.com/construction-project-details/menlo-atherton-high-school-pool-replastering-sequoia-union-high-school-district/r/recz8Chmfjs12hG7x,2026-07-08T21:42:41-07:00,215,yes,,award_results,no
recz9e8FjOXWGHbJU,On-Call Contracts for Engineering and Design Services,City of Sunnyvale,Santa Clara,Sunnyvale,Open,professional services,on-call-contracts-for-engineering-and-design-services-city-of-sunnyvale,71,yes,open,professional services,https://www.bidthebay.com/professional-services-project-details/on-call-contracts-for-engineering-and-design-services-city-of-sunnyvale/r/recz9e8FjOXWGHbJU,2026-09-03T09:50:50-07:00,1156,no,,open_solicitation,no
reczCMjCcujLNgspx,The Gardens at Campus Rec Project,Sonoma State University ,Sonoma,Rohnert Park,Closed,construction,the-gardens-at-campus-rec-project-sonoma-state-university,57,yes,results,construction,https://www.bidthebay.com/construction-project-details/the-gardens-at-campus-rec-project-sonoma-state-university/r/reczCMjCcujLNgspx,2026-08-04T00:04:04-07:00,261,no,,recently_closed,no
reczDQlp535URRyTn,UCB EHCP – Increment 6 – WP-21: Grading and Paving,UC Berkeley,Alameda,Berkeley,Closed,construction,ucb-ehcp-increment-6-wp-21-grading-and-paving-uc-berkeley,57,yes,results,construction,https://www.bidthebay.com/construction-project-details/ucb-ehcp-increment-6-wp-21-grading-and-paving-uc-berkeley/r/reczDQlp535URRyTn,2026-09-10T00:02:05-07:00,263,no,,recently_closed,no
reczDvRNqvD8Jf1d2,Lakewood Elementary School - Playground Modernization and Exterior Campus Painting Project,Sunnyvale School District,Santa Clara,Sunnyvale ,Closed,construction,lakewood-elementary-school-playground-modernization-and-exterior-campus-painting-project-sunnyvale-school-district,114,no,,,,2026-05-22T17:55:39-07:00,447,no,,closed_stale_no_results,no
reczF4FWgaoWJCAI3,Rejected: Citywide Public Safety Cameras Project,City of Benicia,Solano,Benicia,Closed,construction,rejected-citywide-public-safety-cameras-project-city-of-benicia,63,no,,,,2026-07-21T06:01:56-07:00,259,no,,closed_stale_no_results,no
reczGFOYJyeRDcR3Y,Fire Station 90 & District 3 Youth Center Project,Contra Costa County,Contra Costa,Brentwood,Closed,construction; professional services,fire-station-90-district-3-youth-center-project-contra-costa-county,67,yes,results,construction,https://www.bidthebay.com/construction-project-details/fire-station-90-district-3-youth-center-project-contra-costa-county/r/reczGFOYJyeRDcR3Y,2026-08-19T00:03:57-07:00,797,no,,multi_category_provisional_construction,yes
reczHq50cFMJFD7sU,Mission Bay Ferry Landing Phase 2B and Agua Vista Park,San Francisco Public Works,San Francisco,San Francisco,Closed,construction,mission-bay-ferry-landing-phase-2b-and-agua-vista-park-san-francisco-department-of-public-works,95,yes,results,construction,https://www.bidthebay.com/construction-project-details/mission-bay-ferry-landing-phase-2b-and-agua-vista-park-san-francisco-department-of-public-works/r/reczHq50cFMJFD7sU,2026-09-09T18:17:16-07:00,0,yes,No description at all,award_results,no
reczITPbxkLdocl8M,Thermoplastic Crosswalk Installation at Coast Guard Base Alameda,U.S. Coast Guard,Alameda,Alameda,Open,construction,thermoplastic-crosswalk-installation-at-coast-guard-base-alameda-us-coast-guard,79,yes,open,construction,https://www.bidthebay.com/construction-project-details/thermoplastic-crosswalk-installation-at-coast-guard-base-alameda-us-coast-guard/r/reczITPbxkLdocl8M,2026-09-07T10:27:26-07:00,557,no,,open_solicitation,no
reczJZomyqeBrwHhU,Coyote Station Triple Eccentric Valves,Santa Clara Valley Water District,Santa Clara,San Jose,Closed,construction,coyote-station-triple-eccentric-valves-santa-clara-valley-water-district,72,yes,results,construction,https://www.bidthebay.com/construction-project-details/coyote-station-triple-eccentric-valves-santa-clara-valley-water-district/r/reczJZomyqeBrwHhU,2026-03-30T10:20:10-07:00,191,yes,,award_results,no
reczKnSK32ZeB37i5,Venetian Terrace Regional Stormwater Capture,City of San Jose,Santa Clara,San Jose,Closed,construction,venetian-terrace-regional-stormwater-capture-city-of-san-jose,61,yes,results,construction,https://www.bidthebay.com/construction-project-details/venetian-terrace-regional-stormwater-capture-city-of-san-jose/r/reczKnSK32ZeB37i5,2026-09-04T01:05:55-07:00,290,yes,,award_results,no
reczKtEEFf4dCdEe1,Phillips Campus Renovation and Site Development Project, Sausalito Marin City School District,Marin,Sausalito,Closed,construction,phillips-campus-renovation-and-site-development-project-sausalito-marin-city-school-district,92,yes,results,construction,https://www.bidthebay.com/construction-project-details/phillips-campus-renovation-and-site-development-project-sausalito-marin-city-school-district/r/reczKtEEFf4dCdEe1,2026-08-26T00:05:12-07:00,393,no,,recently_closed,no
reczM7QQQ9NwfqEby,Parks Administrative Building Window Shade and Film Installation Services,County of Santa Clara,Santa Clara,Santa Clara,Closed,construction,parks-administrative-building-window-shade-and-film-installation-services-county-of-santa-clara,95,yes,results,construction,https://www.bidthebay.com/construction-project-details/parks-administrative-building-window-shade-and-film-installation-services-county-of-santa-clara/r/reczM7QQQ9NwfqEby,2026-07-06T06:38:03-07:00,296,no,,recently_closed,no
reczP4o4xWg2J0FLj,Tang Center Elevators Replacement,UC Berkeley,Alameda,Berkeley,Closed,construction,tang-center-elevators-replacement-uc-berkeley,45,yes,results,construction,https://www.bidthebay.com/construction-project-details/tang-center-elevators-replacement-uc-berkeley/r/reczP4o4xWg2J0FLj,2026-05-01T07:24:33-07:00,228,yes,,award_results,no
reczPvHxIWHzwYZ2C,Various Design and Engineering Subconsultants ,City and County of San Francisco,San Francisco,San Francisco,Closed,professional services,various-design-and-engineering-subconsultants-city-and-county-of-san-francisco,78,yes,results,professional services,https://www.bidthebay.com/professional-services-project-details/various-design-and-engineering-subconsultants-city-and-county-of-san-francisco/r/reczPvHxIWHzwYZ2C,2026-08-22T00:04:58-07:00,989,no,,recently_closed,no
reczQpVvYbeZEFSQn,West Valley College - Performing Arts Center LOR,West Valley Mission Community College District,Santa Clara,Saratoga,Closed,professional services,west-valley-college-performing-arts-center-lor-west-valley-mission-community-college-district,93,yes,results,professional services,https://www.bidthebay.com/professional-services-project-details/west-valley-college-performing-arts-center-lor-west-valley-mission-community-college-district/r/reczQpVvYbeZEFSQn,2026-09-07T10:30:48-07:00,0,yes,No description at all,award_results,no
reczRTbBu85InyOmz,Professional Services for Design and Construction Support for Renovations at 922 East California Avenue,City of Sunnyvale ,Santa Clara,Sunnyvale,Closed,professional services,professional-services-for-design-and-construction-support-for-renovations-at-922-east-california-avenue-city-of-sunnyvale,121,no,,,,2026-04-11T10:48:58-07:00,2594,no,,closed_stale_no_results,no
reczSMVuTwGYBgDdU,HVAC Maintenance & Repairs,Vallejo Flood and Wastewater District,Solano,Vallejo,Closed,construction,hvac-maintenance-repairs-vallejo-flood-wastewater-district,58,yes,results,construction,https://www.bidthebay.com/construction-project-details/hvac-maintenance-repairs-vallejo-flood-wastewater-district/r/reczSMVuTwGYBgDdU,2026-09-07T11:36:49-07:00,223,no,,recently_closed,no
reczUhHJPulRq1inw,School Street Feasibility Concept Development and Implementation Study,Town of Moraga,Contra Costa,Moraga,Closed,professional services,school-street-feasibility-concept-development-and-implementation-study-town-of-moraga,85,yes,results,professional services,https://www.bidthebay.com/professional-services-project-details/school-street-feasibility-concept-development-and-implementation-study-town-of-moraga/r/reczUhHJPulRq1inw,2026-07-09T00:02:28-07:00,728,no,,recently_closed,no
reczViNFnyzMcP13I,Emerald Glen Park Baseball Fields Improvement – Chain Link Fencing,Dublin Unified School District,Alameda,Dublin,Closed,construction,emerald-glen-park-baseball-fields-improvement-chain-link-fencing-dublin-unified-school-district,95,no,,,,2026-07-10T12:08:45-07:00,57,no,,closed_stale_no_results,no
reczWdiLEImaoJWtp,WRD SCADA Network Replacement Project,City of Livermore,Alameda,Livermore,Closed,construction,wrd-scada-network-replacement-project-city-of-livermore,55,no,,,,2026-07-14T03:33:26-07:00,0,no,No description at all,closed_stale_no_results,no
reczXG7qTEM9uqXUh,George Rush Stadium Roof Replacement and Child Development Center Roof Maintenance,City College of San Francisco,San Francisco,San Francisco,Closed,construction,george-rush-stadium-roof-replacement-and-child-development-center-roof-maintenance-city-college-of-san-francisco,112,no,,,,2026-04-15T05:23:39-07:00,290,no,,closed_stale_no_results,no
reczXVXA6c6xTSjzB,Replace Carpet at USCG Base Alameda,U.S. Coast Guard,Alameda,Alameda,Closed,construction,replace-carpet-at-uscg-base-alameda-us-coast-guard,50,yes,results,construction,https://www.bidthebay.com/construction-project-details/replace-carpet-at-uscg-base-alameda-us-coast-guard/r/reczXVXA6c6xTSjzB,2026-09-07T10:27:01-07:00,968,no,,recently_closed,no
reczZjZOYWXXRKs8S,Professional Design Services for the City of Orinda HSIP Projects,City of Orinda,Contra Costa,Orinda ,Closed,professional services,professional-design-services-for-the-city-of-orinda-hsip-projects-city-of-orinda,80,no,,,,2026-03-30T09:23:00-07:00,206,no,,closed_stale_no_results,no
recza7k94RPpQSrFg,UCB EHCP – Increment 3 – WP-04: Plumbing  ,UC Berkeley,Alameda,Berkeley,Closed,construction,ucb-ehcp-increment-3-wp-04-plumbing-uc-berkeley,47,yes,results,construction,https://www.bidthebay.com/construction-project-details/ucb-ehcp-increment-3-wp-04-plumbing-uc-berkeley/r/recza7k94RPpQSrFg,2026-07-10T11:56:17-07:00,313,yes,,award_results,no
recza9PydlBaOTLRW,Building Foundation Investigation and Foundation Remediation Work at City of Richmond Fire Station No. 63,City of Richmond,Contra Costa,Richmond,Closed,construction; professional services,building-foundation-investigation-and-foundation-remediation-work-at-city-of-richmond-fire-station-no-63-city-of-richmond,121,yes,results,construction,https://www.bidthebay.com/construction-project-details/building-foundation-investigation-and-foundation-remediation-work-at-city-of-richmond-fire-station-no-63-city-of-richmond/r/recza9PydlBaOTLRW,2026-04-16T17:00:53-07:00,655,no,,multi_category_provisional_construction,yes
reczcJziCJRlKPUZG,Westwood Hills Broom Removal Project,Napa County Resource Conservation District,Napa,Napa,Open,construction,westwood-hills-broom-removal-project-napa-county-resource-conservation-district,79,yes,open,construction,https://www.bidthebay.com/construction-project-details/westwood-hills-broom-removal-project-napa-county-resource-conservation-district/r/reczcJziCJRlKPUZG,2026-08-25T10:47:58-07:00,1445,no,,open_solicitation,no
reczeSsZOoRVCz9tj,UCB EHCP – Increment 3 – WP-05: Mechanical & Controls  ,UC Berkeley,Alameda,Berkeley,Closed,construction,ucb-ehcp-increment-3-wp-05-mechanical-controls-uc-berkeley,58,yes,results,construction,https://www.bidthebay.com/construction-project-details/ucb-ehcp-increment-3-wp-05-mechanical-controls-uc-berkeley/r/reczeSsZOoRVCz9tj,2026-07-10T11:55:57-07:00,373,yes,,award_results,no
reczepAEKKAQNE64p,Various Locations Pavement Renovation No. 82 and Sewer Replacement - Rebid,San Francisco Public Works,San Francisco,San Francisco,Closed,construction,various-locations-pavement-renovation-no-82-and-sewer-replacement-rebid-san-francisco-department-of-public-works,112,yes,results,construction,https://www.bidthebay.com/construction-project-details/various-locations-pavement-renovation-no-82-and-sewer-replacement-rebid-san-francisco-department-of-public-works/r/reczepAEKKAQNE64p,2026-09-07T11:37:33-07:00,202,yes,,award_results,no
reczfDpF2hJWiqIDR,Architectural and Engineering Professional Services New Fire Station No. 27,City of San Mateo,San Mateo,San Mateo,Open,professional services,architectural-and-engineering-professional-services-new-fire-station-no-27-city-of-san-mateo,92,yes,open,professional services,https://www.bidthebay.com/professional-services-project-details/architectural-and-engineering-professional-services-new-fire-station-no-27-city-of-san-mateo/r/reczfDpF2hJWiqIDR,2026-09-10T11:39:36-07:00,556,no,,open_solicitation,no
reczfhkxbHhLJ8M0F,2025 Concrete Reconstruction Project,City of Cupertino,Santa Clara,Cupertino,Closed,construction,2025-concrete-reconstruction-project-city-of-cupertino,54,yes,results,construction,https://www.bidthebay.com/construction-project-details/2025-concrete-reconstruction-project-city-of-cupertino/r/reczfhkxbHhLJ8M0F,2026-03-24T08:35:14-07:00,394,yes,,award_results,no
reczjRexGrcnvT0et,Cargo Building 626.1 - Overhead Coiling Doors and Loading Dock Equipment,San Francisco International Airport,San Mateo,San Francisco,Closed,construction,cargo-building-626-1-overhead-coiling-doors-and-loading-dock-equipment-san-francisco-international-airport-sfo,110,yes,results,construction,https://www.bidthebay.com/construction-project-details/cargo-building-626-1-overhead-coiling-doors-and-loading-dock-equipment-san-francisco-international-airport-sfo/r/reczjRexGrcnvT0et,2026-09-07T10:43:39-07:00,1131,no,,recently_closed,no
reczl0rQWlDY59mHx,Digester Rehabilitation Project Phase 1 ,Oro Loma Sanitary District,Alameda,San Lorenzo,Closed,construction,digester-rehabilitation-project-phase-1-oro-loma-sanitary-district,66,no,,,,2026-04-16T17:00:43-07:00,0,no,No description at all,closed_stale_no_results,no
reczna0G0LJ7Xk1Nx,Construction Management Services for Giant Road Bridge Repair Project Giant Road Pavement Rehabilitation,City of San Pablo ,Contra Costa,San Pablo,Closed,professional services,construction-management-services-for-giant-road-bridge-repair-project-giant-road-pavement-rehabilitation-city-of-san-pablo,122,yes,results,professional services,https://www.bidthebay.com/professional-services-project-details/construction-management-services-for-giant-road-bridge-repair-project-giant-road-pavement-rehabilitation-city-of-san-pablo/r/reczna0G0LJ7Xk1Nx,2026-07-24T00:02:02-07:00,125,no,,recently_closed,no
recznfKV1urmvOwls,Electrical Maintenance and Repair Services,California Department of Transportation (Caltrans),Alameda,Oakland,Open,construction,electrical-maintenance-and-repair-services-cal-trans-district-4,63,yes,open,construction,https://www.bidthebay.com/construction-project-details/electrical-maintenance-and-repair-services-cal-trans-district-4/r/recznfKV1urmvOwls,2026-09-07T15:50:31-07:00,243,no,,open_solicitation,no
reczppCLR6BWpr1AU,Installation of Above Ground Diesel Fuel Storage Tanks,Central Contra Costa Transit Authority,Contra Costa,Concord,Closed,construction,installation-of-above-ground-diesel-fuel-storage-tanks-central-contra-costa-transit-authority,93,no,,,,2026-04-11T10:48:35-07:00,215,no,,closed_stale_no_results,no
reczqCMiqGU3JTNaA,Electrical Replacement Phase 2 – Suisun Pump Station,Fairfield-Suisun Sewer District,Solano,Fairfield,Closed,construction,electrical-replacement-phase-2-suisun-pump-station-fairfield-suisun-sewer-district,82,yes,results,construction,https://www.bidthebay.com/construction-project-details/electrical-replacement-phase-2-suisun-pump-station-fairfield-suisun-sewer-district/r/reczqCMiqGU3JTNaA,2026-05-21T17:09:44-07:00,805,no,,recently_closed,no
reczquDpI9SflKv0D,Asset Protection - Electrical,Solano County,Solano,Fairfield,Closed,construction,asset-protection-electrical-solano-county,41,no,,,,2026-03-28T10:10:09-07:00,728,no,,closed_stale_no_results,no
reczw0uBaGkvapXR3,Mission Bay ECDC - BP 1.2: Electrical,University of California San Francisco,San Francisco,San Francisco,Open,construction,mission-bay-ecdc-bp-1-2-electrical-university-of-california-san-francisco,73,yes,open,construction,https://www.bidthebay.com/construction-project-details/mission-bay-ecdc-bp-1-2-electrical-university-of-california-san-francisco/r/reczw0uBaGkvapXR3,2026-09-08T08:17:26-07:00,451,no,,open_solicitation,no
reczzpVcq66BKa1aj,"Cold Plane AC Pavement, Place HMA (Type A) & RHMA (Gap Graded)",California Department of Transportation (Caltrans),Santa Clara,Gilroy,Closed,construction,cold-plane-ac-pavement-place-hma-type-a-rhma-gap-graded-cal-trans-district-4,76,yes,results,construction,https://www.bidthebay.com/construction-project-details/cold-plane-ac-pavement-place-hma-type-a-rhma-gap-graded-cal-trans-district-4/r/reczzpVcq66BKa1aj,2026-09-07T15:50:31-07:00,249,yes,,award_results,no
reczztaUmWADGvIFA,"Traffic Signal Maintenance, On-Call Support, and Emergency Repair Services",City of Union City,Alameda,Union City,Closed,construction,traffic-signal-maintenance-on-call-support-and-emergency-repair-services-city-of-union-city,91,no,,,,2026-04-11T10:49:50-07:00,136,no,,closed_stale_no_results,no
